bank_name,location,full_text
Aareal Bank,Wiesbaden - Germany,Aareal Bank (Wiesbaden - Germany)
Aargauische Kantonalbank,Aarau - Switzerland,Aargauische Kantonalbank (Aarau - Switzerland)
AB SEB bankas,Vilnius - Lithuania,AB SEB bankas (Vilnius - Lithuania)
Abanca Corporacion Bancaria SA,ABANCA,Abanca Corporacion Bancaria SA (ABANCA) (La Coruña - Spain)
Abank,San Salvador - El Salvador,Abank (San Salvador - El Salvador)
Abanka,Ljubljana - Slovenia,Abanka (Ljubljana - Slovenia)
Abay Bank,Addis Ababa - Ethiopia,Abay Bank (Addis Ababa - Ethiopia)
ABC Banking Corporation,Port Louis - Mauritius,ABC Banking Corporation (Port Louis - Mauritius)
ABC Capital Bank,Kampala - Uganda,ABC Capital Bank (Kampala - Uganda)
ABC International Bank,London - UK,ABC International Bank (London - GB)
ABC Islamic Bank,Manama - Bahrain,ABC Islamic Bank (Manama - Bahrain)
ABI Bank,St John`s - Antigua and Barbuda,ABI Bank (St John`s - Antigua and Barbuda)
Abington Bancorp,Abington (MA,Abington Bancorp (Abington (MA) - US)
ABLV Bank,Riga - Latvia,ABLV Bank (Riga - Latvia)
ABN AMRO Bank Chile,Santiago - Chile,ABN AMRO Bank Chile (Santiago - Chile)
ABN Amro Bank China,Shanghai - China,ABN Amro Bank China (Shanghai - China)
ABN AMRO Bank Malaysia,Kuala Lumpur - Malaysia,ABN AMRO Bank Malaysia (Kuala Lumpur - Malaysia)
ABN AMRO Bank Poland,Warsaw - Poland,ABN AMRO Bank Poland (Warsaw - Poland)
ABN Amro Group,Amsterdam - Netherlands,ABN Amro Group (Amsterdam - Netherlands)
Absa Bank Botswana,Gabarone - Botswana,Absa Bank Botswana (Gabarone - Botswana)
Absa Bank Ghana,Accra - Ghana,Absa Bank Ghana (Accra - Ghana)
Absa Bank Kenya,Nairobi - Kenya,Absa Bank Kenya (Nairobi - Kenya)
Absa Bank Mauritius,Ebene - Mauritius,Absa Bank Mauritius (Ebene - Mauritius)
Absa Bank Mozambique,Maputo - Mozambique,Absa Bank Mozambique (Maputo - Mozambique)
Absa Bank Seychelles,Victoria - Seychelles,Absa Bank Seychelles (Victoria - Seychelles)
Absa Bank Tanzania,Dar Es Salaam - Tanzania,Absa Bank Tanzania (Dar Es Salaam - Tanzania)
Absa Bank Uganda,Kampala - Uganda,Absa Bank Uganda (Kampala - Uganda)
ABSA Bank Zambia,Lusaka - Zambia,ABSA Bank Zambia (Lusaka - Zambia)
ABSA Group,Johannesburg - South Africa,ABSA Group (Johannesburg - South Africa)
Absa Group Limited,Johannesburg - South Africa,Absa Group Limited (Johannesburg - South Africa)
Absolut Bank,Moscow - Russia,Absolut Bank (Moscow - Russia)
Absolutbank,Minsk - Belarus,Absolutbank (Minsk - Belarus)
Abu Dhabi Commercial Bank,Abu Dhabi - United Arab Emirates,Abu Dhabi Commercial Bank (Abu Dhabi - United Arab Emirates)
Abu Dhabi Commercial Bank Egypt,Cairo - Egypt,Abu Dhabi Commercial Bank Egypt (Cairo - Egypt)
Abu Dhabi Commercial Bank India,Mumbai - India,Abu Dhabi Commercial Bank India (Mumbai - India)
Abu Dhabi Islamic Bank,Abu Dhabi - United Arab Emirates,Abu Dhabi Islamic Bank (Abu Dhabi - United Arab Emirates)
Abu Dhabi Islamic Bank Egypt,Cairo - Egypt,Abu Dhabi Islamic Bank Egypt (Cairo - Egypt)
Abu Dhabi Islamic Bank UK,London - UK,Abu Dhabi Islamic Bank UK (London - GB)
Acadiana Bancshares,Lafayette (LA) - US,Acadiana Bancshares (Lafayette (LA) - US)
ACBA Credit Agricole Bank,Yerevan - Armenia,ACBA Credit Agricole Bank (Yerevan - Armenia)
ACC Bank,Dublin - Ireland,ACC Bank (Dublin - Ireland)
Accendo Banco,Mexico City - Mexico,Accendo Banco (Mexico City - Mexico)
Accent Bank,Kiev - Ukraine,Accent Bank (Kiev - Ukraine)
Access Bank,Lagos - Nigeria,Access Bank (Lagos - Nigeria)
Access Bank Angola,Luanda - Angola,Access Bank Angola (Luanda - Angola)
Access Bank Botswana,Gabarone - Botswana,Access Bank Botswana (Gabarone - Botswana)
Access Bank BV,Amsterdam - Netherlands,Access Bank BV (Amsterdam - Netherlands)
Access Bank DR Congo,Kinshasa - DRC Congo,Access Bank DR Congo (Kinshasa - Democratic Republic of the Congo)
Access Bank Gambia,Banjul - Gambia,Access Bank Gambia (Banjul - Gambia The)
Access Bank Ghana,Accra - Ghana,Access Bank Ghana (Accra - Ghana)
Access Bank Kenya,Nairobi - Kenya,Access Bank Kenya (Nairobi - Kenya)
Access Bank Mozambique,Maputo - Mozambique,Access Bank Mozambique (Maputo - Mozambique)
Access Bank Rwanda,Kigali - Rwanda,Access Bank Rwanda (Kigali - Rwanda)
Access Bank Sierra Leone,Freetown - Sierra Leone,Access Bank Sierra Leone (Freetown - Sierra Leone)
Access Bank South Africa,Johannesburg - South Africa,Access Bank South Africa (Johannesburg - South Africa)
Access Bank UK,Northwich - UK,Access Bank UK (Northwich - GB)
Access Bank Zambia,Lusaka - Zambia,Access Bank Zambia (Lusaka - Zambia)
Access National Bank,Reston - US,Access National Bank (Reston - US)
AccessBank,Baku - Azerbaijan,AccessBank (Baku - Azerbaijan)
Achmea Bank,The Hague - Netherlands,Achmea Bank (The Hague - Netherlands)
Achmea Bank,Den Bosch - Netherlands,Achmea Bank (Den Bosch - Netherlands)
Acleda Bank,Phnom Penh - Cambodia,Acleda Bank (Phnom Penh - Cambodia)
Acleda Bank Lao,Vientiane - Laos,Acleda Bank Lao (Vientiane - Laos)
Acleda Bank Myanmar,Yangon - Myanmar,Acleda Bank Myanmar (Yangon - Myanmar)
ACNB Corp,Gettysburg (PA,ACNB Corp (Gettysburg (PA) - US)
Adabank,Istanbul - Turkey,Adabank (Istanbul - Turkey)
ADB,Accra - Ghana,ADB (Accra - Ghana)
Addiko Bank Banja Luka,Banja Luka - Bosnia-Herzegovina,Addiko Bank Banja Luka (Banja Luka - Bosnia and Herzegovina)
Addiko Bank Beograd,Belgrade - Serbia,Addiko Bank Beograd (Belgrade - Serbia)
Addiko Bank Croatia,Zagreb - Croatia,Addiko Bank Croatia (Zagreb - Croatia)
Addiko Bank Group,Klagenfurt - Austria,Addiko Bank Group (Klagenfurt - Austria)
Addiko Bank Montenegro,Podgorica - Montenegro,Addiko Bank Montenegro (Podgorica - Montenegro)
Addiko Bank Sarajevo,Sarajevo - Bosnia-Herzegovina,Addiko Bank Sarajevo (Sarajevo - Bosnia and Herzegovina)
Addiko Bank Slovenia,Ljubljana - Slovenia,Addiko Bank Slovenia (Ljubljana - Slovenia)
Addis International Bank,Addis Ababa - Ethiopia,Addis International Bank (Addis Ababa - Ethiopia)
Adelaide Bank,Adelaide - Australia,Adelaide Bank (Adelaide - Australia)
Adler & Co,Zurich - Switzerland,Adler & Co (Zurich - Switzerland)
Adria Bank,Vienna - Austria,Adria Bank (Vienna - Austria)
Adriatic Bank Belgrade,Belgrade - Serbia,Adriatic Bank Belgrade (Belgrade - Serbia)
Advance Bank,Sydney - Australia,Advance Bank (Sydney - Australia)
Advanced Bank of Asia,ABA Bank,Advanced Bank of Asia (ABA Bank) (Phnom Penh - Cambodia)
Advanta Bank,Wilmington (DE,Advanta Bank (Wilmington (DE) - US)
Aegean Baltic Bank,Athens - Greece,Aegean Baltic Bank (Athens - Greece)
Aeon Bank,Tokyo - Japan,Aeon Bank (Tokyo - Japan)
Affin Bank,Kuala Lumpur - Malaysia,Affin Bank (Kuala Lumpur - Malaysia)
Affin Islamic Bank,Kuala Lumpur - Malaysia,Affin Islamic Bank (Kuala Lumpur - Malaysia)
Afghan United Bank,Kabul - Afghanistan,Afghan United Bank (Kabul - Afghanistan)
Afghanistan International Bank,Kabul - Afghanistan,Afghanistan International Bank (Kabul - Afghanistan)
AFNB Holdings,Houston (TX,AFNB Holdings (Houston (TX) - US)
AfrAsia Bank,Port Louis - Mauritius,AfrAsia Bank (Port Louis - Mauritius)
African Bank Holdings,Midrand - South Africa,African Bank Holdings (Midrand - South Africa)
African Banking Corporation,Nairobi - Kenya,African Banking Corporation (Nairobi - Kenya)
African Banking Corporation Mozambique,Maputo - Mozambique,African Banking Corporation Mozambique (Maputo - Mozambique)
African Banking Corporation Tanzania,Dar Es Salaam - Tanzania,African Banking Corporation Tanzania (Dar Es Salaam - Tanzania)
African Banking Corporation Zimbabwe,Harare - Zimbabwe,African Banking Corporation Zimbabwe (Harare - Zimbabwe)
African Export Import Bank,Afreximbank,African Export Import Bank (Afreximbank) (Cairo - Egypt)
Afriland First Bank,Yaoundé - Cameroon,Afriland First Bank (Yaoundé - Cameroon)
AGBAnk,Baku - Azerbaijan,AGBAnk (Baku - Azerbaijan)
Agibank,Porto Alegre - Brazil,Agibank (Porto Alegre - Brazil)
Agram Banka,Zagreb - Croatia,Agram Banka (Zagreb - Croatia)
Agrani Bank,Dhaka - Bangladesh,Agrani Bank (Dhaka - Bangladesh)
Agricultural Bank Agrobanka,Belgrade - Serbia,Agricultural Bank Agrobanka (Belgrade - Serbia)
Agricultural Bank of China,Beijing - China,Agricultural Bank of China (Beijing - China)
Agricultural Bank of China UK,London - UK,Agricultural Bank of China UK (London - GB)
Agricultural Bank of Greece,Athens - Greece,Agricultural Bank of Greece (Athens - Greece)
Agricultural Bank of Namibia,Windhoek - Namibia,Agricultural Bank of Namibia (Windhoek - Namibia)
Agricultural Bank of Taiwan,Taipei - Taiwan,Agricultural Bank of Taiwan (Taipei - Taiwan)
Agricultural Bank of Zimbabwe,Harare - Zimbabwe,Agricultural Bank of Zimbabwe (Harare - Zimbabwe)
Agricultural Development Bank,Kathmandu - Nepal,Agricultural Development Bank (Kathmandu - Nepal)
Agrobank,Tashkent - Uzbekistan,Agrobank (Tashkent - Uzbekistan)
Agrochimbank,Moscow - Russia,Agrochimbank (Moscow - Russia)
Agroindustrial Commercial Bank,Nis - Serbia,Agroindustrial Commercial Bank (Nis - Serbia)
Agroinvestbank,Dushanbe - Tajikistan,Agroinvestbank (Dushanbe - Tajikistan)
Agropromstroibank,Moscow - Russia,Agropromstroibank (Moscow - Russia)
Ahadu Bank,Addis Ababa - Ethiopia,Ahadu Bank (Addis Ababa - Ethiopia)
Ahli Bank Qatar,Doha - Qatar,Ahli Bank Qatar (Doha - Qatar)
Ahli Bank SAOG,Ruwi - Oman,Ahli Bank SAOG (Ruwi - Oman)
Ahli International Bank,Beirut - Lebanon,Ahli International Bank (Beirut - Lebanon)
Ahli Islamic Bank,Mina Al Fahl - Oman,Ahli Islamic Bank (Mina Al Fahl - Oman)
Ahli United Bank,Manama - Bahrain,Ahli United Bank (Manama - Bahrain)
Ahli United Bank Kuwait,Safat - Kuwait,Ahli United Bank Kuwait (Safat - Kuwait)
Ahli United Bank UK,London - UK,Ahli United Bank UK (London - GB)
Aichi Bank,Nagoya - Japan,Aichi Bank (Nagoya - Japan)
Aichi Financial Group,Nagoya - Japan,Aichi Financial Group (Nagoya - Japan)
Aion Bank,Brussels - Belgium,Aion Bank (Brussels - Belgium)
Airstar Bank,Hong Kong - Hong Kong,Airstar Bank (Hong Kong - Hong Kong S.A.R.)
Airtel Payments Bank,Gurugram - India,Airtel Payments Bank (Gurugram - India)
Aiyl Bank,Bishkek - Kyrgyzstan,Aiyl Bank (Bishkek - Kyrgyzstan)
Ajman Bank,Ajman - United Arab Emirates,Ajman Bank (Ajman - United Arab Emirates)
Ak Bars Bank,Kazan - Russia,Ak Bars Bank (Kazan - Russia)
AKA Export Finance Bank,Frankfurt am Main - Germany,AKA Export Finance Bank (Frankfurt am Main - Germany)
Akabank,Moscow - Russia,Akabank (Moscow - Russia)
AKB KyrgyzKramds bank,Bishkek - Kyrgyzstan,AKB KyrgyzKramds bank (Bishkek - Kyrgyzstan)
Akbank,Istanbul - Turkey,Akbank (Istanbul - Turkey)
Akiba Commercial Bank,Dar Es Salaam - Tanzania,Akiba Commercial Bank (Dar Es Salaam - Tanzania)
Akita Bank,Akita - Japan,Akita Bank (Akita - Japan)
Aktia Bank Group,Helsinki - Finland,Aktia Bank Group (Helsinki - Finland)
Aktif Yatirim Bankasi,Istanbul - Turkey,Aktif Yatirim Bankasi (Istanbul - Turkey)
Al Ahli Bank Egypt,Cairo - Egypt,Al Ahli Bank Egypt (Cairo - Egypt)
Al Ahli Bank of Kuwait,Safat - Kuwait,Al Ahli Bank of Kuwait (Safat - Kuwait)
Al Amanah Islamic Investment Bank of the Philippines,Zamboanga City - Philippines,Al Amanah Islamic Investment Bank of the Philippines (Zamboanga City - Philippines)
Al Arafah Islami Bank,Dhaka - Bangladesh,Al Arafah Islami Bank (Dhaka - Bangladesh)
Al Ataa Islamic Bank,Baghdad - Iraq,Al Ataa Islamic Bank (Baghdad - Iraq)
Al Baraka Bank Algeria,Algiers - Algeria,Al Baraka Bank Algeria (Algiers - Algeria)
Al Baraka Bank Egypt,Giza - Egypt,Al Baraka Bank Egypt (Giza - Egypt)
Al Baraka Bank Pakistan,Karachi - Pakistan,Al Baraka Bank Pakistan (Karachi - Pakistan)
Al Baraka Bank South Africa,Durban - South Africa,Al Baraka Bank South Africa (Durban - South Africa)
Al Baraka Bank Sudan,Khartoum - Sudan,Al Baraka Bank Sudan (Khartoum - Sudan)
Al Baraka Bank Syria,Damascus - Syria,Al Baraka Bank Syria (Damascus - Syria)
Al Baraka Bank Tunisia,Tunis - Tunisia,Al Baraka Bank Tunisia (Tunis - Tunisia)
Al Baraka Bank Turkey,Istanbul - Turkey,Al Baraka Bank Turkey (Istanbul - Turkey)
Al Baraka Banking Group,Manama - Bahrain,Al Baraka Banking Group (Manama - Bahrain)
Al Baraka Islamic Bank,Manama - Bahrain,Al Baraka Islamic Bank (Manama - Bahrain)
Al Hilal Bank,Abu Dhabi - United Arab Emirates,Al Hilal Bank (Abu Dhabi - United Arab Emirates)
Al Hilal Islamic Bank,Almaty - Kazakhstan,Al Hilal Islamic Bank (Almaty - Kazakhstan)
Al Janoob Islamic Bank for Investment and Financing,Baghdad - Iraq,Al Janoob Islamic Bank for Investment and Financing (Baghdad - Iraq)
Al Jazeera Sudanese Jordanian Bank,Khartoum - Sudan,Al Jazeera Sudanese Jordanian Bank (Khartoum - Sudan)
Al Khalij Commercial Bank,Doha - Qatar,Al Khalij Commercial Bank (Doha - Qatar)
Al Kuraimi Islamic Microfinance Bank,Sana`a - Yemen,Al Kuraimi Islamic Microfinance Bank (Sana`a - Yemen)
Al Mashreq Al Arabi lslamic Bank for investment,Baghdad - Iraq,Al Mashreq Al Arabi lslamic Bank for investment (Baghdad - Iraq)
Al Masraf,Arab Bank for Investment and Foreign Trade,Al Masraf (Arab Bank for Investment and Foreign Trade) (Abu Dhabi - United Arab Emirates)
Al Mustashar Islamic Bank,Baghdad - Iraq,Al Mustashar Islamic Bank (Baghdad - Iraq)
Al Nile Bank for Commerce and Development,Khartoum - Sudan,Al Nile Bank for Commerce and Development (Khartoum - Sudan)
Al Qabidh Islamic Finance and Investment Bank,Baghdad - Iraq,Al Qabidh Islamic Finance and Investment Bank (Baghdad - Iraq)
Al Rajhi Bank,Riyadh - Saudi Arabia,Al Rajhi Bank (Riyadh - Saudi Arabia)
Al Rajhi Bank Malaysia,Kuala Lumpur - Malaysia,Al Rajhi Bank Malaysia (Kuala Lumpur - Malaysia)
Al Rajih Bank,Baghdad - Iraq,Al Rajih Bank (Baghdad - Iraq)
Al Rayan Bank,Birmingham - UK,Al Rayan Bank (Birmingham - GB)
Al Salam Bank,Manama - Bahrain,Al Salam Bank (Manama - Bahrain)
Al Salam Bank,Khartoum - Sudan,Al Salam Bank (Khartoum - Sudan)
Al Taif Islamic Bank,Baghdad - Iraq,Al Taif Islamic Bank (Baghdad - Iraq)
Alabama National Bancorporation,Birmingham (AL,Alabama National Bancorporation (Birmingham (AL) - US)
Alawwal Bank,Riyadh - Saudi Arabia,Alawwal Bank (Riyadh - Saudi Arabia)
Alba Bank,East Kilbride - UK,Alba Bank (East Kilbride - GB)
Aldermore Bank,Peterborough - UK,Aldermore Bank (Peterborough - GB)
Alef Bank,Moscow - Russia,Alef Bank (Moscow - Russia)
Alerus Financial Corporation,Grand Forks (ND,Alerus Financial Corporation (Grand Forks (ND) - US)
Alexandria Commercial & Maritime Bank,Alexandria - Egypt,Alexandria Commercial & Maritime Bank (Alexandria - Egypt)
AlexBank,Cairo - Egypt,AlexBank (Cairo - Egypt)
Alfa Bank,Moscow - Russia,Alfa Bank (Moscow - Russia)
Alfa Bank Belarus,Minsk - Belarus,Alfa Bank Belarus (Minsk - Belarus)
Alfa-Bank Finance,Minsk - Belarus,Alfa-Bank Finance (Minsk - Belarus)
Alfin Banco,Lima - Peru,Alfin Banco (Lima - Peru)
Aliant Financial Corporation,Alexander City (AL,Aliant Financial Corporation (Alexander City (AL) - US)
Alinma Bank,Riyadh - Saudi Arabia,Alinma Bank (Riyadh - Saudi Arabia)
Alior Bank,Warsaw - Poland,Alior Bank (Warsaw - Poland)
Alisa Bank,Helsinki - Finland,Alisa Bank (Helsinki - Finland)
Alizz Islamic Bank,Muscat - Oman,Alizz Islamic Bank (Muscat - Oman)
Aljba Alliance Bank,Moscow - Russia,Aljba Alliance Bank (Moscow - Russia)
Allahabad Bank,Calcutta - India,Allahabad Bank (Calcutta - India)
Allbank Panama,Panama City - Panama,Allbank Panama (Panama City - Panama)
Allegheny Valley Bancorp,Pittsburgh (PA,Allegheny Valley Bancorp (Pittsburgh (PA) - US)
Allegiance Bank,Houston (TX,Allegiance Bank (Houston (TX) - US)
Allegiant Bancorp,Saint Louis (MO,Allegiant Bancorp (Saint Louis (MO) - US)
Allgemeine Sparkasse Oberosterreich,Linz - Austria,Allgemeine Sparkasse Oberosterreich (Linz - Austria)
Alliance & Leicester,Leicester - UK,Alliance & Leicester (Leicester - GB)
Alliance Financial Corporation,Cortland (NY,Alliance Financial Corporation (Cortland (NY) - US)
Alliance Financial Group,Kuala Lumpur - Malaysia,Alliance Financial Group (Kuala Lumpur - Malaysia)
Alliance Investment Bank,Kuala Lumpur - Malaysia,Alliance Investment Bank (Kuala Lumpur - Malaysia)
Alliance Islamic Bank,Kuala Lumpur - Malaysia,Alliance Islamic Bank (Kuala Lumpur - Malaysia)
Allianz Bank Bulgaria AD,Sofia - Bulgaria,Allianz Bank Bulgaria AD (Sofia - Bulgaria)
Allianz Bank Italy,Milano - Italy,Allianz Bank Italy (Milano - Italy)
Allica Bank,London - UK,Allica Bank (London - GB)
Allied Bank,Beirut - Lebanon,Allied Bank (Beirut - Lebanon)
Allied Bank,Makati City - Philippines,Allied Bank (Makati City - Philippines)
Allied Bank Limited,Lahore - Pakistan,Allied Bank Limited (Lahore - Pakistan)
Allied Commercial Bank,Xiamen - China,Allied Commercial Bank (Xiamen - China)
Allied Irish Bank UK,London - UK,Allied Irish Bank UK (London - GB)
Allied Irish Banks,AIB,Allied Irish Banks (AIB) (Dublin - Ireland)
Ally Financial,Detroit (MI,Ally Financial (Detroit (MI) - US)
Alm Brand Bank,Copenhagen - Denmark,Alm Brand Bank (Copenhagen - Denmark)
Aloqabank,Tashkent - Uzbekistan,Aloqabank (Tashkent - Uzbekistan)
Alpha Bank Albania,Tirana - Albania,Alpha Bank Albania (Tirana - Albania)
Alpha Bank Cyprus,Nicosia - Cyprus,Alpha Bank Cyprus (Nicosia - Cyprus)
Alpha Bank Romania,Bucharest - Romania,Alpha Bank Romania (Bucharest - Romania)
Alpha Bank Serbia,Belgrade - Serbia,Alpha Bank Serbia (Belgrade - Serbia)
Alpha Bank UK,London - UK,Alpha Bank UK (London - GB)
Alpha Services and Holdings Group,Athens - Greece,Alpha Services and Holdings Group (Athens - Greece)
Alpian,Geneva - Switzerland,Alpian (Geneva - Switzerland)
Alpine Banks of Colorado,Glenwood Springs (CO,Alpine Banks of Colorado (Glenwood Springs (CO) - US)
Alqurtas Islamic Bank,Baghdad - Iraq,Alqurtas Islamic Bank (Baghdad - Iraq)
Alta Bank,Belgrade - Serbia,Alta Bank (Belgrade - Serbia)
Altabank,Moscow - Russia,Altabank (Moscow - Russia)
Altai Energo Bank,Barnaul - Russia,Altai Energo Bank (Barnaul - Russia)
Alterna Bank,Ottawa - Canada,Alterna Bank (Ottawa - Canada)
Alternatif Bank,Istanbul - Turkey,Alternatif Bank (Istanbul - Turkey)
Altyn Bank,Almaty - Kazakhstan,Altyn Bank (Almaty - Kazakhstan)
ALUBAF Arab International Bank,Manama - Bahrain,ALUBAF Arab International Bank (Manama - Bahrain)
Amagasaki Shinkin Bank,Amagasaki - Japan,Amagasaki Shinkin Bank (Amagasaki - Japan)
Amagerbanken,Copenhagen - Denmark,Amagerbanken (Copenhagen - Denmark)
Amalgamated Bank,New York (NY,Amalgamated Bank (New York (NY) - US)
Amalgamated Investments Co,Chicago (IL,Amalgamated Investments Co (Chicago (IL) - US)
Amana Bank,Colombo - Sri Lanka,Amana Bank (Colombo - Sri Lanka)
Amana Bank,Dar Es Salaam - Tanzania,Amana Bank (Dar Es Salaam - Tanzania)
Amanbank,Bishkek - Kyrgyzstan,Amanbank (Bishkek - Kyrgyzstan)
Amarillo National Bancorporation,Amarillo (TX,Amarillo National Bancorporation (Amarillo (TX) - US)
Ambank Company,Sioux City (IA,Ambank Company (Sioux City (IA) - US)
AmBank Group,Kuala Lumpur - Malaysia,AmBank Group (Kuala Lumpur - Malaysia)
AmBank Islamic Berhad,Kuala Lumpur - Malaysia,AmBank Islamic Berhad (Kuala Lumpur - Malaysia)
Amboy Bancorporation,Old Bridge (NJ,Amboy Bancorporation (Old Bridge (NJ) - US)
Amcore Financial,Rockford (IL,Amcore Financial (Rockford (IL) - US)
Amegy Corporation,Houston (TX,Amegy Corporation (Houston (TX) - US)
Amen Bank,Tunis - Tunisia,Amen Bank (Tunis - Tunisia)
Amerant Bancorp,Coral Gables (FL,Amerant Bancorp (Coral Gables (FL) - US)
Ameriabank,Yerevan - Armenia,Ameriabank (Yerevan - Armenia)
American Bank Albania,Tirana - Albania,American Bank Albania (Tirana - Albania)
American Bank Holding Corporation,Corpus Christi (TX,American Bank Holding Corporation (Corpus Christi (TX) - US)
American Bank of Investments,Tirana - Albania,American Bank of Investments (Tirana - Albania)
American Chartered Bancorp,Schaumburg (IL,American Chartered Bancorp (Schaumburg (IL) - US)
American Express Bank,New York (NY,American Express Bank (New York (NY) - US)
American Express Bank FSB,Salt Lake City (UT,American Express Bank FSB (Salt Lake City (UT) - US)
American Express Bank Mexico,Mexico City - Mexico,American Express Bank Mexico (Mexico City - Mexico)
American Express Centurion Bank,Salt Lake City (UT,American Express Centurion Bank (Salt Lake City (UT) - US)
American Express Company,New York (NY,American Express Company (New York (NY) - US)
American Momentum Bank,College Station (TX,American Momentum Bank (College Station (TX) - US)
American National Bankshares,Danville (VA,American National Bankshares (Danville (VA) - US)
American National Corporation,Omaha (NE,American National Corporation (Omaha (NE) - US)
American State Financial Corp,Lubbock (TX,American State Financial Corp (Lubbock (TX) - US)
AmericanWest Bancorporation,Spokane (WA,AmericanWest Bancorporation (Spokane (WA) - US)
Ameris Bancorp,Moultrie (GA,Ameris Bancorp (Moultrie (GA) - US)
Ameriserv Financial,Johnstown (PA,Ameriserv Financial (Johnstown (PA) - US)
Ames National Corporation,Ames (IA,Ames National Corporation (Ames (IA) - US)
Amibank,Quito - Ecuador,Amibank (Quito - Ecuador)
AMIO Bank,Yerevan - Armenia,AMIO Bank (Yerevan - Armenia)
Amonatbank,Dushanbe - Tajikistan,Amonatbank (Dushanbe - Tajikistan)
Amrahbank,Baku - Azerbaijan,Amrahbank (Baku - Azerbaijan)
AmSouth Bancorp,Birmingham (MI,AmSouth Bancorp (Birmingham (MI) - US)
Amsterdam Trade Bank N.V.,Amsterdam - Netherlands,Amsterdam Trade Bank N.V. (Amsterdam - Netherlands)
An Binh Bank,Ho Chi Minh City - Vietnam,An Binh Bank (Ho Chi Minh City - Vietnam)
Anadolubank,Istanbul - Turkey,Anadolubank (Istanbul - Turkey)
Anadolubank Netherland,Amsterdam - Netherlands,Anadolubank Netherland (Amsterdam - Netherlands)
ANB Corporation,Terrell (TX,ANB Corporation (Terrell (TX) - US)
Anchor Bancorp,Wayzata (MN,Anchor Bancorp (Wayzata (MN) - US)
Ancoria Bank,Nicosia - Cyprus,Ancoria Bank (Nicosia - Cyprus)
Andbank Brasil,São Paulo - Brazil,Andbank Brasil (São Paulo - Brazil)
Andbank Spain,Madrid - Spain,Andbank Spain (Madrid - Spain)
Andhra Bank,Hyderabad - India,Andhra Bank (Hyderabad - India)
Andorra Banc,Escaldes-Engordany - Andorra,Andorra Banc (Escaldes-Engordany - Andorra)
Andover Bancorp,Andover - US,Andover Bancorp (Andover - US)
ANEXT Bank,Singapore - Singapore,ANEXT Bank (Singapore - Singapore)
Anglo-Romanian Bank,London - UK,Anglo-Romanian Bank (London - GB)
Anod Bank,Ulaanbataar - Mongolia,Anod Bank (Ulaanbataar - Mongolia)
ANSA Bank,Port of Spain - Trinidad and Tobago,ANSA Bank (Port of Spain - Trinidad and Tobago)
ANSA Merchant Bank,Christ Church - Barbados,ANSA Merchant Bank (Christ Church - Barbados)
Ant Bank Hong Kong,Hong Kong - Hong Kong,Ant Bank Hong Kong (Hong Kong - Hong Kong S.A.R.)
Antigua Commercial Bank,ACB,Antigua Commercial Bank (ACB) (St John`s - Antigua and Barbuda)
ANZ Bank Europe,London - UK,ANZ Bank Europe (London - GB)
ANZ Bank Fiji,Suva - Fiji,ANZ Bank Fiji (Suva - Fiji Islands)
ANZ Bank Indonesia,Jakarta - Indonesia,ANZ Bank Indonesia (Jakarta - Indonesia)
ANZ Bank Laos,Vientiane - Laos,ANZ Bank Laos (Vientiane - Laos)
ANZ Bank New Zealand,Auckland - New Zealand,ANZ Bank New Zealand (Auckland - New Zealand)
ANZ Bank Samoa,Apia - Samoa,ANZ Bank Samoa (Apia - Samoa)
ANZ Banking Group,Melbourne - Australia,ANZ Banking Group (Melbourne - Australia)
ANZ Guam,San Francisco (CA,ANZ Guam (San Francisco (CA) - US)
AO Raiffeisenbank,Moscow - Russia,AO Raiffeisenbank (Moscow - Russia)
Aomori Bank,Aomori - Japan,Aomori Bank (Aomori - Japan)
Aozora Bank,Tokyo - Japan,Aozora Bank (Tokyo - Japan)
API Bank,Belgrade - Serbia,API Bank (Belgrade - Serbia)
Appenzell-Ausserhodische Kantonalbank,Herisau - Switzerland,Appenzell-Ausserhodische Kantonalbank (Herisau - Switzerland)
Appenzeller Kantonalbank,Appenzell - Switzerland,Appenzeller Kantonalbank (Appenzell - Switzerland)
Apple Financial Holdings,New York (NY,Apple Financial Holdings (New York (NY) - US)
Aprila Bank,Oslo - Norway,Aprila Bank (Oslo - Norway)
APS Bank,Floriana - Malta,APS Bank (Floriana - Malta)
Arab African International Bank,Cairo - Egypt,Arab African International Bank (Cairo - Egypt)
Arab Bangladesh Bank,Dhaka - Bangladesh,Arab Bangladesh Bank (Dhaka - Bangladesh)
Arab Bank,Amman - Jordan,Arab Bank (Amman - Jordan)
Arab Bank Australia,Sydney - Australia,Arab Bank Australia (Sydney - Australia)
Arab Banking Corporation Brasil,São Paulo - Brazil,Arab Banking Corporation Brasil (São Paulo - Brazil)
Arab Banking Corporation Egypt,Cairo - Egypt,Arab Banking Corporation Egypt (Cairo - Egypt)
Arab International Bank,AIB,Arab International Bank (AIB) (Cairo - Egypt)
Arab Islamic Bank,Ramallah - Palestine,Arab Islamic Bank (Ramallah - Palestinian Territory Occupied)
Arab National Bank,Riyadh - Saudi Arabia,Arab National Bank (Riyadh - Saudi Arabia)
Arab Sudanese Bank,Khartoum - Sudan,Arab Sudanese Bank (Khartoum - Sudan)
Arab Tunisian Bank,ATB,Arab Tunisian Bank (ATB) (Tunis - Tunisia)
Arab Turk Bank,Istanbul - Turkey,Arab Turk Bank (Istanbul - Turkey)
Arabia Islamic Bank,Baghdad - Iraq,Arabia Islamic Bank (Baghdad - Iraq)
Araratbank,Yerevan - Armenia,Araratbank (Yerevan - Armenia)
Arbejdernes Landsbank,Copenhagen - Denmark,Arbejdernes Landsbank (Copenhagen - Denmark)
Arbuthnot Banking Group,London - UK,Arbuthnot Banking Group (London - GB)
Arcapita,Manama - Bahrain,Arcapita (Manama - Bahrain)
Ardshinbank,Yerevan - Armenia,Ardshinbank (Yerevan - Armenia)
Area Bancshares Corp,Owensboro - US,Area Bancshares Corp (Owensboro - US)
Aresbank,Madrid - Spain,Aresbank (Madrid - Spain)
Areximbank,Yerevan - Armenia,Areximbank (Yerevan - Armenia)
Argenta Bank,Antwerpen - Belgium,Argenta Bank (Antwerpen - Belgium)
Argenta Spaarbank,Antwerpen - Belgium,Argenta Spaarbank (Antwerpen - Belgium)
Arig Bank,Ulaanbataar - Mongolia,Arig Bank (Ulaanbataar - Mongolia)
Arion Bank,Reykjavik - Iceland,Arion Bank (Reykjavik - Iceland)
Arkada Bank,Kiev - Ukraine,Arkada Bank (Kiev - Ukraine)
Arkhangelsk Bank,Arkangelsk - Russia,Arkhangelsk Bank (Arkangelsk - Russia)
Armed Forces Benefit Association,AFBA,Armed Forces Benefit Association (AFBA) (Alexandria (VA) - US)
Armenian Development Bank,ADB,Armenian Development Bank (ADB) (Yerevan - Armenia)
Armenian Economy Development Bank,AEB,Armenian Economy Development Bank (AEB) (Yerevan - Armenia)
Armimpexbank,Yerevan - Armenia,Armimpexbank (Yerevan - Armenia)
ArmSwissBank,Yerevan - Armenia,ArmSwissBank (Yerevan - Armenia)
Arner Bank,Lugano - Switzerland,Arner Bank (Lugano - Switzerland)
Arrow Financial Corporation,Glens Falls (NY,Arrow Financial Corporation (Glens Falls (NY) - US)
Artsakhbank,Yerevan - Armenia,Artsakhbank (Yerevan - Armenia)
Arvest Bank Group,Bentonville (AR,Arvest Bank Group (Bentonville (AR) - US)
AS SEB Pank,Tallin - Estonia,AS SEB Pank (Tallin - Estonia)
ASA Banka Sarajevo,Zenica - Bosnia-Herzegovina,ASA Banka Sarajevo (Zenica - Bosnia and Herzegovina)
Asahi Shinkin Bank,Tokyo - Japan,Asahi Shinkin Bank (Tokyo - Japan)
Asaka Bank,Tashkent - Uzbekistan,Asaka Bank (Tashkent - Uzbekistan)
ASB Bancorp,Asheville - US,ASB Bancorp (Asheville - US)
ASB Bank,Auckland - New Zealand,ASB Bank (Auckland - New Zealand)
ASB Bank Corp,Panama City - Panama,ASB Bank Corp (Panama City - Panama)
ASB Finance,Manama - Bahrain,ASB Finance (Manama - Bahrain)
Ashikaga Holdings,Utsunomiya - Japan,Ashikaga Holdings (Utsunomiya - Japan)
Asia Al Iraq Islamic Bank,Baghdad - Iraq,Asia Al Iraq Islamic Bank (Baghdad - Iraq)
Asia Commercial Bank,ACB,Asia Commercial Bank (ACB) (Ho Chi Minh City - Vietnam)
Asia Green Development Bank,Yangon - Myanmar,Asia Green Development Bank (Yangon - Myanmar)
Asia United Bank,Pasig City - Philippines,Asia United Bank (Pasig City - Philippines)
AsiaCredit Bank,Almaty - Kazakhstan,AsiaCredit Bank (Almaty - Kazakhstan)
Asian Banking Corporation,Seoul - South Korea,Asian Banking Corporation (Seoul - South Korea)
Asian Pacific Bank,Blagoveschensk - Russia,Asian Pacific Bank (Blagoveschensk - Russia)
Asiatrust Bank,Quezon City - Philippines,Asiatrust Bank (Quezon City - Philippines)
AsiaUniversalBank,Bishkek - Kyrgyzstan,AsiaUniversalBank (Bishkek - Kyrgyzstan)
Askari Bank,Rawalpindi - Pakistan,Askari Bank (Rawalpindi - Pakistan)
ASLK CGER Bank,Brussels - Belgium,ASLK CGER Bank (Brussels - Belgium)
ASO Savings & Loans,Abuja - Nigeria,ASO Savings & Loans (Abuja - Nigeria)
Assabet Valley Bancorp,Hudson (MA,Assabet Valley Bancorp (Hudson (MA) - US)
Associated Banc Corp,Green Bay (WI,Associated Banc Corp (Green Bay (WI) - US)
Astoria Financial Corp,Lake Success (NY,Astoria Financial Corp (Lake Success (NY) - US)
Astra Bank,Kiev - Ukraine,Astra Bank (Kiev - Ukraine)
Astrobank,Nicosia - Cyprus,Astrobank (Nicosia - Cyprus)
Asya Katilim Bankasi,Istanbul - Turkey,Asya Katilim Bankasi (Istanbul - Turkey)
Atabank,Baku - Azerbaijan,Atabank (Baku - Azerbaijan)
ATBancorp,Dubuque (IA,ATBancorp (Dubuque (IA) - US)
ATFBank,Almaty - Kazakhstan,ATFBank (Almaty - Kazakhstan)
Atlantic Bank,Belize City - Belize,Atlantic Bank (Belize City - Belize)
Atlantic Bank of New York,New York (NY,Atlantic Bank of New York (New York (NY) - US)
Atlantic Capital Bancshares,Atlanta (GA,Atlantic Capital Bancshares (Atlanta (GA) - US)
Atlantic Security Bank,Grand Cayman - Cayman Islands,Atlantic Security Bank (Grand Cayman - Cayman Islands)
Atlantic Union Bankshares Corporation,Richmond (VA,Atlantic Union Bankshares Corporation (Richmond (VA) - US)
Atlas Bank,Karachi - Pakistan,Atlas Bank (Karachi - Pakistan)
Atlas Bank,Podgorica - Montenegro,Atlas Bank (Podgorica - Montenegro)
Atlas Bank Panama,Panama City - Panama,Atlas Bank Panama (Panama City - Panama)
Atlas Mara Zambia,Lusaka - Zambia,Atlas Mara Zambia (Lusaka - Zambia)
Atom Bank,Durham - UK,Atom Bank (Durham - GB)
AtraBank,Baku - Azerbaijan,AtraBank (Baku - Azerbaijan)
Attica Bank,Athens - Greece,Attica Bank (Athens - Greece)
Attijari Bank Tunisia,Tunis - Tunisia,Attijari Bank Tunisia (Tunis - Tunisia)
Attijariwafa Bank,Casablanca - Morocco,Attijariwafa Bank (Casablanca - Morocco)
Attijariwafa Bank Egypt,Cairo - Egypt,Attijariwafa Bank Egypt (Cairo - Egypt)
Auburn National Bancorporation,Auburn (AL,Auburn National Bancorporation (Auburn (AL) - US)
Austin Bancorp,Jacksonville (TX,Austin Bancorp (Jacksonville (TX) - US)
Australian Military Bank,Sydney - Australia,Australian Military Bank (Sydney - Australia)
Austrian Anadi Bank,Vienna - Austria,Austrian Anadi Bank (Vienna - Austria)
Austrobank Overseas Panama,Panama City - Panama,Austrobank Overseas Panama (Panama City - Panama)
Auswide Bank,Bundaberg - Australia,Auswide Bank (Bundaberg - Australia)
Avtobank Nikoil,Moscow - Russia,Avtobank Nikoil (Moscow - Russia)
Avtogradbank,Habyeryesniye Chelnyi - Russia,Avtogradbank (Habyeryesniye Chelnyi - Russia)
Avtovazbank,Togliatti - Russia,Avtovazbank (Togliatti - Russia)
Awa Bank,Tokyo - Japan,Awa Bank (Tokyo - Japan)
Awal Bank,Manama - Bahrain,Awal Bank (Manama - Bahrain)
Awash International Bank,Addis Ababa - Ethiopia,Awash International Bank (Addis Ababa - Ethiopia)
Axa Bank,Brussels - Belgium,Axa Bank (Brussels - Belgium)
Axis Bank,Mumbai - India,Axis Bank (Mumbai - India)
Axis Bank Sri Lanka,Colombo - Sri Lanka,Axis Bank Sri Lanka (Colombo - Sri Lanka)
Axis Bank UK,London - UK,Axis Bank UK (London - GB)
Axos Bank,San Diego (CA,Axos Bank (San Diego (CA) - US)
Ayeyarwady Bank,Yangon - Myanmar,Ayeyarwady Bank (Yangon - Myanmar)
Azania Bank,Dar Es Salaam - Tanzania,Azania Bank (Dar Es Salaam - Tanzania)
Azer Turk Bank,Baku - Azerbaijan,Azer Turk Bank (Baku - Azerbaijan)
Azizi Bank,Kabul - Afghanistan,Azizi Bank (Kabul - Afghanistan)
B&N Bank,Moscow - Russia,B&N Bank (Moscow - Russia)
B&N Bank Surgut,Surgut - Russia,B&N Bank Surgut (Surgut - Russia)
Bac A Bank,Hanoi - Vietnam,Bac A Bank (Hanoi - Vietnam)
BAC Panama,Panama City - Panama,BAC Panama (Panama City - Panama)
Baden Wurttembergische Bank,Stuttgart - Germany,Baden Wurttembergische Bank (Stuttgart - Germany)
Badische Beamtenbank,Karlsruhe - Germany,Badische Beamtenbank (Karlsruhe - Germany)
Badr-Forte Bank,Moscow - Russia,Badr-Forte Bank (Moscow - Russia)
Bahrain International Bank,Manama - Bahrain,Bahrain International Bank (Manama - Bahrain)
Bahrain Islamic Bank,BISB,Bahrain Islamic Bank (BISB) (Manama - Bahrain)
Bahraini Saudi Bank,Manama - Bahrain,Bahraini Saudi Bank (Manama - Bahrain)
Baiduri Bank,Bandar Seri Begawan - Brunei,Baiduri Bank (Bandar Seri Begawan - Brunei)
Baker Boyer Bancorp,Walla Walla (WA,Baker Boyer Bancorp (Walla Walla (WA) - US)
Balad Bank,Khartoum - Sudan,Balad Bank (Khartoum - Sudan)
Balboa Bank,Panama City - Panama,Balboa Bank (Panama City - Panama)
Baltic Financial Agency Bank,St Petersburg - Russia,Baltic Financial Agency Bank (St Petersburg - Russia)
Baltic International Bank,Riga - Latvia,Baltic International Bank (Riga - Latvia)
Baltic Investment Bank,St Petersburg - Russia,Baltic Investment Bank (St Petersburg - Russia)
Baltic Trust Bank,Riga - Latvia,Baltic Trust Bank (Riga - Latvia)
Baltica Bank,St Petersburg - Russia,Baltica Bank (St Petersburg - Russia)
Baltiyskiy Bank,St Petersburg - Russia,Baltiyskiy Bank (St Petersburg - Russia)
Ban Hin Lee Bank,"Palau Pinang, Penang - Malaysia","Ban Hin Lee Bank (Palau Pinang, Penang - Malaysia)"
Banamex USA Bancorp,Los Angeles (CA,Banamex USA Bancorp (Los Angeles (CA) - US)
Banc Ed Corp,Edwardsville (IL,Banc Ed Corp (Edwardsville (IL) - US)
Banc of California,Irvine (CA,Banc of California (Irvine (CA) - US)
Banca 121,Lecce - Italy,Banca 121 (Lecce - Italy)
Banca Afirme,Monterrey - Mexico,Banca Afirme (Monterrey - Mexico)
Banca Agricola di Ragusa,Ragusa - Italy,Banca Agricola di Ragusa (Ragusa - Italy)
Banca Agricola Mantovana,Mantovana - Italy,Banca Agricola Mantovana (Mantovana - Italy)
Banca Antonveneta Group,Padova - Italy,Banca Antonveneta Group (Padova - Italy)
Banca Apulia,San Severo (Foggia,Banca Apulia (San Severo (Foggia) - Italy)
Banca Cassa di Risparmio di Firenze,Florence - Italy,Banca Cassa di Risparmio di Firenze (Florence - Italy)
Banca Comerciala Romana,Bucharest - Romania,Banca Comerciala Romana (Bucharest - Romania)
Banca Comerciala Romana Chisinau,Chisinau - Moldova,Banca Comerciala Romana Chisinau (Chisinau - Moldova)
Banca CR Firenze Romania,Bucharest - Romania,Banca CR Firenze Romania (Bucharest - Romania)
Banca CRT,Turin - Italy,Banca CRT (Turin - Italy)
Banca de Economii,Chisinau - Moldova,Banca de Economii (Chisinau - Moldova)
Banca del Ceresio,Lugano - Switzerland,Banca del Ceresio (Lugano - Switzerland)
Banca del Fucino,Roma - Italy,Banca del Fucino (Roma - Italy)
Banca del Gottardo,Lugano - Switzerland,Banca del Gottardo (Lugano - Switzerland)
Banca del Monte di Lucca,Lucca - Italy,Banca del Monte di Lucca (Lucca - Italy)
Banca del Piemonte,Turin - Italy,Banca del Piemonte (Turin - Italy)
Banca del Sempione,Lugano - Switzerland,Banca del Sempione (Lugano - Switzerland)
Banca delle Marche,Ancona - Italy,Banca delle Marche (Ancona - Italy)
Banca dello Stato del Cantone Ticino,Bellinzona - Switzerland,Banca dello Stato del Cantone Ticino (Bellinzona - Switzerland)
Banca dell'Umbria,Perugia - Italy,Banca dell'Umbria (Perugia - Italy)
Banca di Credito Cooperativo di Alba Langhe e Roero,Alba - Italy,Banca di Credito Cooperativo di Alba Langhe e Roero (Alba - Italy)
Banca di Credito Popolare,Torre Del Greco - Italy,Banca di Credito Popolare (Torre Del Greco - Italy)
Banca di Piacenza,Piacenza - Italy,Banca di Piacenza (Piacenza - Italy)
Banca di Sassari,Sassari - Italy,Banca di Sassari (Sassari - Italy)
Banca di Trento & Bolzano,Trento - Italy,Banca di Trento & Bolzano (Trento - Italy)
Banca Etruria,Arezzo - Italy,Banca Etruria (Arezzo - Italy)
Banca Generali,Trieste - Italy,Banca Generali (Trieste - Italy)
Banca IFIS,Venice - Italy,Banca IFIS (Venice - Italy)
Banca Intesa Russia,Moscow - Russia,Banca Intesa Russia (Moscow - Russia)
Banca Intesa Serbia,Belgrade - Serbia,Banca Intesa Serbia (Belgrade - Serbia)
Banca Italease,Milano - Italy,Banca Italease (Milano - Italy)
Banca Lombarda,Brescia - Italy,Banca Lombarda (Brescia - Italy)
Banca March,Palma de Mallorca - Spain,Banca March (Palma de Mallorca - Spain)
Banca Mediolanum,Milano - Italy,Banca Mediolanum (Milano - Italy)
Banca Mercantile Italiana,Florence - Italy,Banca Mercantile Italiana (Florence - Italy)
Banca Monte dei Paschi di Siena,Siena - Italy,Banca Monte dei Paschi di Siena (Siena - Italy)
Banca Monte Parma,Parma - Italy,Banca Monte Parma (Parma - Italy)
Banca Nazionale del Lavoro,Roma - Italy,Banca Nazionale del Lavoro (Roma - Italy)
Banca Nazionale dell'Agricoltura,Roma - Italy,Banca Nazionale dell'Agricoltura (Roma - Italy)
Banca Padovana Credito Cooperativo,Campodarsego (Pd,Banca Padovana Credito Cooperativo (Campodarsego (Pd) - Italy)
Banca Passadore,Genova - Italy,Banca Passadore (Genova - Italy)
Banca Popolare Commercio e Industria,Milano - Italy,Banca Popolare Commercio e Industria (Milano - Italy)
Banca Popolare dell'Irpinia,Avellino - Italy,Banca Popolare dell'Irpinia (Avellino - Italy)
Banca Popolare di Bari,Bari - Italy,Banca Popolare di Bari (Bari - Italy)
Banca Popolare di Castelfranco Veneto,"Castelfranco, Veneto - Italy","Banca Popolare di Castelfranco Veneto (Castelfranco, Veneto - Italy)"
Banca Popolare di Crema,Crema - Italy,Banca Popolare di Crema (Crema - Italy)
Banca Popolare di Cremona,Cremona - Italy,Banca Popolare di Cremona (Cremona - Italy)
Banca Popolare di Intra,Verbania Intra - Italy,Banca Popolare di Intra (Verbania Intra - Italy)
Banca Popolare di Milano,Milano - Italy,Banca Popolare di Milano (Milano - Italy)
Banca Popolare di Novara,Novara - Italy,Banca Popolare di Novara (Novara - Italy)
Banca Popolare di Puglia e Basilicata,Altamura - Italy,Banca Popolare di Puglia e Basilicata (Altamura - Italy)
Banca Popolare di Sondrio,Sondrio - Italy,Banca Popolare di Sondrio (Sondrio - Italy)
Banca Popolare di Sondrio Switzerland,Lugano - Switzerland,Banca Popolare di Sondrio Switzerland (Lugano - Switzerland)
Banca Popolare di Vicenza,Vicenza - Italy,Banca Popolare di Vicenza (Vicenza - Italy)
Banca Popolare FriulAdria,Pordenone - Italy,Banca Popolare FriulAdria (Pordenone - Italy)
Banca Popolare Italiana,Lodi - Italy,Banca Popolare Italiana (Lodi - Italy)
Banca Popolare Pugliese,Matino - Italy,Banca Popolare Pugliese (Matino - Italy)
Banca Popolare Udinese,Udine - Italy,Banca Popolare Udinese (Udine - Italy)
Banca Privada D'Andorra,Escaldes-Engordany - Andorra,Banca Privada D'Andorra (Escaldes-Engordany - Andorra)
Banca Privada d'Andorra Panama,Panama City - Panama,Banca Privada d'Andorra Panama (Panama City - Panama)
Banca Profilo,Milano - Italy,Banca Profilo (Milano - Italy)
Banca Reale,Torino - Italy,Banca Reale (Torino - Italy)
Banca Romana de Credite si Investitii,Bucharest - Romania,Banca Romana de Credite si Investitii (Bucharest - Romania)
Banca Romaneasca,Bucharest - Romania,Banca Romaneasca (Bucharest - Romania)
Banca San Paolo di Brescia,Brescia - Italy,Banca San Paolo di Brescia (Brescia - Italy)
Banca Sella,Biella - Italy,Banca Sella (Biella - Italy)
Banca Serfin,Lomas de Santa Fe - Mexico,Banca Serfin (Lomas de Santa Fe - Mexico)
Banca Sociala,Chisinau - Moldova,Banca Sociala (Chisinau - Moldova)
Banca Transilvania,Cluj-Napoca - Romania,Banca Transilvania (Cluj-Napoca - Romania)
Banca Unione di Credito,Lugano - Switzerland,Banca Unione di Credito (Lugano - Switzerland)
Bancafe,Bogotá D.C. - Colombia,Bancafe (Bogotá D.C. - Colombia)
Bancamiga,Caracas - Venezuela,Bancamiga (Caracas - Venezuela)
BancFirst Corp,Oklahoma City (OK,BancFirst Corp (Oklahoma City (OK) - US)
Bancindependent,Sheffield (AL,Bancindependent (Sheffield (AL) - US)
Banco ABN AMRO,São Paulo - Brazil,Banco ABN AMRO (São Paulo - Brazil)
Banco ABN AMRO Real,São Paulo - Brazil,Banco ABN AMRO Real (São Paulo - Brazil)
Banco Actinver,Lomas de Santa Fe - Mexico,Banco Actinver (Lomas de Santa Fe - Mexico)
Banco Activo,Caracas - Venezuela,Banco Activo (Caracas - Venezuela)
Banco Agrario de Colombia,Bogotá D.C. - Colombia,Banco Agrario de Colombia (Bogotá D.C. - Colombia)
Banco Agricola,San Salvador - El Salvador,Banco Agricola (San Salvador - El Salvador)
Banco Agricola de Venezuela,Caracas - Venezuela,Banco Agricola de Venezuela (Caracas - Venezuela)
Banco Agromercantil de Guatemala,Guatemala City - Guatemala,Banco Agromercantil de Guatemala (Guatemala City - Guatemala)
Banco Ahorro Famsa,Monterrey - Mexico,Banco Ahorro Famsa (Monterrey - Mexico)
Banco Alfa de Investimento,São Paulo - Brazil,Banco Alfa de Investimento (São Paulo - Brazil)
Banco Aliado,Panama City - Panama,Banco Aliado (Panama City - Panama)
Banco Amazonas,Guayaquil - Ecuador,Banco Amazonas (Guayaquil - Ecuador)
Banco America do Sul,São Paulo - Brazil,Banco America do Sul (São Paulo - Brazil)
Banco Angolano de Investimentos,Luanda - Angola,Banco Angolano de Investimentos (Luanda - Angola)
Banco Angolano de Negocios e Comercio,Luanda - Angola,Banco Angolano de Negocios e Comercio (Luanda - Angola)
Banco Arbi,Rio de Janeiro - Brazil,Banco Arbi (Rio de Janeiro - Brazil)
Banco Atlantico,Barcelona - Spain,Banco Atlantico (Barcelona - Spain)
Banco Atlantida,Tegucigalpa - Honduras,Banco Atlantida (Tegucigalpa - Honduras)
Banco Atlantida El Salvador,San Salvador - El Salvador,Banco Atlantida El Salvador (San Salvador - El Salvador)
Banco Atlantida Nicaragua,Managua - Nicaragua,Banco Atlantida Nicaragua (Managua - Nicaragua)
Banco Atlas,Asunción - Paraguay,Banco Atlas (Asunción - Paraguay)
Banco Autofin Mexico,Mexico City - Mexico,Banco Autofin Mexico (Mexico City - Mexico)
Banco AV Villas,Bogotá D.C. - Colombia,Banco AV Villas (Bogotá D.C. - Colombia)
Banco Avanz,Managua - Nicaragua,Banco Avanz (Managua - Nicaragua)
Banco Azteca,Iztapalapa - Mexico,Banco Azteca (Iztapalapa - Mexico)
Banco Azteca Guatemala,Guatemala City - Guatemala,Banco Azteca Guatemala (Guatemala City - Guatemala)
Banco Azteca Honduras,San Pedro Sula - Honduras,Banco Azteca Honduras (San Pedro Sula - Honduras)
Banco Azteca Panama,Panama City - Panama,Banco Azteca Panama (Panama City - Panama)
Banco Azul de El Salvador,San Salvador - El Salvador,Banco Azul de El Salvador (San Salvador - El Salvador)
Banco BAI Cabo Verde,Praia - Cape Verde,Banco BAI Cabo Verde (Praia - Cape Verde)
Banco BAI Europa,Lisbon - Portugal,Banco BAI Europa (Lisbon - Portugal)
Banco Bancrea,San Pedro Garza García - Mexico,Banco Bancrea (San Pedro Garza García - Mexico)
Banco Bandeirantes,São Paulo - Brazil,Banco Bandeirantes (São Paulo - Brazil)
Banco Bandes,Montevideo - Uruguay,Banco Bandes (Montevideo - Uruguay)
Banco Banex,Buenos Aires - Argentina,Banco Banex (Buenos Aires - Argentina)
Banco Banorte,Recife - Brazil,Banco Banorte (Recife - Brazil)
Banco Basa,Asunción - Paraguay,Banco Basa (Asunción - Paraguay)
Banco Base,Monterrey - Mexico,Banco Base (Monterrey - Mexico)
Banco Base,"de la Cam, Cajastur, Caja Extremadura y Caja Cantabria","Banco Base (de la Cam, Cajastur, Caja Extremadura y Caja Cantabria) (Madrid - Spain)"
Banco BBVA Argentina,Buenos Aires - Argentina,Banco BBVA Argentina (Buenos Aires - Argentina)
Banco BDI,Santo Domingo - Dominican Republic,Banco BDI (Santo Domingo - Dominican Republic)
Banco Bemge,Belo Horizonte - Brazil,Banco Bemge (Belo Horizonte - Brazil)
Banco BIC,Luanda - Angola,Banco BIC (Luanda - Angola)
Banco BIC Namibia,Windhoek - Namibia,Banco BIC Namibia (Windhoek - Namibia)
Banco Bica,Santa Fe - Argentina,Banco Bica (Santa Fe - Argentina)
Banco BICE,Santiago - Chile,Banco BICE (Santiago - Chile)
Banco Bicentenario,Caracas - Venezuela,Banco Bicentenario (Caracas - Venezuela)
Banco Bilbao Vizcaya Argentaria,Bilbao - Spain,Banco Bilbao Vizcaya Argentaria (Bilbao - Spain)
Banco BISA,La Paz - Bolivia,Banco BISA (La Paz - Bolivia)
Banco BMC,São Paulo - Brazil,Banco BMC (São Paulo - Brazil)
Banco BMG,São Paulo - Brazil,Banco BMG (São Paulo - Brazil)
Banco BNI Europa,Lisbon - Portugal,Banco BNI Europa (Lisbon - Portugal)
Banco BNL do Brasil,São Paulo - Brazil,Banco BNL do Brasil (São Paulo - Brazil)
Banco BNP Paribas Brasil,São Paulo - Brazil,Banco BNP Paribas Brasil (São Paulo - Brazil)
Banco Boavista InterAtlantico,Rio de Janeiro - Brazil,Banco Boavista InterAtlantico (Rio de Janeiro - Brazil)
Banco Bolivariano,Guayaquil - Ecuador,Banco Bolivariano (Guayaquil - Ecuador)
Banco Bolivariano Panama,Panama City - Panama,Banco Bolivariano Panama (Panama City - Panama)
Banco Borges & Irmao,Porto - Portugal,Banco Borges & Irmao (Porto - Portugal)
Banco Bozano Simonsen,Rio de Janeiro - Brazil,Banco Bozano Simonsen (Rio de Janeiro - Brazil)
Banco Bradesco,São Paulo - Brazil,Banco Bradesco (São Paulo - Brazil)
Banco Bradesco Argentina,Buenos Aires - Argentina,Banco Bradesco Argentina (Buenos Aires - Argentina)
Banco BS2,Belo Horizonte - Brazil,Banco BS2 (Belo Horizonte - Brazil)
Banco BTG Pactual,São Paulo - Brazil,Banco BTG Pactual (São Paulo - Brazil)
Banco BVA,Rio de Janeiro - Brazil,Banco BVA (Rio de Janeiro - Brazil)
Banco C6,São Paulo - Brazil,Banco C6 (São Paulo - Brazil)
Banco Caboverdiano de Negocios,BCN,Banco Caboverdiano de Negocios (BCN) (Praia - Cape Verde)
Banco Caixa Geral,Vigo - Spain,Banco Caixa Geral (Vigo - Spain)
Banco Caixa Geral Brasil,São Paulo - Brazil,Banco Caixa Geral Brasil (São Paulo - Brazil)
Banco Caixa Geral Totta de Angola,Luanda - Angola,Banco Caixa Geral Totta de Angola (Luanda - Angola)
Banco Caja Social,Bogotá D.C. - Colombia,Banco Caja Social (Bogotá D.C. - Colombia)
Banco CAM,Alicante - Spain,Banco CAM (Alicante - Spain)
Banco Canarias de Venezuela,Caracas - Venezuela,Banco Canarias de Venezuela (Caracas - Venezuela)
Banco Capital,Quito - Ecuador,Banco Capital (Quito - Ecuador)
Banco Caracas CA Banco Universal,Caracas - Venezuela,Banco Caracas CA Banco Universal (Caracas - Venezuela)
Banco Cargill,São Paulo - Brazil,Banco Cargill (São Paulo - Brazil)
Banco Caroni,Puerto Ordaz - Venezuela,Banco Caroni (Puerto Ordaz - Venezuela)
Banco Carregosa,Funchal - Portugal,Banco Carregosa (Funchal - Portugal)
Banco Cathay de Costa Rica,San José - Costa Rica,Banco Cathay de Costa Rica (San José - Costa Rica)
Banco Cedula,Rio de Janeiro - Brazil,Banco Cedula (Rio de Janeiro - Brazil)
Banco Cencosud,Lima - Peru,Banco Cencosud (Lima - Peru)
Banco Centro Mundo,Quito - Ecuador,Banco Centro Mundo (Quito - Ecuador)
Banco Cetelem Argentina,Buenos Aires - Argentina,Banco Cetelem Argentina (Buenos Aires - Argentina)
Banco Cidade,São Paulo - Brazil,Banco Cidade (São Paulo - Brazil)
Banco Citibank Panama,Panama City - Panama,Banco Citibank Panama (Panama City - Panama)
Banco CMB,San José - Costa Rica,Banco CMB (San José - Costa Rica)
Banco CMF,Buenos Aires - Argentina,Banco CMF (Buenos Aires - Argentina)
Banco Cofidis,Buenos Aires - Argentina,Banco Cofidis (Buenos Aires - Argentina)
Banco Cofiec,Quito - Ecuador,Banco Cofiec (Quito - Ecuador)
Banco Coinag,Santa Fe - Argentina,Banco Coinag (Santa Fe - Argentina)
Banco Colpatria Panama,Panama City - Panama,Banco Colpatria Panama (Panama City - Panama)
Banco Columbia,Buenos Aires - Argentina,Banco Columbia (Buenos Aires - Argentina)
Banco Comafi,Buenos Aires - Argentina,Banco Comafi (Buenos Aires - Argentina)
Banco Comercial Angolano,Luanda - Angola,Banco Comercial Angolano (Luanda - Angola)
Banco Comercial de Macau,Macau - Macau,Banco Comercial de Macau (Macau - Macau S.A.R.)
Banco Comercial de Manabi,Portoviejo - Ecuador,Banco Comercial de Manabi (Portoviejo - Ecuador)
Banco Comercial do Atlantico,Praia - Cape Verde,Banco Comercial do Atlantico (Praia - Cape Verde)
Banco Comercial do Huambo,Huambo - Angola,Banco Comercial do Huambo (Huambo - Angola)
Banco Comercial e de Investimentos,Maputo - Mozambique,Banco Comercial e de Investimentos (Maputo - Mozambique)
Banco Compartamos,Mexico City - Mexico,Banco Compartamos (Mexico City - Mexico)
Banco Conosur,Santiago - Chile,Banco Conosur (Santiago - Chile)
Banco Consorcio,Santiago - Chile,Banco Consorcio (Santiago - Chile)
Banco Continental,Asunción - Paraguay,Banco Continental (Asunción - Paraguay)
Banco Continental,San Pedro Sula - Honduras,Banco Continental (San Pedro Sula - Honduras)
Banco Continental de Panama,Panama City - Panama,Banco Continental de Panama (Panama City - Panama)
Banco Coomeva,Cali - Colombia,Banco Coomeva (Cali - Colombia)
Banco Cooperativo do Brasil,Brasilia - Brazil,Banco Cooperativo do Brasil (Brasilia - Brazil)
Banco Cooperativo Espanol,Madrid - Spain,Banco Cooperativo Espanol (Madrid - Spain)
Banco Cooperativo Sicredi,Porto Alegre - Brazil,Banco Cooperativo Sicredi (Porto Alegre - Brazil)
Banco CoopNacional,Guayaquil - Ecuador,Banco CoopNacional (Guayaquil - Ecuador)
Banco Corficolombiana Panama,Panama City - Panama,Banco Corficolombiana Panama (Panama City - Panama)
Banco Corporativo,Guatemala City - Guatemala,Banco Corporativo (Guatemala City - Guatemala)
Banco Covalto,Mexico City - Mexico,Banco Covalto (Mexico City - Mexico)
Banco Credicoop,Buenos Aires - Argentina,Banco Credicoop (Buenos Aires - Argentina)
Banco Credicorp,Guatemala City - Guatemala,Banco Credicorp (Guatemala City - Guatemala)
Banco Credit Agricole Brasil,São Paulo - Brazil,Banco Credit Agricole Brasil (São Paulo - Brazil)
Banco Credit Andorra Panama,Panama City - Panama,Banco Credit Andorra Panama (Panama City - Panama)
Banco Credito Agricola de Cartago,Cartago - Costa Rica,Banco Credito Agricola de Cartago (Cartago - Costa Rica)
Banco Credito Argent.,Buenos Aires - Argentina,Banco Credito Argent. (Buenos Aires - Argentina)
Banco Cruzeiro do Sul,São Paulo - Brazil,Banco Cruzeiro do Sul (São Paulo - Brazil)
Banco CTT,Lisbon - Portugal,Banco CTT (Lisbon - Portugal)
Banco Cuscatlan,San Salvador - El Salvador,Banco Cuscatlan (San Salvador - El Salvador)
Banco Cuscatlan de Honduras,Tegucigalpa - Honduras,Banco Cuscatlan de Honduras (Tegucigalpa - Honduras)
Banco D Miro,Guayaquil - Ecuador,Banco D Miro (Guayaquil - Ecuador)
Banco da Amazonia,Belem - Brazil,Banco da Amazonia (Belem - Brazil)
Banco Davivienda,Bogotá D.C. - Colombia,Banco Davivienda (Bogotá D.C. - Colombia)
Banco Davivienda Costa Rica,San José - Costa Rica,Banco Davivienda Costa Rica (San José - Costa Rica)
Banco Davivienda El Salvador,San Salvador - El Salvador,Banco Davivienda El Salvador (San Salvador - El Salvador)
Banco Davivienda Honduras,Tegucigalpa - Honduras,Banco Davivienda Honduras (Tegucigalpa - Honduras)
Banco Davivienda Panama,Panama City - Panama,Banco Davivienda Panama (Panama City - Panama)
Banco Daycoval,São Paulo - Brazil,Banco Daycoval (São Paulo - Brazil)
Banco de America Central Bahamas,Nassau - Bahamas,Banco de America Central Bahamas (Nassau - Bahamas)
Banco de America Central El Salvador,San Salvador - El Salvador,Banco de America Central El Salvador (San Salvador - El Salvador)
Banco de America Central Guatemala,Guatemala City - Guatemala,Banco de America Central Guatemala (Guatemala City - Guatemala)
Banco de America Central Honduras,Tegucigalpa - Honduras,Banco de America Central Honduras (Tegucigalpa - Honduras)
Banco de America Central Nicaragua,Managua - Nicaragua,Banco de America Central Nicaragua (Managua - Nicaragua)
Banco de America Central Panama,Panama City - Panama,Banco de America Central Panama (Panama City - Panama)
Banco de America Central San Jose,San José - Costa Rica,Banco de America Central San Jose (San José - Costa Rica)
Banco de Antigua,Guatemala City - Guatemala,Banco de Antigua (Guatemala City - Guatemala)
Banco de Bogota,Bogotá D.C. - Colombia,Banco de Bogota (Bogotá D.C. - Colombia)
Banco de Bogota Bahamas,Nassau - Bahamas,Banco de Bogota Bahamas (Nassau - Bahamas)
Banco de Bogota Panama,Panama City - Panama,Banco de Bogota Panama (Panama City - Panama)
Banco de Brasilia,Brasilia - Brazil,Banco de Brasilia (Brasilia - Brazil)
"Banco de Caja Espana de Inversiones, Salamanca y Soria",Salamanca - Spain,"Banco de Caja Espana de Inversiones, Salamanca y Soria (Salamanca - Spain)"
Banco de Castilla,Salamanca - Spain,Banco de Castilla (Salamanca - Spain)
Banco de Chile,Santiago - Chile,Banco de Chile (Santiago - Chile)
Banco de Comercio,Lima - Peru,Banco de Comercio (Lima - Peru)
Banco de Comercio,Buenos Aires - Argentina,Banco de Comercio (Buenos Aires - Argentina)
Banco de Comercio Exterior,Caracas - Venezuela,Banco de Comercio Exterior (Caracas - Venezuela)
Banco de Cordoba,Córdoba - Argentina,Banco de Cordoba (Córdoba - Argentina)
Banco de Corrientes,Corrientes - Argentina,Banco de Corrientes (Corrientes - Argentina)
Banco de Costa Rica,San José - Costa Rica,Banco de Costa Rica (San José - Costa Rica)
Banco de Credito,Guatemala City - Guatemala,Banco de Credito (Guatemala City - Guatemala)
Banco de Credito de Bolivia,La Paz - Bolivia,Banco de Credito de Bolivia (La Paz - Bolivia)
Banco de Credito del Peru,Lima - Peru,Banco de Credito del Peru (Lima - Peru)
Banco de Credito del Peru Panama,Panama City - Panama,Banco de Credito del Peru Panama (Panama City - Panama)
Banco de Credito do Sul,Luanda - Angola,Banco de Credito do Sul (Luanda - Angola)
Banco de Credito e Inversiones,BCI,Banco de Credito e Inversiones (BCI) (Santiago - Chile)
Banco de Credito Nacional,São Paulo - Brazil,Banco de Credito Nacional (São Paulo - Brazil)
Banco de Credito y Comercio,BANDEC,Banco de Credito y Comercio (BANDEC) (La Habana - Cuba)
Banco de Credito y Securitazacion,BACS,Banco de Credito y Securitazacion (BACS) (Buenos Aires - Argentina)
Banco de Desarrollo Rural,Guatemala City - Guatemala,Banco de Desarrollo Rural (Guatemala City - Guatemala)
Banco de Desarrollo Rural Honduras,Tegucigalpa - Honduras,Banco de Desarrollo Rural Honduras (Tegucigalpa - Honduras)
Banco de Exportacion,Guatemala City - Guatemala,Banco de Exportacion (Guatemala City - Guatemala)
Banco de Exportacion y Comercio,Caracas - Venezuela,Banco de Exportacion y Comercio (Caracas - Venezuela)
Banco de Finanzas,Managua - Nicaragua,Banco de Finanzas (Managua - Nicaragua)
Banco de Finanzas Internacional,Panama City - Panama,Banco de Finanzas Internacional (Panama City - Panama)
Banco de Fomento a la Producion,Managua - Nicaragua,Banco de Fomento a la Producion (Managua - Nicaragua)
Banco de Fomento Agropecuario,BFA,Banco de Fomento Agropecuario (BFA) (Santa Tecla - El Salvador)
Banco de Fomento Angola,BFA,Banco de Fomento Angola (BFA) (Luanda - Angola)
Banco de Galicia,Buenos Aires - Argentina,Banco de Galicia (Buenos Aires - Argentina)
Banco de Honduras,Tegucigalpa - Honduras,Banco de Honduras (Tegucigalpa - Honduras)
Banco de Inversion y Comercio Exterior,BICE,Banco de Inversion y Comercio Exterior (BICE) (Buenos Aires - Argentina)
Banco de Inversiones,La Habana - Cuba,Banco de Inversiones (La Habana - Cuba)
Banco de Investimento Global,Lisbon - Portugal,Banco de Investimento Global (Lisbon - Portugal)
Banco de Investimento Global Mozambique,Maputo - Mozambique,Banco de Investimento Global Mozambique (Maputo - Mozambique)
Banco de la Ciudad de Buenos Aires,Buenos Aires - Argentina,Banco de la Ciudad de Buenos Aires (Buenos Aires - Argentina)
Banco de la Fuerza Armada Nacional,Caracas - Venezuela,Banco de la Fuerza Armada Nacional (Caracas - Venezuela)
Banco de la Nacion,San Isidro - Peru,Banco de la Nacion (San Isidro - Peru)
Banco de la Nacion Argentina,Buenos Aires - Argentina,Banco de la Nacion Argentina (Buenos Aires - Argentina)
Banco de la Nacion Argentina Bolivia,Santa Cruz - Bolivia,Banco de la Nacion Argentina Bolivia (Santa Cruz - Bolivia)
Banco de la Nacion Argentina Chile,Santiago - Chile,Banco de la Nacion Argentina Chile (Santiago - Chile)
Banco de la Nacion Argentina Panama,Panama City - Panama,Banco de la Nacion Argentina Panama (Panama City - Panama)
Banco de la Nacion Argentina Paraguay,Asunción - Paraguay,Banco de la Nacion Argentina Paraguay (Asunción - Paraguay)
Banco de la Nacion Argentina Uruguay,Montevideo - Uruguay,Banco de la Nacion Argentina Uruguay (Montevideo - Uruguay)
Banco de La Pampa,Santa Rosa La Pampa - Argentina,Banco de La Pampa (Santa Rosa La Pampa - Argentina)
Banco de la Produccion,Managua - Nicaragua,Banco de la Produccion (Managua - Nicaragua)
Banco de la Provincia de Buenos Aires,Buenos Aires - Argentina,Banco de la Provincia de Buenos Aires (Buenos Aires - Argentina)
Banco de la Republica,Guatemala City - Guatemala,Banco de la Republica (Guatemala City - Guatemala)
Banco de la Republica,Montevideo - Uruguay,Banco de la Republica (Montevideo - Uruguay)
Banco de la Republica Oriental del Uruguay,Buenos Aires - Argentina,Banco de la Republica Oriental del Uruguay (Buenos Aires - Argentina)
Banco de las Microfinanzas,Bogotá D.C. - Colombia,Banco de las Microfinanzas (Bogotá D.C. - Colombia)
Banco de Loja,Loja - Ecuador,Banco de Loja (Loja - Ecuador)
Banco de los Trabajadores,Guatemala City - Guatemala,Banco de los Trabajadores (Guatemala City - Guatemala)
Banco de los Trabajadores,Tegucigalpa - Honduras,Banco de los Trabajadores (Tegucigalpa - Honduras)
Banco de Machala,Machala - Ecuador,Banco de Machala (Machala - Ecuador)
Banco de Negocios Internacional,Luanda - Angola,Banco de Negocios Internacional (Luanda - Angola)
Banco de Occidente,Cali - Colombia,Banco de Occidente (Cali - Colombia)
Banco de Occidente Honduras,Tegucigalpa - Honduras,Banco de Occidente Honduras (Tegucigalpa - Honduras)
Banco de Occidente Panama,Panama City - Panama,Banco de Occidente Panama (Panama City - Panama)
Banco de Pernambuco,Recife - Brazil,Banco de Pernambuco (Recife - Brazil)
Banco de Poupanca e Credito,Luanda - Angola,Banco de Poupanca e Credito (Luanda - Angola)
Banco de Reservas de la Republica Dominicana,Santo Domingo - Dominican Republic,Banco de Reservas de la Republica Dominicana (Santo Domingo - Dominican Republic)
Banco de Sabadell,Sabadell - Spain,Banco de Sabadell (Sabadell - Spain)
Banco de San Juan,San Juan - Argentina,Banco de San Juan (San Juan - Argentina)
Banco de Servicios Financieros,Buenos Aires - Argentina,Banco de Servicios Financieros (Buenos Aires - Argentina)
Banco de Servicios y Transacciones,BST,Banco de Servicios y Transacciones (BST) (Buenos Aires - Argentina)
Banco de Tierra del Fuego,Ushuaia Tierra del Fuego - Argentina,Banco de Tierra del Fuego (Ushuaia Tierra del Fuego - Argentina)
Banco de Valencia,Valencia - Spain,Banco de Valencia (Valencia - Spain)
Banco de Valores,Buenos Aires - Argentina,Banco de Valores (Buenos Aires - Argentina)
Banco de Venezuela,Caracas - Venezuela,Banco de Venezuela (Caracas - Venezuela)
Banco del Ahorro Nacional y Servicios Financieros,Mexico City - Mexico,Banco del Ahorro Nacional y Servicios Financieros (Mexico City - Mexico)
Banco del Atlantico,Mexico City - Mexico,Banco del Atlantico (Mexico City - Mexico)
Banco del Austro,Cuenca - Ecuador,Banco del Austro (Cuenca - Ecuador)
Banco del Bajio,Leon - Mexico,Banco del Bajio (Leon - Mexico)
Banco del Bienestar,Mexico City - Mexico,Banco del Bienestar (Mexico City - Mexico)
Banco del Caribe,Caracas - Venezuela,Banco del Caribe (Caracas - Venezuela)
Banco del Chubut,Chubut - Argentina,Banco del Chubut (Chubut - Argentina)
Banco del Desarrollo,Santiago - Chile,Banco del Desarrollo (Santiago - Chile)
Banco del Estado de Chile,Santiago - Chile,Banco del Estado de Chile (Santiago - Chile)
Banco del Litoral,Guayaquil - Ecuador,Banco del Litoral (Guayaquil - Ecuador)
Banco del Pacifico,Guayaquil - Ecuador,Banco del Pacifico (Guayaquil - Ecuador)
Banco del Pais,San Pedro Sula - Honduras,Banco del Pais (San Pedro Sula - Honduras)
Banco del Pichincha Spain,Madrid - Spain,Banco del Pichincha Spain (Madrid - Spain)
Banco del Pueblo Soberano,Caracas - Venezuela,Banco del Pueblo Soberano (Caracas - Venezuela)
Banco del Quetzal,Guatemala City - Guatemala,Banco del Quetzal (Guatemala City - Guatemala)
Banco del Sol,Buenos Aires - Argentina,Banco del Sol (Buenos Aires - Argentina)
Banco del Sur,Puerto Ordaz - Venezuela,Banco del Sur (Puerto Ordaz - Venezuela)
Banco del Tesoro,Caracas - Venezuela,Banco del Tesoro (Caracas - Venezuela)
Banco del Tucuman,San Miguel del Tucumán - Argentina,Banco del Tucuman (San Miguel del Tucumán - Argentina)
Banco Delta,Panama City - Panama,Banco Delta (Panama City - Panama)
Banco Delta Asia,Macau - Macau,Banco Delta Asia (Macau - Macau S.A.R.)
Banco Desarrolo,Quito - Ecuador,Banco Desarrolo (Quito - Ecuador)
Banco di Caribe,Willemstad - Netherlands Antilles,Banco di Caribe (Willemstad - Netherlands Antilles)
Banco di Desio e della Brianza,Desio - Italy,Banco di Desio e della Brianza (Desio - Italy)
Banco di Napoli,Naples - Italy,Banco di Napoli (Naples - Italy)
Banco di Sardegna,Sassari - Italy,Banco di Sardegna (Sassari - Italy)
Banco di Sicilia,Palermo - Italy,Banco di Sicilia (Palermo - Italy)
Banco Dibens,São Paulo - Brazil,Banco Dibens (São Paulo - Brazil)
Banco Diners Club,Quito - Ecuador,Banco Diners Club (Quito - Ecuador)
Banco Dino,Córdoba - Argentina,Banco Dino (Córdoba - Argentina)
Banco do Brasil,Brasilia - Brazil,Banco do Brasil (Brasilia - Brazil)
Banco do Brasil Americas,Miami (FL,Banco do Brasil Americas (Miami (FL) - US)
Banco do Brasil Argentina,Buenos Aires - Argentina,Banco do Brasil Argentina (Buenos Aires - Argentina)
Banco do Brasil Austria,Vienna - Austria,Banco do Brasil Austria (Vienna - Austria)
Banco do Brasil Bolivia,La Paz - Bolivia,Banco do Brasil Bolivia (La Paz - Bolivia)
Banco do Brasil Chile,Santiago - Chile,Banco do Brasil Chile (Santiago - Chile)
Banco do Brasil Paraguay,Asunción - Paraguay,Banco do Brasil Paraguay (Asunción - Paraguay)
Banco do Estado da Bahia,Salvador - Brazil,Banco do Estado da Bahia (Salvador - Brazil)
Banco do Estado de Santa Catarina,Florianopolis - Brazil,Banco do Estado de Santa Catarina (Florianopolis - Brazil)
Banco do Estado de Sergipe,Aracaju - Brazil,Banco do Estado de Sergipe (Aracaju - Brazil)
Banco do Estado do Espirito Santo,Vitoria - Brazil,Banco do Estado do Espirito Santo (Vitoria - Brazil)
Banco do Estado do Para,Belem - Brazil,Banco do Estado do Para (Belem - Brazil)
Banco do Estado do Parana,Curitiba - Brazil,Banco do Estado do Parana (Curitiba - Brazil)
Banco do Estado do Rio Grande do Sul,Porto Alegre - Brazil,Banco do Estado do Rio Grande do Sul (Porto Alegre - Brazil)
Banco do Nordeste do Brasil,Fortaleza - Brazil,Banco do Nordeste do Brasil (Fortaleza - Brazil)
Banco Dominicano del Progreso,Santo Domingo - Dominican Republic,Banco Dominicano del Progreso (Santo Domingo - Dominican Republic)
Banco Economico,Santa Cruz - Bolivia,Banco Economico (Santa Cruz - Bolivia)
Banco Economico Angolano,Luanda - Angola,Banco Economico Angolano (Luanda - Angola)
Banco Espanol de Credito,Madrid - Spain,Banco Espanol de Credito (Madrid - Spain)
Banco Espirito Santo,Lisbon - Portugal,Banco Espirito Santo (Lisbon - Portugal)
Banco Espirito Santo Angola,Largo das Ingombotas - Angola,Banco Espirito Santo Angola (Largo das Ingombotas - Angola)
Banco Exterior,Caracas - Venezuela,Banco Exterior (Caracas - Venezuela)
Banco Exterior de Cuba,BEC,Banco Exterior de Cuba (BEC) (La Habana - Cuba)
Banco Falabella,Santiago - Chile,Banco Falabella (Santiago - Chile)
Banco Falabella Colombia,Bogotá D.C. - Colombia,Banco Falabella Colombia (Bogotá D.C. - Colombia)
Banco Falabella Peru,Lima - Peru,Banco Falabella Peru (Lima - Peru)
Banco Familiar,jejui - Paraguay,Banco Familiar (jejui - Paraguay)
Banco Fator,São Paulo - Brazil,Banco Fator (São Paulo - Brazil)
Banco Federal,Caracas - Venezuela,Banco Federal (Caracas - Venezuela)
Banco Fibra,São Paulo - Brazil,Banco Fibra (São Paulo - Brazil)
Banco Ficohsa Guatemala,Guatemala City - Guatemala,Banco Ficohsa Guatemala (Guatemala City - Guatemala)
Banco Ficohsa Nicaragua,Managua - Nicaragua,Banco Ficohsa Nicaragua (Managua - Nicaragua)
Banco Ficohsa Panama,Panama City - Panama,Banco Ficohsa Panama (Panama City - Panama)
Banco Financiera Centroamericana,Tegucigalpa - Honduras,Banco Financiera Centroamericana (Tegucigalpa - Honduras)
Banco Financiero Comercial Hondurena,Tegucigalpa - Honduras,Banco Financiero Comercial Hondurena (Tegucigalpa - Honduras)
Banco Finandina,Bogotá D.C. - Colombia,Banco Finandina (Bogotá D.C. - Colombia)
Banco Finansur,Buenos Aires - Argentina,Banco Finansur (Buenos Aires - Argentina)
Banco Finantia,Lisbon - Portugal,Banco Finantia (Lisbon - Portugal)
Banco Finantia Spain,Madrid - Spain,Banco Finantia Spain (Madrid - Spain)
Banco Fondo Comun,BFC,Banco Fondo Comun (BFC) (Caracas - Venezuela)
Banco Forjadores,Mexico City - Mexico,Banco Forjadores (Mexico City - Mexico)
Banco Formosa,Formosa - Argentina,Banco Formosa (Formosa - Argentina)
Banco Fortaleza,La Paz - Bolivia,Banco Fortaleza (La Paz - Bolivia)
Banco Frances e Brasileiro,São Paulo - Brazil,Banco Frances e Brasileiro (São Paulo - Brazil)
Banco G&T Continental El Salvador,San Salvador - El Salvador,Banco G&T Continental El Salvador (San Salvador - El Salvador)
Banco G&T Continental Panama,Panama City - Panama,Banco G&T Continental Panama (Panama City - Panama)
Banco Galicia Uruguay,Montevideo - Uruguay,Banco Galicia Uruguay (Montevideo - Uruguay)
Banco Gallego,La Coruña - Spain,Banco Gallego (La Coruña - Spain)
Banco Ganadero,Santa Cruz - Bolivia,Banco Ganadero (Santa Cruz - Bolivia)
Banco General,Panama City - Panama,Banco General (Panama City - Panama)
Banco General Costa Rica,San José - Costa Rica,Banco General Costa Rica (San José - Costa Rica)
Banco General de Negocios,Buenos Aires - Argentina,Banco General de Negocios (Buenos Aires - Argentina)
Banco General Ruminahui,Quito - Ecuador,Banco General Ruminahui (Quito - Ecuador)
Banco GNB Paraguay,Asunción - Paraguay,Banco GNB Paraguay (Asunción - Paraguay)
Banco GNB Peru,Lima - Peru,Banco GNB Peru (Lima - Peru)
Banco GNB Sudameris,Bogotá D.C. - Colombia,Banco GNB Sudameris (Bogotá D.C. - Colombia)
Banco Grupo Cajatres,Zaragoza - Spain,Banco Grupo Cajatres (Zaragoza - Spain)
Banco Grupo El Ahorro Hondureno,Tegucigalpa - Honduras,Banco Grupo El Ahorro Hondureno (Tegucigalpa - Honduras)
Banco Guanabara,Rio de Janeiro - Brazil,Banco Guanabara (Rio de Janeiro - Brazil)
Banco Guayana,Puerto Ordaz - Venezuela,Banco Guayana (Puerto Ordaz - Venezuela)
Banco Guayaquil,Guayaquil - Ecuador,Banco Guayaquil (Guayaquil - Ecuador)
Banco Guipuzcoano,San Sebastian - Spain,Banco Guipuzcoano (San Sebastian - Spain)
Banco Hipotecario,Buenos Aires - Argentina,Banco Hipotecario (Buenos Aires - Argentina)
Banco Hipotecario de El Salvador,San Salvador - El Salvador,Banco Hipotecario de El Salvador (San Salvador - El Salvador)
Banco Hipotecario de la Vivienda,San José - Costa Rica,Banco Hipotecario de la Vivienda (San José - Costa Rica)
Banco Hipotecario del Uruguay,BHU,Banco Hipotecario del Uruguay (BHU) (Montevideo - Uruguay)
Banco Hondureno del Cafe,Tegucigalpa - Honduras,Banco Hondureno del Cafe (Tegucigalpa - Honduras)
Banco Improsa,San José - Costa Rica,Banco Improsa (San José - Costa Rica)
Banco Inbursa,Mexico City - Mexico,Banco Inbursa (Mexico City - Mexico)
Banco Inbursa Brasil,São Paulo - Brazil,Banco Inbursa Brasil (São Paulo - Brazil)
Banco Industrial,Buenos Aires - Argentina,Banco Industrial (Buenos Aires - Argentina)
Banco Industrial,Guatemala City - Guatemala,Banco Industrial (Guatemala City - Guatemala)
Banco Industrial de Venezuela,Caracas - Venezuela,Banco Industrial de Venezuela (Caracas - Venezuela)
Banco Industrial do Brasil,São Paulo - Brazil,Banco Industrial do Brasil (São Paulo - Brazil)
Banco Industrial El Salvador,San Salvador - El Salvador,Banco Industrial El Salvador (San Salvador - El Salvador)
Banco Inmobiliario,Guatemala City - Guatemala,Banco Inmobiliario (Guatemala City - Guatemala)
Banco Inmobiliario Mexicano,Mexico City - Mexico,Banco Inmobiliario Mexicano (Mexico City - Mexico)
Banco Integracion,Ciudad del Este - Paraguay,Banco Integracion (Ciudad del Este - Paraguay)
Banco Inter,Belo Horizonte - Brazil,Banco Inter (Belo Horizonte - Brazil)
Banco Inter American Express,São Paulo - Brazil,Banco Inter American Express (São Paulo - Brazil)
Banco Interamericano de Finanza,BanBif,Banco Interamericano de Finanza (BanBif) (Lima - Peru)
Banco Interatlantico,Praia - Cape Verde,Banco Interatlantico (Praia - Cape Verde)
Banco Interfin,San José - Costa Rica,Banco Interfin (San José - Costa Rica)
Banco Interfinanzas,Buenos Aires - Argentina,Banco Interfinanzas (Buenos Aires - Argentina)
Banco Interfisa,Asunción - Paraguay,Banco Interfisa (Asunción - Paraguay)
Banco Internacional,Guatemala City - Guatemala,Banco Internacional (Guatemala City - Guatemala)
Banco Internacional,Santiago - Chile,Banco Internacional (Santiago - Chile)
Banco Internacional,Quito - Ecuador,Banco Internacional (Quito - Ecuador)
Banco Internacional da Guinee-Bissau,Bissau - Guinea-Bissau,Banco Internacional da Guinee-Bissau (Bissau - Guinea-Bissau)
Banco Internacional de Comercio,La Habana - Cuba,Banco Internacional de Comercio (La Habana - Cuba)
Banco Internacional de Costa Rica,San José - Costa Rica,Banco Internacional de Costa Rica (San José - Costa Rica)
Banco Internacional de Costa Rica Panama,Panama City - Panama,Banco Internacional de Costa Rica Panama (Panama City - Panama)
Banco Internacional de Desarrollo,Caracas - Venezuela,Banco Internacional de Desarrollo (Caracas - Venezuela)
Banco Internacional del Peru,Lima - Peru,Banco Internacional del Peru (Lima - Peru)
Banco Internacional do Funchal,Lisbon - Portugal,Banco Internacional do Funchal (Lisbon - Portugal)
Banco INV,Guatemala City - Guatemala,Banco INV (Guatemala City - Guatemala)
Banco Invest,Lisbon - Portugal,Banco Invest (Lisbon - Portugal)
Banco Invex,Mexico City - Mexico,Banco Invex (Mexico City - Mexico)
Banco Itau Argentina,Buenos Aires - Argentina,Banco Itau Argentina (Buenos Aires - Argentina)
Banco Itau BBA,São Paulo - Brazil,Banco Itau BBA (São Paulo - Brazil)
Banco Itau Colombia,Bogotá D.C. - Colombia,Banco Itau Colombia (Bogotá D.C. - Colombia)
Banco Itau CorpBanca Colombia,Bogotá D.C. - Colombia,Banco Itau CorpBanca Colombia (Bogotá D.C. - Colombia)
Banco Itau Holding Financeira,São Paulo - Brazil,Banco Itau Holding Financeira (São Paulo - Brazil)
Banco Itau International,Lisbon - Portugal,Banco Itau International (Lisbon - Portugal)
Banco Itau Paraguay,Asunción - Paraguay,Banco Itau Paraguay (Asunción - Paraguay)
Banco Itau Uruguay,Montevideo - Uruguay,Banco Itau Uruguay (Montevideo - Uruguay)
Banco JP Morgan Brazil,São Paulo - Brazil,Banco JP Morgan Brazil (São Paulo - Brazil)
Banco Julio,Córdoba - Argentina,Banco Julio (Córdoba - Argentina)
Banco KDB Brasil,São Paulo - Brazil,Banco KDB Brasil (São Paulo - Brazil)
Banco KEB Hana do Brasil,São Paulo - Brazil,Banco KEB Hana do Brasil (São Paulo - Brazil)
Banco KEB Hana Mexico,Mexico City - Mexico,Banco KEB Hana Mexico (Mexico City - Mexico)
Banco Keve,Luanda - Angola,Banco Keve (Luanda - Angola)
Banco La Hipotecaria,Panama City - Panama,Banco La Hipotecaria (Panama City - Panama)
Banco Lafise Bancentro,Managua - Nicaragua,Banco Lafise Bancentro (Managua - Nicaragua)
Banco Lafise Costa Rica,San José - Costa Rica,Banco Lafise Costa Rica (San José - Costa Rica)
Banco Lafise Honduras,Tegucigalpa - Honduras,Banco Lafise Honduras (Tegucigalpa - Honduras)
Banco Lafise Panama,Panama City - Panama,Banco Lafise Panama (Panama City - Panama)
Banco Latinoamericano de Comercio Exterior,Panama City - Panama,Banco Latinoamericano de Comercio Exterior (Panama City - Panama)
Banco Los Andes ProCredit,La Paz - Bolivia,Banco Los Andes ProCredit (La Paz - Bolivia)
Banco Luso Brasileiro,São Paulo - Brazil,Banco Luso Brasileiro (São Paulo - Brazil)
Banco Macro,Buenos Aires - Argentina,Banco Macro (Buenos Aires - Argentina)
Banco Mare Nostrum,Madrid - Spain,Banco Mare Nostrum (Madrid - Spain)
Banco Mariva,Buenos Aires - Argentina,Banco Mariva (Buenos Aires - Argentina)
Banco Master,Rio de Janeiro - Brazil,Banco Master (Rio de Janeiro - Brazil)
Banco Masventas,Salta - Argentina,Banco Masventas (Salta - Argentina)
Banco Mediolanum Spain,Barcelona - Spain,Banco Mediolanum Spain (Barcelona - Spain)
Banco Mello,Lisbon - Portugal,Banco Mello (Lisbon - Portugal)
Banco Mercantil,Tegucigalpa - Honduras,Banco Mercantil (Tegucigalpa - Honduras)
Banco Mercantil,Caracas - Venezuela,Banco Mercantil (Caracas - Venezuela)
Banco Mercantil de Sao Paulo,São Paulo - Brazil,Banco Mercantil de Sao Paulo (São Paulo - Brazil)
Banco Mercantil del Norte,Mexico City - Mexico,Banco Mercantil del Norte (Mexico City - Mexico)
Banco Mercantil do Brasil,Belo Horizonte - Brazil,Banco Mercantil do Brasil (Belo Horizonte - Brazil)
Banco Mercantil Panama,Panama City - Panama,Banco Mercantil Panama (Panama City - Panama)
Banco Mercantil Santa Cruz,La Paz - Bolivia,Banco Mercantil Santa Cruz (La Paz - Bolivia)
Banco Mercantil Switzerland,Zurich - Switzerland,Banco Mercantil Switzerland (Zurich - Switzerland)
Banco Mercurio,Buenos Aires - Argentina,Banco Mercurio (Buenos Aires - Argentina)
Banco Meridian,Buenos Aires - Argentina,Banco Meridian (Buenos Aires - Argentina)
Banco Mifel,Mexico City - Mexico,Banco Mifel (Mexico City - Mexico)
Banco Millennium Atlantico Angola,Luanda - Angola,Banco Millennium Atlantico Angola (Luanda - Angola)
Banco Mizuho do Brasil,São Paulo - Brazil,Banco Mizuho do Brasil (São Paulo - Brazil)
Banco Modal,Rio de Janeiro - Brazil,Banco Modal (Rio de Janeiro - Brazil)
Banco Monex,Mexico City - Mexico,Banco Monex (Mexico City - Mexico)
Banco Montepio,Lisbon - Portugal,Banco Montepio (Lisbon - Portugal)
Banco Morgan Stanley Brazil,São Paulo - Brazil,Banco Morgan Stanley Brazil (São Paulo - Brazil)
Banco Multiple BHD Leon,Santo Domingo - Dominican Republic,Banco Multiple BHD Leon (Santo Domingo - Dominican Republic)
Banco Multiple Caribe,Santiago - Dominican Republic,Banco Multiple Caribe (Santiago - Dominican Republic)
"Banco Múltiple León, S.A.",Santo Domingo - Dominican Republic,"Banco Múltiple León, S.A. (Santo Domingo - Dominican Republic)"
Banco Multiva,Mexico City - Mexico,Banco Multiva (Mexico City - Mexico)
Banco Mundo Mujer,Popayan - Colombia,Banco Mundo Mujer (Popayan - Colombia)
Banco Municipal de Rosario,Santa Fe - Argentina,Banco Municipal de Rosario (Santa Fe - Argentina)
Banco Nacional de Bolivia,La Paz - Bolivia,Banco Nacional de Bolivia (La Paz - Bolivia)
Banco Nacional de Costa Rica,San José - Costa Rica,Banco Nacional de Costa Rica (San José - Costa Rica)
Banco Nacional de Credito,Caracas - Venezuela,Banco Nacional de Credito (Caracas - Venezuela)
Banco Nacional de Credito Imobiliaro,BNC,Banco Nacional de Credito Imobiliaro (BNC) (Lisbon - Portugal)
Banco Nacional de Fomento,Asunción - Paraguay,Banco Nacional de Fomento (Asunción - Paraguay)
Banco Nacional de la Construccion,Santo Domingo - Dominican Republic,Banco Nacional de la Construccion (Santo Domingo - Dominican Republic)
Banco Nacional de Panama,Panama City - Panama,Banco Nacional de Panama (Panama City - Panama)
Banco Nacional Ultramarino,Lisbon - Portugal,Banco Nacional Ultramarino (Lisbon - Portugal)
Banco Nacional Ultramarino Macau,Macau - Macau,Banco Nacional Ultramarino Macau (Macau - Macau S.A.R.)
Banco Neon,Belo Horizonte - Brazil,Banco Neon (Belo Horizonte - Brazil)
Banco Occidental de Descuento,Maracaibo - Venezuela,Banco Occidental de Descuento (Maracaibo - Venezuela)
Banco Original,Porto Alegre - Brazil,Banco Original (Porto Alegre - Brazil)
Banco PagaTodo,Mexico City - Mexico,Banco PagaTodo (Mexico City - Mexico)
Banco Panama,Panama City - Panama,Banco Panama (Panama City - Panama)
Banco Panameno de la Vivienda,Panama City - Panama,Banco Panameno de la Vivienda (Panama City - Panama)
Banco para el Fomento a Iniciativas Economicas,La Paz - Bolivia,Banco para el Fomento a Iniciativas Economicas (La Paz - Bolivia)
Banco Paris,Santiago - Chile,Banco Paris (Santiago - Chile)
Banco Pastor,La Coruña - Spain,Banco Pastor (La Coruña - Spain)
Banco Patagonia,Buenos Aires - Argentina,Banco Patagonia (Buenos Aires - Argentina)
Banco Paulista,São Paulo - Brazil,Banco Paulista (São Paulo - Brazil)
Banco Penta,Santiago - Chile,Banco Penta (Santiago - Chile)
Banco Piano,Buenos Aires - Argentina,Banco Piano (Buenos Aires - Argentina)
Banco Pichinca,Quito - Ecuador,Banco Pichinca (Quito - Ecuador)
Banco Pichincha Colombia,Bogotá D.C. - Colombia,Banco Pichincha Colombia (Bogotá D.C. - Colombia)
Banco Pichincha Panama,Panama City - Panama,Banco Pichincha Panama (Panama City - Panama)
Banco Pichincha Peru,Lima - Peru,Banco Pichincha Peru (Lima - Peru)
Banco Pine,São Paulo - Brazil,Banco Pine (São Paulo - Brazil)
Banco Pinto & Sotto Mayor,Lisbon - Portugal,Banco Pinto & Sotto Mayor (Lisbon - Portugal)
Banco Plaza,Caracas - Venezuela,Banco Plaza (Caracas - Venezuela)
Banco Popolare Croatia,Zagreb - Croatia,Banco Popolare Croatia (Zagreb - Croatia)
Banco Popolare di Milano,Verona - Italy,Banco Popolare di Milano (Verona - Italy)
Banco Popolare Hungary,Budapest - Hungary,Banco Popolare Hungary (Budapest - Hungary)
Banco Popolare Luxembourg,Luxembourg - Luxembourg,Banco Popolare Luxembourg (Luxembourg - Luxembourg)
Banco Popular,San Pedro Sula - Honduras,Banco Popular (San Pedro Sula - Honduras)
Banco Popular,Bogotá D.C. - Colombia,Banco Popular (Bogotá D.C. - Colombia)
Banco Popular,Madrid - Spain,Banco Popular (Madrid - Spain)
Banco Popular de Ahorro,La Habana - Cuba,Banco Popular de Ahorro (La Habana - Cuba)
Banco Popular Dominicano,Santo Domingo - Dominican Republic,Banco Popular Dominicano (Santo Domingo - Dominican Republic)
Banco Popular Portugal,Lisbon - Portugal,Banco Popular Portugal (Lisbon - Portugal)
Banco Popular y de Desarrollo Comunal,San José - Costa Rica,Banco Popular y de Desarrollo Comunal (San José - Costa Rica)
Banco Portugues de Investimento,BPI,Banco Portugues de Investimento (BPI) (Porto - Portugal)
Banco Portugues do Atlantico,Porto - Portugal,Banco Portugues do Atlantico (Porto - Portugal)
Banco Primus,Lisbon - Portugal,Banco Primus (Lisbon - Portugal)
Banco Privado Atlantico,Luanda - Angola,Banco Privado Atlantico (Luanda - Angola)
Banco Privado Atlantico Europa,Lisbon - Portugal,Banco Privado Atlantico Europa (Lisbon - Portugal)
Banco Privado de Inversiones,Buenos Aires - Argentina,Banco Privado de Inversiones (Buenos Aires - Argentina)
Banco Privado para el Desarrollo,Guatemala City - Guatemala,Banco Privado para el Desarrollo (Guatemala City - Guatemala)
Banco ProCredit Colombia,Bogotá D.C. - Colombia,Banco ProCredit Colombia (Bogotá D.C. - Colombia)
Banco ProCredit Ecuador,Quito - Ecuador,Banco ProCredit Ecuador (Quito - Ecuador)
Banco Profesional,Santo Domingo - Dominican Republic,Banco Profesional (Santo Domingo - Dominican Republic)
Banco Promerica Costa Rica,San José - Costa Rica,Banco Promerica Costa Rica (San José - Costa Rica)
Banco Promerica Dominican Republic,Santiago - Dominican Republic,Banco Promerica Dominican Republic (Santiago - Dominican Republic)
Banco Promerica Ecuador,Quito - Ecuador,Banco Promerica Ecuador (Quito - Ecuador)
Banco Promerica El Salvador,San Salvador - El Salvador,Banco Promerica El Salvador (San Salvador - El Salvador)
Banco Promerica Guatemala,Guatemala City - Guatemala,Banco Promerica Guatemala (Guatemala City - Guatemala)
Banco Promerica Honduras,San Pedro Sula - Honduras,Banco Promerica Honduras (San Pedro Sula - Honduras)
Banco Provincia del Neuquen,Neuquen - Argentina,Banco Provincia del Neuquen (Neuquen - Argentina)
Banco Pueyo,Badajoz - Spain,Banco Pueyo (Badajoz - Spain)
Banco Reformador,Guatemala City - Guatemala,Banco Reformador (Guatemala City - Guatemala)
Banco Regional,Encarnacion - Paraguay,Banco Regional (Encarnacion - Paraguay)
Banco Regional de Cuyo,Mendoza - Argentina,Banco Regional de Cuyo (Mendoza - Argentina)
Banco Regional de Monterrey,BanRegio,Banco Regional de Monterrey (BanRegio) (Monterrey - Mexico)
Banco Rendimento,São Paulo - Brazil,Banco Rendimento (São Paulo - Brazil)
Banco Ribeirao Prato,São Paulo - Brazil,Banco Ribeirao Prato (São Paulo - Brazil)
Banco Rio,Encarnacion - Paraguay,Banco Rio (Encarnacion - Paraguay)
Banco Rioja,La Rioja - Argentina,Banco Rioja (La Rioja - Argentina)
Banco Ripley,Santiago - Chile,Banco Ripley (Santiago - Chile)
Banco Ripley Peru,Lima - Peru,Banco Ripley Peru (Lima - Peru)
Banco Roela,Córdoba - Argentina,Banco Roela (Córdoba - Argentina)
Banco Rural,Belo Horizonte - Brazil,Banco Rural (Belo Horizonte - Brazil)
Banco Rural Europa,Lisbon - Portugal,Banco Rural Europa (Lisbon - Portugal)
Banco S3 CACEIS Mexico,Mexico City - Mexico,Banco S3 CACEIS Mexico (Mexico City - Mexico)
Banco Sabadell Mexico,Mexico City - Mexico,Banco Sabadell Mexico (Mexico City - Mexico)
Banco Saenz,Buenos Aires - Argentina,Banco Saenz (Buenos Aires - Argentina)
Banco Safra,São Paulo - Brazil,Banco Safra (São Paulo - Brazil)
Banco Salvadoreno,San Salvador - El Salvador,Banco Salvadoreno (San Salvador - El Salvador)
Banco Santa Cruz,Santa Cruz - Argentina,Banco Santa Cruz (Santa Cruz - Argentina)
Banco Santa Cruz,Santiago - Dominican Republic,Banco Santa Cruz (Santiago - Dominican Republic)
Banco Santander,Madrid - Spain,Banco Santander (Madrid - Spain)
Banco Santander Brasil,São Paulo - Brazil,Banco Santander Brasil (São Paulo - Brazil)
Banco Santander Chile,Santiago - Chile,Banco Santander Chile (Santiago - Chile)
Banco Santander Colombia,Bogotá D.C. - Colombia,Banco Santander Colombia (Bogotá D.C. - Colombia)
Banco Santander Noroeste,São Paulo - Brazil,Banco Santander Noroeste (São Paulo - Brazil)
Banco Santander Panama,Panama City - Panama,Banco Santander Panama (Panama City - Panama)
Banco Santander Peru,Lima - Peru,Banco Santander Peru (Lima - Peru)
Banco Santander Puerto Rico,Guaynabo (PR,Banco Santander Puerto Rico (Guaynabo (PR) - Puerto Rico)
Banco Santander Rio,Buenos Aires - Argentina,Banco Santander Rio (Buenos Aires - Argentina)
Banco Santander Totta,Lisbon - Portugal,Banco Santander Totta (Lisbon - Portugal)
Banco Santander Uruguay,Montevideo - Uruguay,Banco Santander Uruguay (Montevideo - Uruguay)
Banco Santiago del Estero,Buenos Aires - Argentina,Banco Santiago del Estero (Buenos Aires - Argentina)
Banco SCI,Guatemala City - Guatemala,Banco SCI (Guatemala City - Guatemala)
Banco Scotiabank Colpatria,Bogotá D.C. - Colombia,Banco Scotiabank Colpatria (Bogotá D.C. - Colombia)
Banco Security,Santiago - Chile,Banco Security (Santiago - Chile)
Banco Shinhan Mexico,Mexico City - Mexico,Banco Shinhan Mexico (Mexico City - Mexico)
Banco Societe Generale Brazil,São Paulo - Brazil,Banco Societe Generale Brazil (São Paulo - Brazil)
Banco Sofisa,São Paulo - Brazil,Banco Sofisa (São Paulo - Brazil)
Banco Sofitasa,Caracas - Venezuela,Banco Sofitasa (Caracas - Venezuela)
Banco Sol,Luanda - Angola,Banco Sol (Luanda - Angola)
Banco Solidario,Quito - Ecuador,Banco Solidario (Quito - Ecuador)
Banco Solidario,La Paz - Bolivia,Banco Solidario (La Paz - Bolivia)
Banco Standard Chartered Venezuela,Caracas - Venezuela,Banco Standard Chartered Venezuela (Caracas - Venezuela)
Banco Sudamericano,Quito - Ecuador,Banco Sudamericano (Quito - Ecuador)
Banco Sumitomo Mitsui Brasileiro,São Paulo - Brazil,Banco Sumitomo Mitsui Brasileiro (São Paulo - Brazil)
Banco Supervielle,Buenos Aires - Argentina,Banco Supervielle (Buenos Aires - Argentina)
Banco Terra,Maputo - Mozambique,Banco Terra (Maputo - Mozambique)
Banco Territorial,Guayaquil - Ecuador,Banco Territorial (Guayaquil - Ecuador)
Banco Topazio,Navegantes - Brazil,Banco Topazio (Navegantes - Brazil)
Banco Trasatlantico,Panama City - Panama,Banco Trasatlantico (Panama City - Panama)
Banco Triangulo,Uberlandia - Brazil,Banco Triangulo (Uberlandia - Brazil)
Banco Tricury,São Paulo - Brazil,Banco Tricury (São Paulo - Brazil)
Banco Union,Mexico City - Mexico,Banco Union (Mexico City - Mexico)
Banco Union,La Paz - Bolivia,Banco Union (La Paz - Bolivia)
Banco Union Colombiano,Bogotá D.C. - Colombia,Banco Union Colombiano (Bogotá D.C. - Colombia)
Banco Universal,David (Chiriquí,Banco Universal (David (Chiriquí) - Panama)
Banco Universal Regional,Caracas - Venezuela,Banco Universal Regional (Caracas - Venezuela)
Banco Uno Costa Rica,San José - Costa Rica,Banco Uno Costa Rica (San José - Costa Rica)
Banco Uno El Salvador,San Salvador - El Salvador,Banco Uno El Salvador (San Salvador - El Salvador)
Banco Uno Guatemala,Guatemala City - Guatemala,Banco Uno Guatemala (Guatemala City - Guatemala)
Banco Uno Honduras,Tegucigalpa - Honduras,Banco Uno Honduras (Tegucigalpa - Honduras)
Banco Uno Nicaragua,Managua - Nicaragua,Banco Uno Nicaragua (Managua - Nicaragua)
Banco Uno Panama,Panama City - Panama,Banco Uno Panama (Panama City - Panama)
Banco Valor,Luanda - Angola,Banco Valor (Luanda - Angola)
Banco Ve por Mas,Mexico City - Mexico,Banco Ve por Mas (Mexico City - Mexico)
Banco Vimenca,Santo Domingo - Dominican Republic,Banco Vimenca (Santo Domingo - Dominican Republic)
Banco Voii,Buenos Aires - Argentina,Banco Voii (Buenos Aires - Argentina)
Banco Votorantim,São Paulo - Brazil,Banco Votorantim (São Paulo - Brazil)
Banco W,Cali - Colombia,Banco W (Cali - Colombia)
Banco Woori do Brasil,São Paulo - Brazil,Banco Woori do Brasil (São Paulo - Brazil)
Bancolombia,Medellin - Colombia,Bancolombia (Medellin - Colombia)
Bancolombia Cayman,George Town - Cayman Islands,Bancolombia Cayman (George Town - Cayman Islands)
Bancolombia Panama,Panama City - Panama,Bancolombia Panama (Panama City - Panama)
Bancolombia Puerto Rico,San Juan - Puerto Rico,Bancolombia Puerto Rico (San Juan - Puerto Rico)
Bancop,Asunción - Paraguay,Bancop (Asunción - Paraguay)
BancoPosta,Roma - Italy,BancoPosta (Roma - Italy)
Bancoppel,Mexico City - Mexico,Bancoppel (Mexico City - Mexico)
Bancoro Banco Universal Regional,Santiago del Estero - Argentina,Bancoro Banco Universal Regional (Santiago del Estero - Argentina)
Bancorp Rhode Island,Providence (RI,Bancorp Rhode Island (Providence (RI) - US)
Bancplus Corporation,Belzoni (MS,Bancplus Corporation (Belzoni (MS) - US)
Bancpost,Bucharest - Romania,Bancpost (Bucharest - Romania)
Bancrecer,Caracas - Venezuela,Bancrecer (Caracas - Venezuela)
Banctrust Financial Group,Mobile (AL,Banctrust Financial Group (Mobile (AL) - US)
BancWest Corporation,Honolulu (HI,BancWest Corporation (Honolulu (HI) - US)
Bandhan Bank,Calcutta - India,Bandhan Bank (Calcutta - India)
Banesco Banco Universal,Caracas - Venezuela,Banesco Banco Universal (Caracas - Venezuela)
Banesco Panama,Panama City - Panama,Banesco Panama (Panama City - Panama)
Banesco USA,Gables (FL,Banesco USA (Gables (FL) - US)
Banex International Bank Corp,Panama City - Panama,Banex International Bank Corp (Panama City - Panama)
Bangente,Sucre - Venezuela,Bangente (Sucre - Venezuela)
Bangkok Bank,Bangkok - Thailand,Bangkok Bank (Bangkok - Thailand)
Bangkok Bank Cambodia,Phnom Penh - Cambodia,Bangkok Bank Cambodia (Phnom Penh - Cambodia)
Bangkok Bank China,Shanghai - China,Bangkok Bank China (Shanghai - China)
Bangkok Bank Malaysia,Kuala Lumpur - Malaysia,Bangkok Bank Malaysia (Kuala Lumpur - Malaysia)
Bangkok Bank of Commerce,Bangkok - Thailand,Bangkok Bank of Commerce (Bangkok - Thailand)
Bangkok Metropolitan Bank,Bangkok - Thailand,Bangkok Metropolitan Bank (Bangkok - Thailand)
Bangladesh Commerce Bank,Dhaka - Bangladesh,Bangladesh Commerce Bank (Dhaka - Bangladesh)
Bangor Bancorp,Bangor (ME,Bangor Bancorp (Bangor (ME) - US)
Baninvest,Caracas - Venezuela,Baninvest (Caracas - Venezuela)
Banisi,Panama City - Panama,Banisi (Panama City - Panama)
Banistmo,Panama City - Panama,Banistmo (Panama City - Panama)
Banistmo Colombia,Bogotá D.C. - Colombia,Banistmo Colombia (Bogotá D.C. - Colombia)
Bank ABC,Manama - Bahrain,Bank ABC (Manama - Bahrain)
Bank ABC Algeria,Algiers - Algeria,Bank ABC Algeria (Algiers - Algeria)
Bank ABC Jordan,Amman - Jordan,Bank ABC Jordan (Amman - Jordan)
Bank ABC Tunisie,Tunis - Tunisia,Bank ABC Tunisie (Tunis - Tunisia)
Bank Aceh Syariah,Padang (Sumatra,Bank Aceh Syariah (Padang (Sumatra) - Indonesia)
Bank Al Amal,Casablanca - Morocco,Bank Al Amal (Casablanca - Morocco)
Bank Al Etihad,Amman - Jordan,Bank Al Etihad (Amman - Jordan)
Bank AL Habib,Multan - Pakistan,Bank AL Habib (Multan - Pakistan)
Bank Aladin Syariah,Jakarta - Indonesia,Bank Aladin Syariah (Jakarta - Indonesia)
Bank Albilad,Riyadh - Saudi Arabia,Bank Albilad (Riyadh - Saudi Arabia)
Bank Alfalah,Karachi - Pakistan,Bank Alfalah (Karachi - Pakistan)
Bank Alfalah Afghanistan,Kabul - Afghanistan,Bank Alfalah Afghanistan (Kabul - Afghanistan)
Bank Alfalah Bangladesh,Dhaka - Bangladesh,Bank Alfalah Bangladesh (Dhaka - Bangladesh)
Bank Alfalah UAE,Dubai - United Arab Emirates,Bank Alfalah UAE (Dubai - United Arab Emirates)
Bank AlJazira,Jeddah - Saudi Arabia,Bank AlJazira (Jeddah - Saudi Arabia)
Bank Alkhair,Manama - Bahrain,Bank Alkhair (Manama - Bahrain)
Bank and Clients,Belfast - UK,Bank and Clients (Belfast - GB)
Bank Artha Graha Internasional,Jakarta - Indonesia,Bank Artha Graha Internasional (Jakarta - Indonesia)
Bank Asia,Dhaka - Bangladesh,Bank Asia (Dhaka - Bangladesh)
Bank Audi,Beirut - Lebanon,Bank Audi (Beirut - Lebanon)
Bank Audi Syria,Damascus - Syria,Bank Audi Syria (Damascus - Syria)
Bank Australia,Kew - Australia,Bank Australia (Kew - Australia)
Bank Austria,Vienna - Austria,Bank Austria (Vienna - Austria)
Bank Avangard,Moscow - Russia,Bank Avangard (Moscow - Russia)
Bank Bakai,Bishkek - Kyrgyzstan,Bank Bakai (Bishkek - Kyrgyzstan)
Bank Banorient France,Paris - France,Bank Banorient France (Paris - France)
Bank BFG Credit,Moscow - Russia,Bank BFG Credit (Moscow - Russia)
Bank BJB,Bandung - Indonesia,Bank BJB (Bandung - Indonesia)
Bank BPH,Gdansk - Poland,Bank BPH (Gdansk - Poland)
Bank Bumi Arta,Jakarta - Indonesia,Bank Bumi Arta (Jakarta - Indonesia)
Bank Calumet,Hammond (IN,Bank Calumet (Hammond (IN) - US)
Bank Capital,Jakarta - Indonesia,Bank Capital (Jakarta - Indonesia)
Bank CenterCredit,Almaty - Kazakhstan,Bank CenterCredit (Almaty - Kazakhstan)
Bank Central Asia,BCA,Bank Central Asia (BCA) (Jakarta - Indonesia)
Bank Central Asia Syariah,Jakarta - Indonesia,Bank Central Asia Syariah (Jakarta - Indonesia)
Bank Cler,Basel - Switzerland,Bank Cler (Basel - Switzerland)
Bank Creditas,Prague - Czech Republic,Bank Creditas (Prague - Czech Republic)
Bank Danamon Indonesia,Jakarta - Indonesia,Bank Danamon Indonesia (Jakarta - Indonesia)
Bank Degroof Petercam,Brussels - Belgium,Bank Degroof Petercam (Brussels - Belgium)
Bank Delovar Moscow,Moscow - Russia,Bank Delovar Moscow (Moscow - Russia)
Bank Derzhava,Moscow - Russia,Bank Derzhava (Moscow - Russia)
Bank Devon Credit,Almetyevsk - Russia,Bank Devon Credit (Almetyevsk - Russia)
Bank DKI,Jakarta - Indonesia,Bank DKI (Jakarta - Indonesia)
Bank DnB Nord Polska,Warsaw - Poland,Bank DnB Nord Polska (Warsaw - Poland)
Bank DOM.RF,Moscow - Russia,Bank DOM.RF (Moscow - Russia)
Bank Dorosnik,Chelyabinsk - Russia,Bank Dorosnik (Chelyabinsk - Russia)
Bank Dzerzhinskiy,Perm - Russia,Bank Dzerzhinskiy (Perm - Russia)
Bank e Millie Afghan,Kabul - Afghanistan,Bank e Millie Afghan (Kabul - Afghanistan)
Bank Eghtesad Novin,EN Bank,Bank Eghtesad Novin (EN Bank) (Tehran - Iran)
Bank Ekonomi Raharja,Jakarta - Indonesia,Bank Ekonomi Raharja (Jakarta - Indonesia)
Bank Electronika,Moscow - Russia,Bank Electronika (Moscow - Russia)
Bank Eshkata,Khujand - Tajikistan,Bank Eshkata (Khujand - Tajikistan)
Bank Etalon,Kiev - Ukraine,Bank Etalon (Kiev - Ukraine)
Bank Finservice,Moscow - Russia,Bank Finservice (Moscow - Russia)
Bank First,Melbourne - Australia,Bank First (Melbourne - Australia)
Bank First,Manitowoc (WI,Bank First (Manitowoc (WI) - US)
Bank for Business,BpB,Bank for Business (BpB) (Pristina - Kosovo)
Bank for Foreign Trade of Vietnam,Hanoi - Vietnam,Bank for Foreign Trade of Vietnam (Hanoi - Vietnam)
Bank for Investment and Development Cambodia,Phnom Penh - Cambodia,Bank for Investment and Development Cambodia (Phnom Penh - Cambodia)
Bank for Investment and Development of Vietnam,BIDV,Bank for Investment and Development of Vietnam (BIDV) (Ho Chi Minh City - Vietnam)
Bank for Reconversion and Development,Minsk - Belarus,Bank for Reconversion and Development (Minsk - Belarus)
Bank for Small Industry,Bucharest - Romania,Bank for Small Industry (Bucharest - Romania)
Bank for Social Development of Tatarstan,Kazan - Russia,Bank for Social Development of Tatarstan (Kazan - Russia)
Bank for Socio Economic Initiatives,Warsaw - Poland,Bank for Socio Economic Initiatives (Warsaw - Poland)
Bank Forum,Kiev - Ukraine,Bank Forum (Kiev - Ukraine)
Bank Freedom Finance Kazakhstan,Almaty - Kazakhstan,Bank Freedom Finance Kazakhstan (Almaty - Kazakhstan)
Bank Frey,Zurich - Switzerland,Bank Frey (Zurich - Switzerland)
Bank Frick,Balzers - Liechtenstein,Bank Frick (Balzers - Liechtenstein)
Bank fur Tirol & Vorarlberg,BTV,Bank fur Tirol & Vorarlberg (BTV) (Innsbruck - Austria)
Bank Gaborone,Gabarone - Botswana,Bank Gaborone (Gabarone - Botswana)
Bank Ganesha,Jakarta - Indonesia,Bank Ganesha (Jakarta - Indonesia)
Bank Gdanski SA in Gdansk,Gdansk - Poland,Bank Gdanski SA in Gdansk (Gdansk - Poland)
Bank Gospodarstwa Krajowego,Warsaw - Poland,Bank Gospodarstwa Krajowego (Warsaw - Poland)
Bank Gran,Ekaterinburg - Russia,Bank Gran (Ekaterinburg - Russia)
Bank Handlowy w Warszawie,Warsaw - Poland,Bank Handlowy w Warszawie (Warsaw - Poland)
Bank Hapoalim,Tel Aviv - Israel,Bank Hapoalim (Tel Aviv - Israel)
Bank Hapoalim BM,New York (NY,Bank Hapoalim BM (New York (NY) - US)
Bank Hapoalim Switzerland,Zurich - Switzerland,Bank Hapoalim Switzerland (Zurich - Switzerland)
Bank Index,Jakarta - Indonesia,Bank Index (Jakarta - Indonesia)
Bank Insinger de Beaufort,Amsterdam - Netherlands,Bank Insinger de Beaufort (Amsterdam - Netherlands)
Bank Intercredit,Moscow - Russia,Bank Intercredit (Moscow - Russia)
Bank Internasional Indonesia Mauritius,Port Louis - Mauritius,Bank Internasional Indonesia Mauritius (Port Louis - Mauritius)
Bank Iowa Corp,West Des Moines (IA,Bank Iowa Corp (West Des Moines (IA) - US)
Bank Islam Brunei Darussalam,Bandar Seri Begawan - Brunei,Bank Islam Brunei Darussalam (Bandar Seri Begawan - Brunei)
Bank Islam Malaysia Berhad,Kuala Lumpur - Malaysia,Bank Islam Malaysia Berhad (Kuala Lumpur - Malaysia)
Bank Islami,Karachi - Pakistan,Bank Islami (Karachi - Pakistan)
Bank J Trust Indonesia,Jakarta - Indonesia,Bank J Trust Indonesia (Jakarta - Indonesia)
Bank J. Safra,Geneva - Switzerland,Bank J. Safra (Geneva - Switzerland)
Bank Jabar Banten Sharia,Bandung - Indonesia,Bank Jabar Banten Sharia (Bandung - Indonesia)
Bank Jago,Jakarta - Indonesia,Bank Jago (Jakarta - Indonesia)
Bank Jasa Jakarta,Jakarta - Indonesia,Bank Jasa Jakarta (Jakarta - Indonesia)
Bank Julius Baer & Co,Zurich - Switzerland,Bank Julius Baer & Co (Zurich - Switzerland)
Bank Kerjasama Rakyat Malaysia,Kuala Lumpur - Malaysia,Bank Kerjasama Rakyat Malaysia (Kuala Lumpur - Malaysia)
Bank Keshavarzi,Agri Bank,Bank Keshavarzi (Agri Bank) (Tehran - Iran)
Bank Khreschatyk,Kiev - Ukraine,Bank Khreschatyk (Kiev - Ukraine)
Bank Leumi,Tel Aviv - Israel,Bank Leumi (Tel Aviv - Israel)
Bank Leumi Panama,Panama City - Panama,Bank Leumi Panama (Panama City - Panama)
Bank Leumi Romania,Bucharest - Romania,Bank Leumi Romania (Bucharest - Romania)
Bank Leumi UK,London - UK,Bank Leumi UK (London - GB)
Bank Leumi USA,New York (NY,Bank Leumi USA (New York (NY) - US)
Bank Levoberezhniy,Novosibirsk - Russia,Bank Levoberezhniy (Novosibirsk - Russia)
Bank Linth,Uznach - Switzerland,Bank Linth (Uznach - Switzerland)
Bank Lombard Odier & Co,Geneva - Switzerland,Bank Lombard Odier & Co (Geneva - Switzerland)
Bank Lviv,Lviv - Ukraine,Bank Lviv (Lviv - Ukraine)
Bank M,Dar Es Salaam - Tanzania,Bank M (Dar Es Salaam - Tanzania)
Bank Makramah,Karachi - Pakistan,Bank Makramah (Karachi - Pakistan)
Bank Mandiri Europe,London - UK,Bank Mandiri Europe (London - GB)
Bank Mandiri Persero,Jakarta - Indonesia,Bank Mandiri Persero (Jakarta - Indonesia)
Bank Maskan,Tehran - Iran,Bank Maskan (Tehran - Iran)
Bank Maspion,Jakarta - Indonesia,Bank Maspion (Jakarta - Indonesia)
Bank Mayapada Internasional,Jakarta - Indonesia,Bank Mayapada Internasional (Jakarta - Indonesia)
Bank Mega,Jakarta - Indonesia,Bank Mega (Jakarta - Indonesia)
Bank Mega Syariah,Jakarta - Indonesia,Bank Mega Syariah (Jakarta - Indonesia)
Bank Mellat,Tehran - Iran,Bank Mellat (Tehran - Iran)
Bank Mellat Turkey,Istanbul - Turkey,Bank Mellat Turkey (Istanbul - Turkey)
Bank Melli Iran,Tehran - Iran,Bank Melli Iran (Tehran - Iran)
Bank MFK - International Finance Company,Moscow - Russia,Bank MFK - International Finance Company (Moscow - Russia)
Bank Muamalat Indonesia,Jakarta - Indonesia,Bank Muamalat Indonesia (Jakarta - Indonesia)
Bank Muamalat Malaysia,Kuala Lumpur - Malaysia,Bank Muamalat Malaysia (Kuala Lumpur - Malaysia)
Bank Nederlandse Gemeenten,The Hague - Netherlands,Bank Nederlandse Gemeenten (The Hague - Netherlands)
Bank Neftyanoy,Moscow - Russia,Bank Neftyanoy (Moscow - Russia)
Bank Negara Indonesia,Jakarta - Indonesia,Bank Negara Indonesia (Jakarta - Indonesia)
Bank Nizwa,Muscat - Oman,Bank Nizwa (Muscat - Oman)
Bank Norwegian,Fornebu - Norway,Bank Norwegian (Fornebu - Norway)
Bank NTB Syariah,Mataran - Indonesia,Bank NTB Syariah (Mataran - Indonesia)
Bank Nusantara Parahyangan,Bandung - Indonesia,Bank Nusantara Parahyangan (Bandung - Indonesia)
Bank OCBC NISP,Jakarta - Indonesia,Bank OCBC NISP (Jakarta - Indonesia)
Bank Ochrony Srodowiska,Warsaw - Poland,Bank Ochrony Srodowiska (Warsaw - Poland)
Bank of Abyssinia,Addis Ababa - Ethiopia,Bank of Abyssinia (Addis Ababa - Ethiopia)
Bank of Africa,Casablanca - Morocco,Bank of Africa (Casablanca - Morocco)
Bank of Africa Benin,Cotonou - Benin,Bank of Africa Benin (Cotonou - Benin)
Bank of Africa Burkina Faso,Ougadougou - Burkina Faso,Bank of Africa Burkina Faso (Ougadougou - Burkina Faso)
Bank of Africa Cote d'Ivoire,Abidjan - Côte d`Ivoire,Bank of Africa Cote d'Ivoire (Abidjan - Cote D'Ivoire)
Bank of Africa Democratic Republic of Congo,Kinshasa - DRC Congo,Bank of Africa Democratic Republic of Congo (Kinshasa - Democratic Republic of the Congo)
Bank of Africa France,Paris - France,Bank of Africa France (Paris - France)
Bank of Africa Ghana,Accra - Ghana,Bank of Africa Ghana (Accra - Ghana)
Bank of Africa Group,Bamako - Mali,Bank of Africa Group (Bamako - Mali)
Bank of Africa Kenya,Nairobi - Kenya,Bank of Africa Kenya (Nairobi - Kenya)
Bank of Africa Madagascar,Antananarivo - Madagascar,Bank of Africa Madagascar (Antananarivo - Madagascar)
Bank of Africa Mali,Bamako - Mali,Bank of Africa Mali (Bamako - Mali)
Bank of Africa Mer Rouge,Djibouti - Djibouti,Bank of Africa Mer Rouge (Djibouti - Djibouti)
Bank of Africa Niger,Niamey - Niger,Bank of Africa Niger (Niamey - Niger)
Bank of Africa Rwanda,Kigali - Rwanda,Bank of Africa Rwanda (Kigali - Rwanda)
Bank of Africa Senegal,Dakar - Senegal,Bank of Africa Senegal (Dakar - Senegal)
Bank of Africa Tanzania,Dar Es Salaam - Tanzania,Bank of Africa Tanzania (Dar Es Salaam - Tanzania)
Bank of Africa Togo,Lomé - Togo,Bank of Africa Togo (Lomé - Togo)
Bank of Africa Uganda,Kampala - Uganda,Bank of Africa Uganda (Kampala - Uganda)
Bank of Africa United Kingdom,London - UK,Bank of Africa United Kingdom (London - GB)
Bank of Aland,Mariehamn - Finland,Bank of Aland (Mariehamn - Finland)
Bank of America,Charlotte (NC,Bank of America (Charlotte (NC) - US)
Bank of America Argentina,Buenos Aires - Argentina,Bank of America Argentina (Buenos Aires - Argentina)
Bank of America Brazil,São Paulo - Brazil,Bank of America Brazil (São Paulo - Brazil)
Bank of America Cayman Islands,George Town - Cayman Islands,Bank of America Cayman Islands (George Town - Cayman Islands)
Bank of America India,Mumbai - India,Bank of America India (Mumbai - India)
Bank of America Ireland,Dublin - Ireland,Bank of America Ireland (Dublin - Ireland)
Bank of America Malaysia,Kuala Lumpur - Malaysia,Bank of America Malaysia (Kuala Lumpur - Malaysia)
Bank of America Merrill Lynch International,London - UK,Bank of America Merrill Lynch International (London - GB)
Bank of America Mexico,Mexico City - Mexico,Bank of America Mexico (Mexico City - Mexico)
Bank of America Netherlands,Amsterdam - Netherlands,Bank of America Netherlands (Amsterdam - Netherlands)
Bank of America Saudi Arabia,Dhahran - Saudi Arabia,Bank of America Saudi Arabia (Dhahran - Saudi Arabia)
Bank of America Thailand,Bangkok - Thailand,Bank of America Thailand (Bangkok - Thailand)
Bank of America Turkey,Istanbul - Turkey,Bank of America Turkey (Istanbul - Turkey)
Bank of Ann Arbor,Ann Arbor (MI,Bank of Ann Arbor (Ann Arbor (MI) - US)
Bank of Anshan,Anshan - China,Bank of Anshan (Anshan - China)
Bank of Antigua,St John`s - Antigua and Barbuda,Bank of Antigua (St John`s - Antigua and Barbuda)
Bank of Anyang,Anyang - China,Bank of Anyang (Anyang - China)
Bank of Ayudhya,Bangkok - Thailand,Bank of Ayudhya (Bangkok - Thailand)
Bank of Azerbaijan,Baku - Azerbaijan,Bank of Azerbaijan (Baku - Azerbaijan)
Bank of Bahrain and Kuwait,BBK,Bank of Bahrain and Kuwait (BBK) (Manama - Bahrain)
Bank of Baku,Baku - Azerbaijan,Bank of Baku (Baku - Azerbaijan)
Bank of Baoding,Baoding - China,Bank of Baoding (Baoding - China)
Bank of Baroda,Mumbai - India,Bank of Baroda (Mumbai - India)
Bank of Baroda Botswana,Gabarone - Botswana,Bank of Baroda Botswana (Gabarone - Botswana)
Bank of Baroda Fiji,Suva - Fiji,Bank of Baroda Fiji (Suva - Fiji Islands)
Bank of Baroda Ghana,Accra - Ghana,Bank of Baroda Ghana (Accra - Ghana)
Bank of Baroda Guyana,Georgetown - Guyana,Bank of Baroda Guyana (Georgetown - Guyana)
Bank of Baroda Kenya,Nairobi - Kenya,Bank of Baroda Kenya (Nairobi - Kenya)
Bank of Baroda Mauritius,Port Louis - Mauritius,Bank of Baroda Mauritius (Port Louis - Mauritius)
Bank of Baroda New Zealand,Auckland - New Zealand,Bank of Baroda New Zealand (Auckland - New Zealand)
Bank of Baroda Uganda,Kampala - Uganda,Bank of Baroda Uganda (Kampala - Uganda)
Bank of Beijing,Beijing - China,Bank of Beijing (Beijing - China)
Bank of Beirut,Beirut - Lebanon,Bank of Beirut (Beirut - Lebanon)
Bank of Beirut and the Arab Countries,BBAC,Bank of Beirut and the Arab Countries (BBAC) (Beirut - Lebanon)
Bank of Beirut UK,London - UK,Bank of Beirut UK (London - GB)
Bank of Bhutan,Phuntsoling - Bhutan,Bank of Bhutan (Phuntsoling - Bhutan)
Bank of Cangzhou,Cangzhou - China,Bank of Cangzhou (Cangzhou - China)
Bank of Canton of California,San Francisco (CA,Bank of Canton of California (San Francisco (CA) - US)
Bank of Ceylon,Colombo - Sri Lanka,Bank of Ceylon (Colombo - Sri Lanka)
Bank of Ceylon Maldives,Male - Maldives,Bank of Ceylon Maldives (Male - Maldives)
Bank of Ceylon UK,London - UK,Bank of Ceylon UK (London - GB)
Bank of Changsha,Hunan - China,Bank of Changsha (Hunan - China)
Bank of Chaoyang,Chaoyang - China,Bank of Chaoyang (Chaoyang - China)
Bank of Chengde,Chengde - China,Bank of Chengde (Chengde - China)
Bank of Chengdu,Chengdu - China,Bank of Chengdu (Chengdu - China)
Bank of China,Beijing - China,Bank of China (Beijing - China)
Bank of China Argentina,Buenos Aires - Argentina,Bank of China Argentina (Buenos Aires - Argentina)
Bank of China Brazil,São Paulo - Brazil,Bank of China Brazil (São Paulo - Brazil)
Bank of China Cambodia,Phnom Penh - Cambodia,Bank of China Cambodia (Phnom Penh - Cambodia)
Bank of China Hong Kong,Hong Kong - Hong Kong,Bank of China Hong Kong (Hong Kong - Hong Kong S.A.R.)
Bank of China Indonesia,Jakarta - Indonesia,Bank of China Indonesia (Jakarta - Indonesia)
Bank of China Kazakhstan,Almaty - Kazakhstan,Bank of China Kazakhstan (Almaty - Kazakhstan)
Bank of China Malaysia,Kuala Lumpur - Malaysia,Bank of China Malaysia (Kuala Lumpur - Malaysia)
Bank of China Mauritius,Port Louis - Mauritius,Bank of China Mauritius (Port Louis - Mauritius)
Bank of China Mexico,Mexico City - Mexico,Bank of China Mexico (Mexico City - Mexico)
Bank of China Panama,Panama City - Panama,Bank of China Panama (Panama City - Panama)
Bank of China Peru,Lima - Peru,Bank of China Peru (Lima - Peru)
Bank of China Sri Lanka,Colombo - Sri Lanka,Bank of China Sri Lanka (Colombo - Sri Lanka)
Bank of China Thailand,Bangkok - Thailand,Bank of China Thailand (Bangkok - Thailand)
Bank of China Travel Service,Jiaozuo - China,Bank of China Travel Service (Jiaozuo - China)
Bank of China UK,London - UK,Bank of China UK (London - GB)
Bank of China Zambia,Lusaka - Zambia,Bank of China Zambia (Lusaka - Zambia)
Bank of Chongqing,Chongqing - China,Bank of Chongqing (Chongqing - China)
Bank of Commerce,Kuala Lumpur - Malaysia,Bank of Commerce (Kuala Lumpur - Malaysia)
Bank of Commerce,Makati City - Philippines,Bank of Commerce (Makati City - Philippines)
Bank of Commerce & Development,Benghazi - Libya,Bank of Commerce & Development (Benghazi - Libya)
Bank of Commerce Holdings,Redding (CA,Bank of Commerce Holdings (Redding (CA) - US)
Bank of Commerce Trinidad & Tobago,Port of Spain - Trinidad and Tobago,Bank of Commerce Trinidad & Tobago (Port of Spain - Trinidad and Tobago)
Bank of Communications,Shanghai - China,Bank of Communications (Shanghai - China)
Bank of Communications Brasil,Salvador - Brazil,Bank of Communications Brasil (Salvador - Brazil)
Bank of Communications UK,London - UK,Bank of Communications UK (London - GB)
Bank of Cyprus,Nicosia - Cyprus,Bank of Cyprus (Nicosia - Cyprus)
Bank of Dalian,Dalian - China,Bank of Dalian (Dalian - China)
Bank of Dandong,Dandong - China,Bank of Dandong (Dandong - China)
Bank of Dongguan,Dongguan - China,Bank of Dongguan (Dongguan - China)
Bank of Fushun,Fushun - China,Bank of Fushun (Fushun - China)
Bank of Fuxin,Fuxin - China,Bank of Fuxin (Fuxin - China)
Bank of Gansu,Gansu - China,Bank of Gansu (Gansu - China)
Bank of Ganzhou,Ganzhou - China,Bank of Ganzhou (Ganzhou - China)
Bank of Georgia,Tbilisi - Georgia,Bank of Georgia (Tbilisi - Georgia)
Bank of Granite Corporation,Granite Falls (NC,Bank of Granite Corporation (Granite Falls (NC) - US)
Bank of Greenland,Aabenraa - Denmark,Bank of Greenland (Aabenraa - Denmark)
Bank of Guam,Alhambra - US,Bank of Guam (Alhambra - US)
Bank of Guangzhou,Guangzhou - China,Bank of Guangzhou (Guangzhou - China)
Bank of Guiyang,Guiyang - China,Bank of Guiyang (Guiyang - China)
Bank of Guizhou,Guiyang - China,Bank of Guizhou (Guiyang - China)
Bank of Handan,Handan - China,Bank of Handan (Handan - China)
Bank of Hangzhou,Hangzhou - China,Bank of Hangzhou (Hangzhou - China)
Bank of Hawaii Corporation,Honolulu (HI,Bank of Hawaii Corporation (Honolulu (HI) - US)
Bank of Hebei,Shijiazhuang - China,Bank of Hebei (Shijiazhuang - China)
Bank of Huludao,Huludao - China,Bank of Huludao (Huludao - China)
Bank of Hunan,Changsha - China,Bank of Hunan (Changsha - China)
Bank of Huzhou,Huzhou - China,Bank of Huzhou (Huzhou - China)
Bank of India,Mumbai - India,Bank of India (Mumbai - India)
Bank of India Botswana,Gabarone - Botswana,Bank of India Botswana (Gabarone - Botswana)
Bank of India Indonesia,Jakarta - Indonesia,Bank of India Indonesia (Jakarta - Indonesia)
Bank of India Kenya,Nairobi - Kenya,Bank of India Kenya (Nairobi - Kenya)
Bank of India New Zealand,Auckland - New Zealand,Bank of India New Zealand (Auckland - New Zealand)
Bank of India Tanzania,Dar Es Salaam - Tanzania,Bank of India Tanzania (Dar Es Salaam - Tanzania)
Bank of Industry and Mine,Tehran - Iran,Bank of Industry and Mine (Tehran - Iran)
Bank of Inner Mongolia,Inner Mongolia - China,Bank of Inner Mongolia (Inner Mongolia - China)
Bank of Ireland,Dublin - Ireland,Bank of Ireland (Dublin - Ireland)
Bank of Ireland UK,London - UK,Bank of Ireland UK (London - GB)
Bank of Iwate,Morioka - Japan,Bank of Iwate (Morioka - Japan)
Bank of Jerusalem,Jerusalem - Israel,Bank of Jerusalem (Jerusalem - Israel)
Bank of Jiangsu,Nanjing - China,Bank of Jiangsu (Nanjing - China)
Bank of Jiaxing,Jiaxing - China,Bank of Jiaxing (Jiaxing - China)
Bank of Jilin,Changchun - China,Bank of Jilin (Changchun - China)
Bank of Jinhua,Zhejiang - China,Bank of Jinhua (Zhejiang - China)
Bank of Jining,Jining - China,Bank of Jining (Jining - China)
Bank of Jinzhou,Liaoning - China,Bank of Jinzhou (Liaoning - China)
Bank of Jiujiang,Jiujiang - China,Bank of Jiujiang (Jiujiang - China)
Bank of Jordan,Amman - Jordan,Bank of Jordan (Amman - Jordan)
Bank of Kaohsiung,Kaohsiung - Taiwan,Bank of Kaohsiung (Kaohsiung - Taiwan)
Bank of Kathmandu Lumbini,Kathmandu - Nepal,Bank of Kathmandu Lumbini (Kathmandu - Nepal)
Bank of Kentucky Financial Corporation,Florence (KY,Bank of Kentucky Financial Corporation (Florence (KY) - US)
Bank of Khartoum,Khartoum - Sudan,Bank of Khartoum (Khartoum - Sudan)
Bank of Kigali,Kigali - Rwanda,Bank of Kigali (Kigali - Rwanda)
Bank of Kinki,Osaka - Japan,Bank of Kinki (Osaka - Japan)
Bank of Kochi,Kochi - Japan,Bank of Kochi (Kochi - Japan)
Bank of Kunlun,Kelamayi - China,Bank of Kunlun (Kelamayi - China)
Bank of Langfang,Langfang - China,Bank of Langfang (Langfang - China)
Bank of Lanzhou,Gansu - China,Bank of Lanzhou (Gansu - China)
Bank of Liaoyang,Liaoyang - China,Bank of Liaoyang (Liaoyang - China)
Bank of Liuzhou,Liuzhou - China,Bank of Liuzhou (Liuzhou - China)
Bank of London and The Middle East,London - UK,Bank of London and The Middle East (London - GB)
Bank of Luoyang,Luoyang - China,Bank of Luoyang (Luoyang - China)
Bank of Maharashtra,Pune - India,Bank of Maharashtra (Pune - India)
Bank of Maldives,Male - Maldives,Bank of Maldives (Male - Maldives)
Bank of Marin Bancorp,Novato - US,Bank of Marin Bancorp (Novato - US)
Bank of Miami,Miami (FL,Bank of Miami (Miami (FL) - US)
Bank of Montreal,Montreal - Canada,Bank of Montreal (Montreal - Canada)
Bank of Montserrat,Brades - Montserrat,Bank of Montserrat (Brades - Montserrat)
Bank of Moscow,Moscow - Russia,Bank of Moscow (Moscow - Russia)
Bank of Moscow Ukraine,Kiev - Ukraine,Bank of Moscow Ukraine (Kiev - Ukraine)
Bank of Nagasaki,Nagasaki - Japan,Bank of Nagasaki (Nagasaki - Japan)
Bank of Nagoya,Nagoya - Japan,Bank of Nagoya (Nagoya - Japan)
Bank of Nanjing,Nanjing - China,Bank of Nanjing (Nanjing - China)
Bank of Nanyang,Nanyang - China,Bank of Nanyang (Nanyang - China)
Bank of Nevis,Charlestown - St Kitts and Nevis,Bank of Nevis (Charlestown - Saint Kitts And Nevis)
Bank of New Hampshire,Laconia (NH,Bank of New Hampshire (Laconia (NH) - US)
Bank of New York Mellon,New York (NY,Bank of New York Mellon (New York (NY) - US)
Bank of New York Mellon Belgium,Brussels - Belgium,Bank of New York Mellon Belgium (Brussels - Belgium)
Bank of New York Mellon Brazil,Rio de Janeiro - Brazil,Bank of New York Mellon Brazil (Rio de Janeiro - Brazil)
Bank of New York Mellon International,London - UK,Bank of New York Mellon International (London - GB)
Bank of New York Mellon Mexico,Mexico City - Mexico,Bank of New York Mellon Mexico (Mexico City - Mexico)
Bank of New Zealand,Auckland - New Zealand,Bank of New Zealand (Auckland - New Zealand)
Bank of Ningbo,Ningbo - China,Bank of Ningbo (Ningbo - China)
Bank of Ningxia,Ningxia - China,Bank of Ningxia (Ningxia - China)
Bank of Nova Scotia,Costa Rica,Bank of Nova Scotia (Costa Rica) (San José - Costa Rica)
Bank of Palestine,Ramallah - Palestine,Bank of Palestine (Ramallah - Palestinian Territory Occupied)
Bank of Panhsin,Taipei - Taiwan,Bank of Panhsin (Taipei - Taiwan)
Bank of Punjab,Lahore - Pakistan,Bank of Punjab (Lahore - Pakistan)
Bank of Qingdao,Qingdao - China,Bank of Qingdao (Qingdao - China)
Bank of Qinghai,Xining - China,Bank of Qinghai (Xining - China)
Bank of Qinhuangdao,Qinhuangdao - China,Bank of Qinhuangdao (Qinhuangdao - China)
Bank of Quanzhou,Quanzhou - China,Bank of Quanzhou (Quanzhou - China)
Bank of Queensland,Brisbane - Australia,Bank of Queensland (Brisbane - Australia)
Bank of Rajasthan,Jaipur - India,Bank of Rajasthan (Jaipur - India)
Bank of Rizhao,Rizhao - China,Bank of Rizhao (Rizhao - China)
Bank of Saga,Saga - Japan,Bank of Saga (Saga - Japan)
Bank of Scotland,Edinburgh - UK,Bank of Scotland (Edinburgh - GB)
Bank of Shanghai,Shanghai - China,Bank of Shanghai (Shanghai - China)
Bank of Shaoxing,Shaoxing - China,Bank of Shaoxing (Shaoxing - China)
Bank of Sharjah,Sharjah - United Arab Emirates,Bank of Sharjah (Sharjah - United Arab Emirates)
Bank of Shizuishan,Shizuishan - China,Bank of Shizuishan (Shizuishan - China)
Bank of South Australia,Adelaide - Australia,Bank of South Australia (Adelaide - Australia)
Bank of South Pacific,Port Moresby - Papua New Guinea,Bank of South Pacific (Port Moresby - Papua New Guinea)
Bank of South Pacific Fiji,Suva - Fiji,Bank of South Pacific Fiji (Suva - Fiji Islands)
Bank of South Pacific Tonga,Nuku `alofa - Tonga,Bank of South Pacific Tonga (Nuku `alofa - Tonga)
Bank of Southside Virginia Corporation,Carson (VA,Bank of Southside Virginia Corporation (Carson (VA) - US)
Bank of St Lucia,Castries - St Lucia,Bank of St Lucia (Castries - Saint Lucia)
Bank of St. Vincent and the Grenadines,Kingstown - St Vincent and the Grenadines,Bank of St. Vincent and the Grenadines (Kingstown - Saint Vincent And The Grenadines)
Bank of Suzhou,Suzhou - China,Bank of Suzhou (Suzhou - China)
Bank of Sydney,Sydney - Australia,Bank of Sydney (Sydney - Australia)
Bank of Taiwan,Taipei - Taiwan,Bank of Taiwan (Taipei - Taiwan)
Bank of Taiwan Europe,Amsterdam - Netherlands,Bank of Taiwan Europe (Amsterdam - Netherlands)
Bank of Taizhou,Taizhou - China,Bank of Taizhou (Taizhou - China)
Bank of Tangshan,Anshan - China,Bank of Tangshan (Anshan - China)
Bank of the Bahamas,Nassau - Bahamas,Bank of the Bahamas (Nassau - Bahamas)
Bank of the Philippine Islands,Makati City - Philippines,Bank of the Philippine Islands (Makati City - Philippines)
Bank of the Philippine Islands Europe,London - UK,Bank of the Philippine Islands Europe (London - GB)
Bank of the Ryukyus,Naha - Japan,Bank of the Ryukyus (Naha - Japan)
Bank of the West,San Francisco (CA,Bank of the West (San Francisco (CA) - US)
Bank of Tianjin,Tianjin - China,Bank of Tianjin (Tianjin - China)
Bank of Tibet,Lhasa - China,Bank of Tibet (Lhasa - China)
Bank of Tokyo Mitsubishi,Tokyo - Japan,Bank of Tokyo Mitsubishi (Tokyo - Japan)
Bank of Tokyo Mitsubishi Argentina,Buenos Aires - Argentina,Bank of Tokyo Mitsubishi Argentina (Buenos Aires - Argentina)
Bank of Tokyo Mitsubishi Brazil,São Paulo - Brazil,Bank of Tokyo Mitsubishi Brazil (São Paulo - Brazil)
Bank of Tokyo Mitsubishi Chile,Santiago - Chile,Bank of Tokyo Mitsubishi Chile (Santiago - Chile)
Bank of Tokyo Mitsubishi China,Shanghai - China,Bank of Tokyo Mitsubishi China (Shanghai - China)
Bank of Tokyo Mitsubishi Indonesia,Jakarta - Indonesia,Bank of Tokyo Mitsubishi Indonesia (Jakarta - Indonesia)
Bank of Tokyo Mitsubishi Malaysia,Kuala Lumpur - Malaysia,Bank of Tokyo Mitsubishi Malaysia (Kuala Lumpur - Malaysia)
Bank of Tokyo Mitsubishi Mexico,Mexico City - Mexico,Bank of Tokyo Mitsubishi Mexico (Mexico City - Mexico)
Bank of Tokyo Mitsubishi Netherlands,Amsterdam - Netherlands,Bank of Tokyo Mitsubishi Netherlands (Amsterdam - Netherlands)
Bank of Tokyo Mitsubishi Thailand,Bangkok - Thailand,Bank of Tokyo Mitsubishi Thailand (Bangkok - Thailand)
Bank of Tokyo Mitsubishi Turkey,Ankara - Turkey,Bank of Tokyo Mitsubishi Turkey (Ankara - Turkey)
Bank of Urumqi,Urumqi - China,Bank of Urumqi (Urumqi - China)
Bank of Valletta,Valletta - Malta,Bank of Valletta (Valletta - Malta)
Bank of Weifang,Shandong - China,Bank of Weifang (Shandong - China)
Bank of Wenzhou,Wenzhou - China,Bank of Wenzhou (Wenzhou - China)
Bank of Western Australia,Perth - Australia,Bank of Western Australia (Perth - Australia)
Bank of Whittier,Alhambra - US,Bank of Whittier (Alhambra - US)
Bank of Xi An,Xian - China,Bank of Xi An (Xian - China)
Bank of Xinxiang,Xinxiang - China,Bank of Xinxiang (Xinxiang - China)
Bank of Yingkou,Yingkou - China,Bank of Yingkou (Yingkou - China)
Bank of Yokohama,Yokohama - Japan,Bank of Yokohama (Yokohama - Japan)
Bank of Zhangjiakou,Zhangjiakou - China,Bank of Zhangjiakou (Zhangjiakou - China)
Bank of Zhengzhou,Henan - China,Bank of Zhengzhou (Henan - China)
Bank One,Port Louis - Mauritius,Bank One (Port Louis - Mauritius)
Bank One Corp,Chicago (IL,Bank One Corp (Chicago (IL) - US)
Bank Otkritie,Moscow - Russia,Bank Otkritie (Moscow - Russia)
Bank OZK,Little Rock (AR,Bank OZK (Little Rock (AR) - US)
Bank Pan Indonesia,Jakarta - Indonesia,Bank Pan Indonesia (Jakarta - Indonesia)
Bank Papua,Jayapura - Indonesia,Bank Papua (Jayapura - Indonesia)
Bank Pasargad,Tehran - Iran,Bank Pasargad (Tehran - Iran)
Bank Pekao,Warsaw - Poland,Bank Pekao (Warsaw - Poland)
Bank Pekao Ukraine,Lutsk - Ukraine,Bank Pekao Ukraine (Lutsk - Ukraine)
Bank Pembangunan Daerah Banten,Jakarta - Indonesia,Bank Pembangunan Daerah Banten (Jakarta - Indonesia)
Bank Pembangunan Daerah Jawa Barat,Bandung - Indonesia,Bank Pembangunan Daerah Jawa Barat (Bandung - Indonesia)
Bank Pembangunan Daerah Jawa Tengah,Semarang - Indonesia,Bank Pembangunan Daerah Jawa Tengah (Semarang - Indonesia)
Bank Pembangunan Daerah Jawa Timur,Surabaya - Indonesia,Bank Pembangunan Daerah Jawa Timur (Surabaya - Indonesia)
Bank Pembangunan Daerah Kalimantan Barat,Pontianak - Indonesia,Bank Pembangunan Daerah Kalimantan Barat (Pontianak - Indonesia)
Bank Pembangunan Daerah Kalimantan Selatan,Pekanbaru - Indonesia,Bank Pembangunan Daerah Kalimantan Selatan (Pekanbaru - Indonesia)
Bank Pembangunan Daerah Kalimantan Timur dan Kalimantan Utara,Samarinda - Indonesia,Bank Pembangunan Daerah Kalimantan Timur dan Kalimantan Utara (Samarinda - Indonesia)
Bank Pembangunan Daerah Propinsi Daerah Istimewa Yogyakarta,Yogyakarta - Indonesia,Bank Pembangunan Daerah Propinsi Daerah Istimewa Yogyakarta (Yogyakarta - Indonesia)
Bank Pembangunan Daerah Riau,Pekanbaru - Indonesia,Bank Pembangunan Daerah Riau (Pekanbaru - Indonesia)
Bank Pembangunan Daerah Sumatera Barat,Padang (Sumatra,Bank Pembangunan Daerah Sumatera Barat (Padang (Sumatra) - Indonesia)
Bank Pembangunan Daerah Sumatera Utara,Medan - Indonesia,Bank Pembangunan Daerah Sumatera Utara (Medan - Indonesia)
Bank Permata,Jakarta - Indonesia,Bank Permata (Jakarta - Indonesia)
Bank Petrocommerce,Moscow - Russia,Bank Petrocommerce (Moscow - Russia)
Bank PHB,Lagos - Nigeria,Bank PHB (Lagos - Nigeria)
Bank Platina,Moscow - Russia,Bank Platina (Moscow - Russia)
Bank Polskiej Spolozielczosci,Warsaw - Poland,Bank Polskiej Spolozielczosci (Warsaw - Poland)
Bank Przemyslowy SA w Lodzi,Lódz - Poland,Bank Przemyslowy SA w Lodzi (Lódz - Poland)
Bank Rakyat Indonesia,Jakarta - Indonesia,Bank Rakyat Indonesia (Jakarta - Indonesia)
Bank Raya Indonesia,Jakarta - Indonesia,Bank Raya Indonesia (Jakarta - Indonesia)
Bank RBK,Almaty - Kazakhstan,Bank RBK (Almaty - Kazakhstan)
Bank Refah,Tehran - Iran,Bank Refah (Tehran - Iran)
Bank Republic,Tbilisi - Georgia,Bank Republic (Tbilisi - Georgia)
Bank Resona Perdania,Jakarta - Indonesia,Bank Resona Perdania (Jakarta - Indonesia)
Bank Respublika,Baku - Azerbaijan,Bank Respublika (Baku - Azerbaijan)
Bank Rossiya,St Petersburg - Russia,Bank Rossiya (St Petersburg - Russia)
Bank Saderat Iran,BSI,Bank Saderat Iran (BSI) (Tehran - Iran)
Bank Saderat UK,London - UK,Bank Saderat UK (London - GB)
Bank Saint Petersburg,St Petersburg - Russia,Bank Saint Petersburg (St Petersburg - Russia)
Bank Sarasin & Co.,Basel - Switzerland,Bank Sarasin & Co. (Basel - Switzerland)
Bank SBI Botswana,Gabarone - Botswana,Bank SBI Botswana (Gabarone - Botswana)
Bank Sepah,Tehran - Iran,Bank Sepah (Tehran - Iran)
Bank Sepah International,London - UK,Bank Sepah International (London - GB)
Bank Severnaya Kazna,Ekaterinburg - Russia,Bank Severnaya Kazna (Ekaterinburg - Russia)
Bank Severo Vostochny Alliance,Moscow - Russia,Bank Severo Vostochny Alliance (Moscow - Russia)
Bank SGB,Vologda - Russia,Bank SGB (Vologda - Russia)
Bank Shinta Indonesia,Jakarta - Indonesia,Bank Shinta Indonesia (Jakarta - Indonesia)
Bank Simpanan Nasional,Kuala Lumpur - Malaysia,Bank Simpanan Nasional (Kuala Lumpur - Malaysia)
Bank Sinara,Ekaterinburg - Russia,Bank Sinara (Ekaterinburg - Russia)
Bank Sinarmas,Jakarta - Indonesia,Bank Sinarmas (Jakarta - Indonesia)
Bank SinoPac,Taipei - Taiwan,Bank SinoPac (Taipei - Taiwan)
Bank Solidarnost,Samara - Russia,Bank Solidarnost (Samara - Russia)
Bank South Corporation,Atlanta (GA,Bank South Corporation (Atlanta (GA) - US)
Bank Standard,Baku - Azerbaijan,Bank Standard (Baku - Azerbaijan)
Bank Sulselbar,Makassar - Indonesia,Bank Sulselbar (Makassar - Indonesia)
Bank Syariah Indonesia,Jakarta - Indonesia,Bank Syariah Indonesia (Jakarta - Indonesia)
Bank Tabungan Negara,BTN,Bank Tabungan Negara (BTN) (Jakarta - Indonesia)
Bank Tabungan Pensiunan Nasional,Jakarta - Indonesia,Bank Tabungan Pensiunan Nasional (Jakarta - Indonesia)
Bank Tabungan Pensiunan Nasional Syariah,Jakarta - Indonesia,Bank Tabungan Pensiunan Nasional Syariah (Jakarta - Indonesia)
Bank Tavricheskiy,St Petersburg - Russia,Bank Tavricheskiy (St Petersburg - Russia)
Bank Technique,Baku - Azerbaijan,Bank Technique (Baku - Azerbaijan)
Bank Tejarat,Tehran - Iran,Bank Tejarat (Tehran - Iran)
Bank Tolubay,Bishkek - Kyrgyzstan,Bank Tolubay (Bishkek - Kyrgyzstan)
Bank Trust,Moscow - Russia,Bank Trust (Moscow - Russia)
Bank UFJ Indonesia,Jakarta - Indonesia,Bank UFJ Indonesia (Jakarta - Indonesia)
Bank Uralsib,Moscow - Russia,Bank Uralsib (Moscow - Russia)
Bank van Roeselare,Roeselare - Belgium,Bank van Roeselare (Roeselare - Belgium)
Bank Victoria International,Jakarta - Indonesia,Bank Victoria International (Jakarta - Indonesia)
Bank Victoria Syariah,Jakarta - Indonesia,Bank Victoria Syariah (Jakarta - Indonesia)
Bank Von Ernst & Co,Berne - Switzerland,Bank Von Ernst & Co (Berne - Switzerland)
Bank Vozrozhdenie,Moscow - Russia,Bank Vozrozhdenie (Moscow - Russia)
Bank West,High River - Canada,Bank West (High River - Canada)
Bank Windhoek,Windhoek - Namibia,Bank Windhoek (Windhoek - Namibia)
Bank Winter & Co,Vienna - Austria,Bank Winter & Co (Vienna - Austria)
Bank Woori Saudara Indonesia,Jakarta - Indonesia,Bank Woori Saudara Indonesia (Jakarta - Indonesia)
Bank Wspolpracy Europejski,Wroclaw - Poland,Bank Wspolpracy Europejski (Wroclaw - Poland)
Bank Zarechye,Kazan - Russia,Bank Zarechye (Kazan - Russia)
Bank7,Oklahoma City (OK,Bank7 (Oklahoma City (OK) - US)
Banka Celje,Celje - Slovenia,Banka Celje (Celje - Slovenia)
Banka Ekonomike,Pristina - Kosovo,Banka Ekonomike (Pristina - Kosovo)
Banka Kombetare Tregtare,Tirana - Albania,Banka Kombetare Tregtare (Tirana - Albania)
Banka NBG Albania,Tirana - Albania,Banka NBG Albania (Tirana - Albania)
Banka OTP Albania,Tirana - Albania,Banka OTP Albania (Tirana - Albania)
Banka Srpske,Mostar - Bosnia-Herzegovina,Banka Srpske (Mostar - Bosnia and Herzegovina)
Bankaool,Mexico City - Mexico,Bankaool (Mexico City - Mexico)
BankAtlantic Bancorp,Fort Lauderdale (FL,BankAtlantic Bancorp (Fort Lauderdale (FL) - US)
Bankaus Carl Spangler & Co,Salzburg - Austria,Bankaus Carl Spangler & Co (Salzburg - Austria)
BankBoston,Boston (MA,BankBoston (Boston (MA) - US)
BankDhofar,Ruwi - Oman,BankDhofar (Ruwi - Oman)
Bankers Corp,Perth Amboy - US,Bankers Corp (Perth Amboy - US)
Bankers Trust New York Corp,New York (NY,Bankers Trust New York Corp (New York (NY) - US)
BankFinancial,Burr Ridge (IL,BankFinancial (Burr Ridge (IL) - US)
Bankfirst Corporation,Sioux Falls (SD,Bankfirst Corporation (Sioux Falls (SD) - US)
Bankhaus Max Flessa,Schweinfurt - Germany,Bankhaus Max Flessa (Schweinfurt - Germany)
Bankhaus Wolbern & Co,Hamburg - Germany,Bankhaus Wolbern & Co (Hamburg - Germany)
Banking Circle,Luxembourg - Luxembourg,Banking Circle (Luxembourg - Luxembourg)
Bankinter,Madrid - Spain,Bankinter (Madrid - Spain)
Bankmanagers Corp,Milwaukee (WI,Bankmanagers Corp (Milwaukee (WI) - US)
BankMed,Beirut - Lebanon,BankMed (Beirut - Lebanon)
BankMuscat,SAOG,BankMuscat (SAOG) (Muscat - Oman)
BankNordik,Tórshavn - Faroe Islands,BankNordik (Tórshavn - Faroe Islands)
Banknorth Group,Burlington (VT,Banknorth Group (Burlington (VT) - US)
Bankoa,San Sebastian - Spain,Bankoa (San Sebastian - Spain)
BankPozitif Turkey,Istanbul - Turkey,BankPozitif Turkey (Istanbul - Turkey)
BankPozitiv Kazakhstan,Almaty - Kazakhstan,BankPozitiv Kazakhstan (Almaty - Kazakhstan)
BankUnited,Miami Lakes (FL,BankUnited (Miami Lakes (FL) - US)
BankVic,Melbourne - Australia,BankVic (Melbourne - Australia)
Bankwell,New Canaan (CT,Bankwell (New Canaan (CT) - US)
Banner Corporation,Walla Walla (WA,Banner Corporation (Walla Walla (WA) - US)
Banorte USA Corporation,New York (NY,Banorte USA Corporation (New York (NY) - US)
Banplus,Barquesimeto - Venezuela,Banplus (Barquesimeto - Venezuela)
Banque Agricole,Dakar - Senegal,Banque Agricole (Dakar - Senegal)
Banque Agricole et Commercial du Burkina,Ougadougou - Burkina Faso,Banque Agricole et Commercial du Burkina (Ougadougou - Burkina Faso)
Banque Al Wava Mauritanienne Islamique,BAMIS,Banque Al Wava Mauritanienne Islamique (BAMIS) (Noukachott - Mauritania)
Banque Alternative,Bellinzona - Switzerland,Banque Alternative (Bellinzona - Switzerland)
Banque Atlantique de Cote d'Ivoire,Abidjan - Côte d`Ivoire,Banque Atlantique de Cote d'Ivoire (Abidjan - Cote D'Ivoire)
Banque Audi Switzerland,Geneva - Switzerland,Banque Audi Switzerland (Geneva - Switzerland)
Banque Bayerische Landesbank Luxembourg,Luxembourg - Luxembourg,Banque Bayerische Landesbank Luxembourg (Luxembourg - Luxembourg)
Banque Belgolaise Bank,Brussels - Belgium,Banque Belgolaise Bank (Brussels - Belgium)
Banque Bemo,Beirut - Lebanon,Banque Bemo (Beirut - Lebanon)
Banque Bemo Saudi Frasi,Damascus - Syria,Banque Bemo Saudi Frasi (Damascus - Syria)
Banque Cantonale de Fribourg,Fribourg - Switzerland,Banque Cantonale de Fribourg (Fribourg - Switzerland)
Banque Cantonale de Geneve,Geneva - Switzerland,Banque Cantonale de Geneve (Geneva - Switzerland)
Banque Cantonale du Jura,Porrentruy - Switzerland,Banque Cantonale du Jura (Porrentruy - Switzerland)
Banque Cantonale du Valais,Sion - Switzerland,Banque Cantonale du Valais (Sion - Switzerland)
Banque Cantonale Neuchateloise,Neuchâtel - Switzerland,Banque Cantonale Neuchateloise (Neuchâtel - Switzerland)
Banque Cantonale Vaudoise,Lausanne - Switzerland,Banque Cantonale Vaudoise (Lausanne - Switzerland)
Banque Commerciale du Burkina,Ougadougou - Burkina Faso,Banque Commerciale du Burkina (Ougadougou - Burkina Faso)
Banque Commerciale du Burundi,Bujumbura - Burundi,Banque Commerciale du Burundi (Bujumbura - Burundi)
Banque Commerciale du Congo,Kinshasa - DRC Congo,Banque Commerciale du Congo (Kinshasa - Democratic Republic of the Congo)
Banque Commerciale du Niger,Niamey - Niger,Banque Commerciale du Niger (Niamey - Niger)
Banque Commerciale Internationale,BCI,Banque Commerciale Internationale (BCI) (Brazzaville - Congo)
Banque Communautaire et Agricole du Burundi,Bujumbra - Burundi,Banque Communautaire et Agricole du Burundi (Bujumbra - Burundi)
Banque Congolaise,Kinshasa - DRC Congo,Banque Congolaise (Kinshasa - Democratic Republic of the Congo)
Banque Cramer,Geneva - Switzerland,Banque Cramer (Geneva - Switzerland)
Banque de Commerce et de Placements,Geneva - Switzerland,Banque de Commerce et de Placements (Geneva - Switzerland)
Banque de Credit de Bujumbura,BCB,Banque de Credit de Bujumbura (BCB) (Bujumbura - Burundi)
Banque de Depots,Geneva - Switzerland,Banque de Depots (Geneva - Switzerland)
Banque de Developpement du Mali,Bamako - Mali,Banque de Developpement du Mali (Bamako - Mali)
Banque de Financement des Petites et Moyennes Entreprises,Tunis - Tunisia,Banque de Financement des Petites et Moyennes Entreprises (Tunis - Tunisia)
Banque de la Bekaa,Zahleh-Barbara - Lebanon,Banque de la Bekaa (Zahleh-Barbara - Lebanon)
Banque de l'Habitat,Tunis - Tunisia,Banque de l'Habitat (Tunis - Tunisia)
Banque de l'Habitat du Benin,Cotonou - Benin,Banque de l'Habitat du Benin (Cotonou - Benin)
Banque de l'Habitat du Senegal,Dakar - Senegal,Banque de l'Habitat du Senegal (Dakar - Senegal)
Banque de l'Union Haitienne,Port-au-Prince - Haiti,Banque de l'Union Haitienne (Port-au-Prince - Haiti)
Banque de Patrimoines Prives Geneve,Geneva - Switzerland,Banque de Patrimoines Prives Geneve (Geneva - Switzerland)
Banque de Promotion Commerciale et Industrielle,Port-au-Prince - Haiti,Banque de Promotion Commerciale et Industrielle (Port-au-Prince - Haiti)
Banque de Tahiti,"Papeete, Tahiti - French Polynesia","Banque de Tahiti (Papeete, Tahiti - French Polynesia)"
Banque de Tunisie,Tunis - Tunisia,Banque de Tunisie (Tunis - Tunisia)
Banque de Tunisie et des Emirats,Tunis - Tunisia,Banque de Tunisie et des Emirats (Tunis - Tunisia)
Banque Degroof Petercam Luxembourg,Luxembourg - Luxembourg,Banque Degroof Petercam Luxembourg (Luxembourg - Luxembourg)
Banque du Caire,Cairo - Egypt,Banque du Caire (Cairo - Egypt)
Banque du Maghreb Arabe pour l'Investissement & le Commerce,Alger - Algeria,Banque du Maghreb Arabe pour l'Investissement & le Commerce (Alger - Algeria)
Banque du Phenix,Paris - France,Banque du Phenix (Paris - France)
Banque du Sud,Tunis - Tunisia,Banque du Sud (Tunis - Tunisia)
Banque et Caisse d'Epargne de l'Etat Luxembourg,Luxembourg - Luxembourg,Banque et Caisse d'Epargne de l'Etat Luxembourg (Luxembourg - Luxembourg)
Banque Exterieure d'Algerie,Algiers - Algeria,Banque Exterieure d'Algerie (Algiers - Algeria)
Banque Finama,Paris - France,Banque Finama (Paris - France)
Banque Francaise Commerciale Ocean Indien,Paris - France,Banque Francaise Commerciale Ocean Indien (Paris - France)
Banque Havilland,Luxembourg - Luxembourg,Banque Havilland (Luxembourg - Luxembourg)
Banque Havilland Suisse,Geneva - Switzerland,Banque Havilland Suisse (Geneva - Switzerland)
Banque Heritage,Montevideo - Uruguay,Banque Heritage (Montevideo - Uruguay)
Banque Indosuez,Paris - France,Banque Indosuez (Paris - France)
Banque Int pour le Comm & l'Ind Guinea,Conakry - Guinea,Banque Int pour le Comm & l'Ind Guinea (Conakry - Guinea)
Banque Intercontinentale Arabe,Paris - France,Banque Intercontinentale Arabe (Paris - France)
Banque Internationale a Luxembourg,Luxembourg - Luxembourg,Banque Internationale a Luxembourg (Luxembourg - Luxembourg)
Banque Internationale Arabe de Tunisie,Tunis - Tunisia,Banque Internationale Arabe de Tunisie (Tunis - Tunisia)
Banque Internationale du Burkina,Ougadougou - Burkina Faso,Banque Internationale du Burkina (Ougadougou - Burkina Faso)
Banque Internationale du Cameroun pour l'Epargne et le Credit,BICEC,Banque Internationale du Cameroun pour l'Epargne et le Credit (BICEC) (Douala - Cameroon)
Banque Internationale pour l'Afrique au Congo,BIAC,Banque Internationale pour l'Afrique au Congo (BIAC) (Kinshasa - Democratic Republic of the Congo)
Banque Internationale pour l'Afrique au Tchad,N`Djamena - Chad,Banque Internationale pour l'Afrique au Tchad (N`Djamena - Chad)
Banque Internationale pour l'Afrique Niger,Niamey - Niger,Banque Internationale pour l'Afrique Niger (Niamey - Niger)
Banque Internationale pour le Commerce et l'Industrie de la Cote d'Ivoire,Abidjan - Côte d`Ivoire,Banque Internationale pour le Commerce et l'Industrie de la Cote d'Ivoire (Abidjan - Cote D'Ivoire)
Banque Internationale pour le Commerce et l'Industrie du Gabon,Libreville - Gabon,Banque Internationale pour le Commerce et l'Industrie du Gabon (Libreville - Gabon)
Banque Internationale pour le Commerce et l'Industrie du Senegal,Dakar - Senegal,Banque Internationale pour le Commerce et l'Industrie du Senegal (Dakar - Senegal)
Banque Islamique de Guinea,Conakry - Guinea,Banque Islamique de Guinea (Conakry - Guinea)
Banque Islamique du Senegal,Dakar - Senegal,Banque Islamique du Senegal (Dakar - Senegal)
Banque Libano-Francaise,Beirut - Lebanon,Banque Libano-Francaise (Beirut - Lebanon)
Banque Malgache de l'Ocean Indien,Antananarivo - Madagascar,Banque Malgache de l'Ocean Indien (Antananarivo - Madagascar)
Banque Malienne de Credit et de Depots,BMCD,Banque Malienne de Credit et de Depots (BMCD) (Bamako - Mali)
Banque Marocaine pour le Commerce et l'Industrie,BMCI,Banque Marocaine pour le Commerce et l'Industrie (BMCI) (Casablanca - Morocco)
Banque Mauritanienne pour le Commerce International,BMCI,Banque Mauritanienne pour le Commerce International (BMCI) (Noukachott - Mauritania)
Banque Misr,Cairo - Egypt,Banque Misr (Cairo - Egypt)
Banque Misr France,Paris - France,Banque Misr France (Paris - France)
Banque Misr Lebanon,Beirut - Lebanon,Banque Misr Lebanon (Beirut - Lebanon)
Banque Nationale Agricole,Tunis - Tunisia,Banque Nationale Agricole (Tunis - Tunisia)
Banque Nationale d'Algerie,Algiers - Algeria,Banque Nationale d'Algerie (Algiers - Algeria)
Banque Nationale de Credit,Port-au-Prince - Haiti,Banque Nationale de Credit (Port-au-Prince - Haiti)
Banque Nationale de Mauritanie,BNM,Banque Nationale de Mauritanie (BNM) (Noukachott - Mauritania)
Banque Nationale d'Investissement,Abidjan - Côte d`Ivoire,Banque Nationale d'Investissement (Abidjan - Cote D'Ivoire)
Banque Patronus,Port Louis - Mauritius,Banque Patronus (Port Louis - Mauritius)
Banque Populaire Haitienne,Port-au-Prince - Haiti,Banque Populaire Haitienne (Port-au-Prince - Haiti)
Banque Populaire Maroco-Guineenne,Conakry - Guinea,Banque Populaire Maroco-Guineenne (Conakry - Guinea)
Banque Populaires du Rwanda,Kigali - Rwanda,Banque Populaires du Rwanda (Kigali - Rwanda)
Banque Postale,Paris - France,Banque Postale (Paris - France)
Banque pour le Commerce et l'Industrie Mer Rouge,Djibouti - Djibouti,Banque pour le Commerce et l'Industrie Mer Rouge (Djibouti - Djibouti)
Banque pour le Commerce Exterieur Lao,BCEL,Banque pour le Commerce Exterieur Lao (BCEL) (Vientiane - Laos)
Banque pour l'Industrie et le Commerce Comores,Moroni - Comoros,Banque pour l'Industrie et le Commerce Comores (Moroni - Comoros)
Banque Privee Edmond de Rothschild Group,Geneva - Switzerland,Banque Privee Edmond de Rothschild Group (Geneva - Switzerland)
Banque Profil de Gestion,Geneva - Switzerland,Banque Profil de Gestion (Geneva - Switzerland)
Banque Raiffeisen,Luxembourg - Luxembourg,Banque Raiffeisen (Luxembourg - Luxembourg)
Banque Safdie,Geneva - Switzerland,Banque Safdie (Geneva - Switzerland)
Banque Safra Luxembourg,Luxembourg - Luxembourg,Banque Safra Luxembourg (Luxembourg - Luxembourg)
Banque Sahelo Saharienne pour l'Investiment et le Commerce Benin,Cotonou - Benin,Banque Sahelo Saharienne pour l'Investiment et le Commerce Benin (Cotonou - Benin)
Banque Saudi Fransi,Riyadh - Saudi Arabia,Banque Saudi Fransi (Riyadh - Saudi Arabia)
Banque SBM Madagascar,Antananarivo - Madagascar,Banque SBM Madagascar (Antananarivo - Madagascar)
Banque Socredo,"Papeete, Tahiti - French Polynesia","Banque Socredo (Papeete, Tahiti - French Polynesia)"
Banque Syz & Co,Geneva - Switzerland,Banque Syz & Co (Geneva - Switzerland)
Banque Togolaise pour le Comm. & l'Industrie,Lomé - Togo,Banque Togolaise pour le Comm. & l'Industrie (Lomé - Togo)
Banque Tunisienne de Solidarite,Tunis - Tunisia,Banque Tunisienne de Solidarite (Tunis - Tunisia)
Banque Tuniso Koweitienne,Tunis - Tunisia,Banque Tuniso Koweitienne (Tunis - Tunisia)
Banque Tuniso Libyenne,Tunis - Tunisia,Banque Tuniso Libyenne (Tunis - Tunisia)
Banque Worms,Paris - France,Banque Worms (Paris - France)
Banque Zitouna,Tunis - Tunisia,Banque Zitouna (Tunis - Tunisia)
Bansi,Guadalajara - Mexico,Bansi (Guadalajara - Mexico)
Banterra Corp,Eldorado (IL,Banterra Corp (Eldorado (IL) - US)
Baoji City Commercial Bank,Baoji - China,Baoji City Commercial Bank (Baoji - China)
Baoshang Bank,Baotou - China,Baoshang Bank (Baotou - China)
Baotou City Commercial Bank,Baotou - China,Baotou City Commercial Bank (Baotou - China)
Baoviet Bank,Hanoi - Vietnam,Baoviet Bank (Hanoi - Vietnam)
Bar Harbor Bankshares,Bar Harbor (ME,Bar Harbor Bankshares (Bar Harbor (ME) - US)
Baraboo Bancorporation,Baraboo (WI,Baraboo Bancorporation (Baraboo (WI) - US)
Barclays,London - UK,Barclays (London - GB)
Barclays Bank,London - UK,Barclays Bank (London - GB)
Barclays Bank Brazil,São Paulo - Brazil,Barclays Bank Brazil (São Paulo - Brazil)
Barclays Bank Ireland,Dublin - Ireland,Barclays Bank Ireland (Dublin - Ireland)
Barclays Bank Mexico,Mexico City - Mexico,Barclays Bank Mexico (Mexico City - Mexico)
Barclays Bank Russia,Moscow - Russia,Barclays Bank Russia (Moscow - Russia)
Barclays Bank Spain,Madrid - Spain,Barclays Bank Spain (Madrid - Spain)
Barclays Bank Suisse,Geneva - Switzerland,Barclays Bank Suisse (Geneva - Switzerland)
Barclays Bank UK,London - UK,Barclays Bank UK (London - GB)
Barclays Capital Inc,New York (NY,Barclays Capital Inc (New York (NY) - US)
Barclays Delaware Holdings,Wilmington (DE,Barclays Delaware Holdings (Wilmington (DE) - US)
Barclays Group US,Wilmington (DE,Barclays Group US (Wilmington (DE) - US)
Barclays US,New York (NY,Barclays US (New York (NY) - US)
Barnes Bancorporation,Kaysville (UT,Barnes Bancorporation (Kaysville (UT) - US)
Barnett Banks,Jacksonville (AR,Barnett Banks (Jacksonville (AR) - US)
Basellandschaftliche Kantonalbank,Liestal - Switzerland,Basellandschaftliche Kantonalbank (Liestal - Switzerland)
Bashkir Industrial Bank,Ufa - Russia,Bashkir Industrial Bank (Ufa - Russia)
Basis Bank,Kharkov - Ukraine,Basis Bank (Kharkov - Ukraine)
Basisbank,Tbilisi - Georgia,Basisbank (Tbilisi - Georgia)
Basler Kantonalbank,Basel - Switzerland,Basler Kantonalbank (Basel - Switzerland)
Bath Investment & Building Society,Bath - UK,Bath Investment & Building Society (Bath - GB)
Bawag Banka Slovenia,Ljubljana - Slovenia,Bawag Banka Slovenia (Ljubljana - Slovenia)
BAWAG Group,Vienna - Austria,BAWAG Group (Vienna - Austria)
Bay View Capital Corporation,San Mateo (CA,Bay View Capital Corporation (San Mateo (CA) - US)
Baybanks,Boston (MA,Baybanks (Boston (MA) - US)
Bayerische Hypotheken & Wechsel Bank,Munich - Germany,Bayerische Hypotheken & Wechsel Bank (Munich - Germany)
BayernLB,Munich - Germany,BayernLB (Munich - Germany)
Baylake Corp,Sturgeon Bay (WI,Baylake Corp (Sturgeon Bay (WI) - US)
BB&T Bancshares Corp,Bloomingdale (IL,BB&T Bancshares Corp (Bloomingdale (IL) - US)
BBP Bank,Panama City - Panama,BBP Bank (Panama City - Panama)
BBS Bank Botswana,Gabarone - Botswana,BBS Bank Botswana (Gabarone - Botswana)
BBVA Banco Provincial,Caracas - Venezuela,BBVA Banco Provincial (Caracas - Venezuela)
BBVA Brasil,Salvador - Brazil,BBVA Brasil (Salvador - Brazil)
BBVA Chile,Santiago - Chile,BBVA Chile (Santiago - Chile)
BBVA Colombia,Bogotá D.C. - Colombia,BBVA Colombia (Bogotá D.C. - Colombia)
BBVA Paraguay,Asunción - Paraguay,BBVA Paraguay (Asunción - Paraguay)
BBVA Peru,Lima - Peru,BBVA Peru (Lima - Peru)
BBVA Portugal,Lisbon - Portugal,BBVA Portugal (Lisbon - Portugal)
BBVA Suiza,Zurich - Switzerland,BBVA Suiza (Zurich - Switzerland)
BBVA Uruguay,Montevideo - Uruguay,BBVA Uruguay (Montevideo - Uruguay)
BBVA USA Bancshares,Houston (TX,BBVA USA Bancshares (Houston (TX) - US)
BBVAPR Holding Corporation,San Juan - Puerto Rico,BBVAPR Holding Corporation (San Juan - Puerto Rico)
BCB Bancorp,Bayonne - US,BCB Bancorp (Bayonne - US)
BCI Financial Group,Coral Gables (FL,BCI Financial Group (Coral Gables (FL) - US)
BCP Bank Mauritius,Port Louis - Mauritius,BCP Bank Mauritius (Port Louis - Mauritius)
BCT Bank International,Panama City - Panama,BCT Bank International (Panama City - Panama)
BDN Bank,Düsseldorf - Germany,BDN Bank (Düsseldorf - Germany)
BDO Unibank,Makati City - Philippines,BDO Unibank (Makati City - Philippines)
Beacon Bancorp,Taunton (MA,Beacon Bancorp (Taunton (MA) - US)
Beal Bank,Plano (TX,Beal Bank (Plano (TX) - US)
Bear State Bank,Little Rock (AR,Bear State Bank (Little Rock (AR) - US)
Beijing Rural Commercial Bank,Beijing - China,Beijing Rural Commercial Bank (Beijing - China)
Belagroprombank,Minsk - Belarus,Belagroprombank (Minsk - Belarus)
Belarusbank,Minsk - Belarus,Belarusbank (Minsk - Belarus)
Belarusian Swiss Bank,Minsk - Belarus,Belarusian Swiss Bank (Minsk - Belarus)
Belarusky Narodny Bank,Minsk - Belarus,Belarusky Narodny Bank (Minsk - Belarus)
Belarussian Russian Belgazprombank,Minsk - Belarus,Belarussian Russian Belgazprombank (Minsk - Belarus)
Belfius,Brussels - Belgium,Belfius (Brussels - Belgium)
Belinvestbank,Minsk - Belarus,Belinvestbank (Minsk - Belarus)
Belize Bank,Belize City - Belize,Belize Bank (Belize City - Belize)
Belle Fourche Bancshares,Belle Fourche (SD,Belle Fourche Bancshares (Belle Fourche (SD) - US)
Bellevue Group,Küsnacht - Switzerland,Bellevue Group (Küsnacht - Switzerland)
Belorusskiy Industrialny Bank,Minsk - Belarus,Belorusskiy Industrialny Bank (Minsk - Belarus)
Belvnesheconombank,Minsk - Belarus,Belvnesheconombank (Minsk - Belarus)
Bendigo and Adelaide Bank,Bendigo - Australia,Bendigo and Adelaide Bank (Bendigo - Australia)
Beneficial Bancorp,Cherry Hill (NJ,Beneficial Bancorp (Cherry Hill (NJ) - US)
Beneficial Bank,Bracknell - UK,Beneficial Bank (Bracknell - GB)
Benjamin Franklin Bancorp,Franklin (MA,Benjamin Franklin Bancorp (Franklin (MA) - US)
Beogradska Banka,Belgrade - Serbia,Beogradska Banka (Belgrade - Serbia)
Beogradska Banka,Belgrade - Serbia,Beogradska Banka (Belgrade - Serbia)
Bereke Bank,Almaty - Kazakhstan,Bereke Bank (Almaty - Kazakhstan)
Beremberg,Hamburg - Germany,Beremberg (Hamburg - Germany)
Bergos,Geneva - Switzerland,Bergos (Geneva - Switzerland)
Berhan International Bank,Addis Ababa - Ethiopia,Berhan International Bank (Addis Ababa - Ethiopia)
Berkshire Bancorp,New York (NY,Berkshire Bancorp (New York (NY) - US)
Berkshire Financial Services,Lee (MA,Berkshire Financial Services (Lee (MA) - US)
Berkshire Hills Bancorp,Pittsfield (MA,Berkshire Hills Bancorp (Pittsfield (MA) - US)
Berlin Hyp,Berlin - Germany,Berlin Hyp (Berlin - Germany)
Berliner Volksbank,Berlin - Germany,Berliner Volksbank (Berlin - Germany)
Bermuda Commercial Bank,Hamilton - Bermuda,Bermuda Commercial Bank (Hamilton - Bermuda)
Berner Kantonalbank,Berne - Switzerland,Berner Kantonalbank (Berne - Switzerland)
Bessemer Group,Woodbridge (NJ,Bessemer Group (Woodbridge (NJ) - US)
Betri Bank,Tórshavn - Faroe Islands,Betri Bank (Tórshavn - Faroe Islands)
Beverly Building Society,Beverley - UK,Beverly Building Society (Beverley - GB)
Beyond Bank Australia,Adelaide - Australia,Beyond Bank Australia (Adelaide - Australia)
BFA Tenedora de Acciones,Madrid - Spain,BFA Tenedora de Acciones (Madrid - Spain)
BFF Banking Group,Milano - Italy,BFF Banking Group (Milano - Italy)
BGFI Bank Europe,Paris - France,BGFI Bank Europe (Paris - France)
BGFI Bank Senegal,Dakar - Senegal,BGFI Bank Senegal (Dakar - Senegal)
BGFIBank,Libreville - Gabon,BGFIBank (Libreville - Gabon)
BGFIBank Benin,Cotonou - Benin,BGFIBank Benin (Cotonou - Benin)
BGFIBank Cameroun,Douala - Cameroon,BGFIBank Cameroun (Douala - Cameroon)
BGFIBank Congo,Brazzaville - Republic of Congo,BGFIBank Congo (Brazzaville - Congo)
BGFIBank Cote d’Ivoire,Abidjan - Côte d`Ivoire,BGFIBank Cote d’Ivoire (Abidjan - Cote D'Ivoire)
BGFIBank DRC Congo,Kinshasa - DRC Congo,BGFIBank DRC Congo (Kinshasa - Democratic Republic of the Congo)
BGFIBank Guinee Equatoriale,Malabo - Equatorial Guinea,BGFIBank Guinee Equatoriale (Malabo - Equatorial Guinea)
BGFIBank Madagascar,Antananarivo - Madagascar,BGFIBank Madagascar (Antananarivo - Madagascar)
BGFIBank Sao Tome and Principe,Sao Tome - Sao Tome and Principe,BGFIBank Sao Tome and Principe (Sao Tome - Sao Tome and Principe)
BGL BNP Paribas,Luxembourg - Luxembourg,BGL BNP Paribas (Luxembourg - Luxembourg)
Bharat Overseas Bank,Madras - India,Bharat Overseas Bank (Madras - India)
BHD International Bank Panama,Panama City - Panama,BHD International Bank Panama (Panama City - Panama)
BHF Bank,Frankfurt am Main - Germany,BHF Bank (Frankfurt am Main - Germany)
Bhutan National Bank,Thimphu - Bhutan,Bhutan National Bank (Thimphu - Bhutan)
BHW Group,Hameln - Germany,BHW Group (Hameln - Germany)
Bi Bank Panama,Panama City - Panama,Bi Bank Panama (Panama City - Panama)
BIC Bank Lao,Vientiane - Laos,BIC Bank Lao (Vientiane - Laos)
Bidvest Bank,Johannesburg - South Africa,Bidvest Bank (Johannesburg - South Africa)
BIG Energy Bank,Kiev - Ukraine,BIG Energy Bank (Kiev - Ukraine)
Bigbank,Tartu - Estonia,Bigbank (Tartu - Estonia)
BIIC Bank,Cotonou - Benin,BIIC Bank (Cotonou - Benin)
Bikuben Girobank,Copenhagen - Denmark,Bikuben Girobank (Copenhagen - Denmark)
Bilbao Bizkaia Kutxa,BBK,Bilbao Bizkaia Kutxa (BBK) (Bilbao - Spain)
BIMB Holdings,Kuala Lumpur - Malaysia,BIMB Holdings (Kuala Lumpur - Malaysia)
BIN Bank Tver,Tver - Russia,BIN Bank Tver (Tver - Russia)
Birmingham Bank,Birmingham - UK,Birmingham Bank (Birmingham - GB)
Biwako Bank,Otsu - Japan,Biwako Bank (Otsu - Japan)
BKS Bank,Rijeka - Croatia,BKS Bank (Rijeka - Croatia)
BKS Bank,Klagenfurt - Austria,BKS Bank (Klagenfurt - Austria)
Black Sea Bank for Development & Reconstruction,Moscow - Russia,Black Sea Bank for Development & Reconstruction (Moscow - Russia)
Blackhawk Bank&Trust,Milan (IL,Blackhawk Bank&Trust (Milan (IL) - US)
BLOM Bank,Beirut - Lebanon,BLOM Bank (Beirut - Lebanon)
BLOM Bank Egypt,Giza - Egypt,BLOM Bank Egypt (Giza - Egypt)
Blom Bank Switzerland,Geneva - Switzerland,Blom Bank Switzerland (Geneva - Switzerland)
Bloom Bank Africa,Banjul - Gambia,Bloom Bank Africa (Banjul - Gambia The)
Blue Foundry Bank,Rutherford (NJ,Blue Foundry Bank (Rutherford (NJ) - US)
Blue Hills Bancorp,Norwood - US,Blue Hills Bancorp (Norwood - US)
Blue Nile Mashreq Bank,Khartoum - Sudan,Blue Nile Mashreq Bank (Khartoum - Sudan)
Blue Ridge Bancshares,Independence - US,Blue Ridge Bancshares (Independence - US)
BluOr Bank,Riga - Latvia,BluOr Bank (Riga - Latvia)
BMB Investment Bank,Manama - Bahrain,BMB Investment Bank (Manama - Bahrain)
BMIBank,Manama - Bahrain,BMIBank (Manama - Bahrain)
BMO Financial Corp,Wilmington (DE,BMO Financial Corp (Wilmington (DE) - US)
BN Bank ASA,Trondheim - Norway,BN Bank ASA (Trondheim - Norway)
BNC Bancorp,Thomasville(NC,BNC Bancorp (Thomasville(NC) - US)
BNF Bank,Gzira - Malta,BNF Bank (Gzira - Malta)
BNI Madagascar,Antananarivo - Madagascar,BNI Madagascar (Antananarivo - Madagascar)
BNK Financial Group,Pusan - South Korea,BNK Financial Group (Pusan - South Korea)
BNP Paribas,Paris - France,BNP Paribas (Paris - France)
BNP Paribas Andes Peru,Lima - Peru,BNP Paribas Andes Peru (Lima - Peru)
BNP Paribas Argentina,Buenos Aires - Argentina,BNP Paribas Argentina (Buenos Aires - Argentina)
BNP Paribas Bank Polska,Warsaw - Poland,BNP Paribas Bank Polska (Warsaw - Poland)
BNP Paribas Bank Polska,Warsaw - Poland,BNP Paribas Bank Polska (Warsaw - Poland)
BNP Paribas Bulgaria,Sofia - Bulgaria,BNP Paribas Bulgaria (Sofia - Bulgaria)
BNP Paribas China,Shanghai - China,BNP Paribas China (Shanghai - China)
BNP Paribas Colombia,Bogotá D.C. - Colombia,BNP Paribas Colombia (Bogotá D.C. - Colombia)
BNP Paribas El Djazair,Hydra - Algeria,BNP Paribas El Djazair (Hydra - Algeria)
BNP Paribas Fortis,Brussels - Belgium,BNP Paribas Fortis (Brussels - Belgium)
BNP Paribas Hungary,Budapest - Hungary,BNP Paribas Hungary (Budapest - Hungary)
BNP Paribas Indonesia,Jakarta - Indonesia,BNP Paribas Indonesia (Jakarta - Indonesia)
BNP Paribas Luxembourg,Luxembourg - Luxembourg,BNP Paribas Luxembourg (Luxembourg - Luxembourg)
BNP Paribas Malaysia,Kuala Lumpur - Malaysia,BNP Paribas Malaysia (Kuala Lumpur - Malaysia)
BNP Paribas Mexico,Mexico City - Mexico,BNP Paribas Mexico (Mexico City - Mexico)
BNP Paribas Portugal,Porto - Portugal,BNP Paribas Portugal (Porto - Portugal)
BNP Paribas Russia,Moscow - Russia,BNP Paribas Russia (Moscow - Russia)
BNP Paribas USA,New York (NY,BNP Paribas USA (New York (NY) - US)
Boatmen's Bancshares,Saint Louis (MO,Boatmen's Bancshares (Saint Louis (MO) - US)
Bobar Banka,Mostar - Bosnia-Herzegovina,Bobar Banka (Mostar - Bosnia and Herzegovina)
BoE Bank,Durban - South Africa,BoE Bank (Durban - South Africa)
BOK Financial Corporation,Tulsa (OK,BOK Financial Corporation (Tulsa (OK) - US)
Bombay Mercantile Cooperative Bank,Mumbai - India,Bombay Mercantile Cooperative Bank (Mumbai - India)
Bond Street Holdings,Miami (FL,Bond Street Holdings (Miami (FL) - US)
Booyoung Khmer Bank,Phnom Penh - Cambodia,Booyoung Khmer Bank (Phnom Penh - Cambodia)
Bosna Bank International,Sarajevo - Bosnia-Herzegovina,Bosna Bank International (Sarajevo - Bosnia and Herzegovina)
Boston Private Financial Holdings,Boston (MA,Boston Private Financial Holdings (Boston (MA) - US)
Botswana Savings Bank,Gabarone - Botswana,Botswana Savings Bank (Gabarone - Botswana)
Bou Bancorp,"Ogden, UT - US","Bou Bancorp (Ogden, UT - US)"
Boubyan Bank,Safat - Kuwait,Boubyan Bank (Safat - Kuwait)
Bourbon Bancshares,Paris (KY,Bourbon Bancshares (Paris (KY) - US)
Bowa Bank,Taipei - Taiwan,Bowa Bank (Taipei - Taiwan)
BPER Banca,Modena - Italy,BPER Banca (Modena - Italy)
BPR Bank,Panama City - Panama,BPR Bank (Panama City - Panama)
BRAC Bank,Dhaka - Bangladesh,BRAC Bank (Dhaka - Bangladesh)
Bradesco BAC Florida Bank,Coral Gables (FL,Bradesco BAC Florida Bank (Coral Gables (FL) - US)
Bradesco Europa,Luxembourg - Luxembourg,Bradesco Europa (Luxembourg - Luxembourg)
Bradford & Bingley,Bingley - UK,Bradford & Bingley (Bingley - GB)
Bramer Bank,Port Louis - Mauritius,Bramer Bank (Port Louis - Mauritius)
Brannen Banks of Florida,Inverness (FL,Brannen Banks of Florida (Inverness (FL) - US)
Bratskiy Narodny Bank,Bratsk - Russia,Bratskiy Narodny Bank (Bratsk - Russia)
Bravera Bank,Sapulpa (OK,Bravera Bank (Sapulpa (OK) - US)
BRD Groupe Societe Generale,Bucharest - Romania,BRD Groupe Societe Generale (Bucharest - Romania)
BRED Bank,Suva - Fiji,BRED Bank (Suva - Fiji Islands)
Bremer Financial Corp,St Paul (MN,Bremer Financial Corp (St Paul (MN) - US)
Bremer Kredit Bank,Bremen - Germany,Bremer Kredit Bank (Bremen - Germany)
Bremer Landesbank,Bremen - Germany,Bremer Landesbank (Bremen - Germany)
BRFkredit,Lyngby - Denmark,BRFkredit (Lyngby - Denmark)
Bridge Capital Holdings,San Jose (CA,Bridge Capital Holdings (San Jose (CA) - US)
Bridgeview Bancorp,Bridgeview (IL,Bridgeview Bancorp (Bridgeview (IL) - US)
Bridgewater Bank,St. Louis Park (MN,Bridgewater Bank (St. Louis Park (MN) - US)
British American Bank,Nassau - Bahamas,British American Bank (Nassau - Bahamas)
British Arab Commercial Bank,London - UK,British Arab Commercial Bank (London - GB)
Broadcastle Bank,Thame - UK,Broadcastle Bank (Thame - GB)
Broadway Bancshares,San Antonio (TX,Broadway Bancshares (San Antonio (TX) - US)
Brookline Bancorp,Brookline (MA,Brookline Bancorp (Brookline (MA) - US)
Brotherhood Bancshares,Kansas City (KS,Brotherhood Bancshares (Kansas City (KS) - US)
Brown Shipley,London - UK,Brown Shipley (London - GB)
Brubank,Buenos Aires - Argentina,Brubank (Buenos Aires - Argentina)
Bryn Mawr Bank Corp,Bryn Mawr (PA,Bryn Mawr Bank Corp (Bryn Mawr (PA) - US)
BSB Bancorp,Belmont (MA,BSB Bancorp (Belmont (MA) - US)
BSI,Lugano - Switzerland,BSI (Lugano - Switzerland)
BSI Bank Panama,Panama City - Panama,BSI Bank Panama (Panama City - Panama)
BSIC Ghana,Accra - Ghana,BSIC Ghana (Accra - Ghana)
BSN Commercial Bank,Kuala Lumpur - Malaysia,BSN Commercial Bank (Kuala Lumpur - Malaysia)
BTA Bank,Almaty - Kazakhstan,BTA Bank (Almaty - Kazakhstan)
BTA Bank Armenia,Yerevan - Armenia,BTA Bank Armenia (Yerevan - Armenia)
BTA Bank Kyrgyzstan,Bishkek - Kyrgyzstan,BTA Bank Kyrgyzstan (Bishkek - Kyrgyzstan)
BTC Financial Corp,Des Moines (IA,BTC Financial Corp (Des Moines (IA) - US)
BTG Pactual Chile,Santiago - Chile,BTG Pactual Chile (Santiago - Chile)
Buckinghamshire Building Society,Buckinghamshire - UK,Buckinghamshire Building Society (Buckinghamshire - GB)
Budapest Bank,Budapest - Hungary,Budapest Bank (Budapest - Hungary)
Builders Bank,Chicago (IL,Builders Bank (Chicago (IL) - US)
Building Development Commercial Bank,Ho Chi Minh City - Vietnam,Building Development Commercial Bank (Ho Chi Minh City - Vietnam)
Builtwell Bank,Chattanooga (TN,Builtwell Bank (Chattanooga (TN) - US)
Bulgarian American Credit Bank,Sofia - Bulgaria,Bulgarian American Credit Bank (Sofia - Bulgaria)
Bulgarian Development Bank,Sofia - Bulgaria,Bulgarian Development Bank (Sofia - Bulgaria)
Bumiputra Commerce Bank,Kuala Lumpur - Malaysia,Bumiputra Commerce Bank (Kuala Lumpur - Malaysia)
Bunna International Bank,Addis Ababa - Ethiopia,Bunna International Bank (Addis Ababa - Ethiopia)
Bunq Bank,Amsterdam - Netherlands,Bunq Bank (Amsterdam - Netherlands)
Burgan Bank,Sharq - Kuwait,Burgan Bank (Sharq - Kuwait)
Burgan Bank Turkey,Istanbul - Turkey,Burgan Bank Turkey (Istanbul - Turkey)
Burj Bank,Karachi - Pakistan,Burj Bank (Karachi - Pakistan)
Business Development Bank,Tashkent - Uzbekistan,Business Development Bank (Tashkent - Uzbekistan)
Business First Bank,Baton Rouge - US,Business First Bank (Baton Rouge - US)
Butterfield Bank Cayman,Grand Cayman - Cayman Islands,Butterfield Bank Cayman (Grand Cayman - Cayman Islands)
Butterfield Bank Group,Hamilton - Bermuda,Butterfield Bank Group (Hamilton - Bermuda)
Butterfield Bank Guernsey,Saint Peter Port - UK,Butterfield Bank Guernsey (Saint Peter Port - GB)
Butterfield Bank UK,London - UK,Butterfield Bank UK (London - GB)
BWC Financial Corp,Walnut Creek (CA,BWC Financial Corp (Walnut Creek (CA) - US)
Byblos Bank,Beirut - Lebanon,Byblos Bank (Beirut - Lebanon)
Byblos Bank Armenia,Yerevan - Armenia,Byblos Bank Armenia (Yerevan - Armenia)
Byblos Bank Europe Belgium,Brussels - Belgium,Byblos Bank Europe Belgium (Brussels - Belgium)
Byblos Bank Syria,Damascus - Syria,Byblos Bank Syria (Damascus - Syria)
Byline Bank,Chicago (IL,Byline Bank (Chicago (IL) - US)
BystroBank,Izhevsk - Russia,BystroBank (Izhevsk - Russia)
BZ Bank,Wilen - Switzerland,BZ Bank (Wilen - Switzerland)
C Hoare & Co,London - UK,C Hoare & Co (London - GB)
C Kredi ve Kalkinma Bankasi,Istanbul - Turkey,C Kredi ve Kalkinma Bankasi (Istanbul - Turkey)
C1 Financial,St Petersburg - US,C1 Financial (St Petersburg - US)
CA Indosuez Switzerland,Geneva - Switzerland,CA Indosuez Switzerland (Geneva - Switzerland)
CA Indosuez Wealth Italy,Milano - Italy,CA Indosuez Wealth Italy (Milano - Italy)
Cadence Bancorp,Houston (TX,Cadence Bancorp (Houston (TX) - US)
Cadence Bank,Tupelo (MS,Cadence Bank (Tupelo (MS) - US)
Cadence Financial Corporation,Starkville (MS,Cadence Financial Corporation (Starkville (MS) - US)
Cagamas Berhad,Kuala Lumpur - Malaysia,Cagamas Berhad (Kuala Lumpur - Malaysia)
Cairo Amman Bank,Amman - Jordan,Cairo Amman Bank (Amman - Jordan)
Cairo Amman Bank Palestine,Ramallah - Palestine,Cairo Amman Bank Palestine (Ramallah - Palestinian Territory Occupied)
Cairo Bank Uganda,Kampala - Uganda,Cairo Bank Uganda (Kampala - Uganda)
Cairo Far East Bank,Giza - Egypt,Cairo Far East Bank (Giza - Egypt)
Caisse Commune d'Epargne et d'Investissement Guinee Equatoriale,CCEI,Caisse Commune d'Epargne et d'Investissement Guinee Equatoriale (CCEI) (Malabo - Equatorial Guinea)
Caisse Privee Banque,Brussels - Belgium,Caisse Privee Banque (Brussels - Belgium)
Caixa de Sabadell,Sabadell - Spain,Caixa de Sabadell (Sabadell - Spain)
Caixa d'Estalvis de Tarragona,Tarragona - Spain,Caixa d'Estalvis de Tarragona (Tarragona - Spain)
Caixa d'Estalvis de Terrassa,Terrassa - Spain,Caixa d'Estalvis de Terrassa (Terrassa - Spain)
Caixa d'Estalvis Laietana,Mataró - Spain,Caixa d'Estalvis Laietana (Mataró - Spain)
Caixa Economica de Cabo Verde,Praia - Cape Verde,Caixa Economica de Cabo Verde (Praia - Cape Verde)
Caixa Economica Federal,Brasilia - Brazil,Caixa Economica Federal (Brasilia - Brazil)
Caixa Geral de Depositos,Lisbon - Portugal,Caixa Geral de Depositos (Lisbon - Portugal)
Caixa Ontinyent,Ontinyent - Spain,Caixa Ontinyent (Ontinyent - Spain)
Caixa Penedes,Vilafranca del Penedes - Spain,Caixa Penedes (Vilafranca del Penedes - Spain)
CaixaBank,Valencia - Spain,CaixaBank (Valencia - Spain)
CaixaBank Morocco,Casablanca - Morocco,CaixaBank Morocco (Casablanca - Morocco)
Caixanova,Vigo - Spain,Caixanova (Vigo - Spain)
Caja Cantabria,Santander - Spain,Caja Cantabria (Santander - Spain)
Caja Circulo,Burgos - Spain,Caja Circulo (Burgos - Spain)
Caja de Ahorros,Panama City - Panama,Caja de Ahorros (Panama City - Panama)
Caja de Ahorros & M.P. de Extremadura,Caceres - Spain,Caja de Ahorros & M.P. de Extremadura (Caceres - Spain)
Caja de Ahorros de Vitoria y Alava,Vital,Caja de Ahorros de Vitoria y Alava (Vital) (Vitoria-Gasteiz - Spain)
Caja de Ahorros y Monte de Piedad de Cordoba,Cordoba - Spain,Caja de Ahorros y Monte de Piedad de Cordoba (Cordoba - Spain)
Caja de Ahorros y Monte de Piedad de Gipuzkoa y San Sebastian,Kutxa,Caja de Ahorros y Monte de Piedad de Gipuzkoa y San Sebastian (Kutxa) (San Sebastian - Spain)
Caja de Ahorros y Monte de Piedad de Madrid,Madrid - Spain,Caja de Ahorros y Monte de Piedad de Madrid (Madrid - Spain)
Caja de Ahorros y Monte de Piedad de Navarra,Pamplona - Spain,Caja de Ahorros y Monte de Piedad de Navarra (Pamplona - Spain)
Caja de Badajoz,Badajoz - Spain,Caja de Badajoz (Badajoz - Spain)
Caja de Burgos,Burgos - Spain,Caja de Burgos (Burgos - Spain)
Caja de credito La Capital del Plata,Córdoba - Argentina,Caja de credito La Capital del Plata (Córdoba - Argentina)
Caja Espana de Inversiones C.A. & M.P.,León - Spain,Caja Espana de Inversiones C.A. & M.P. (León - Spain)
Caja General de Ahorros de Canarias,Santa Cruz de Tenerife - Spain,Caja General de Ahorros de Canarias (Santa Cruz de Tenerife - Spain)
Caja General de Ahorros de Granada,Las Palmas - Spain,Caja General de Ahorros de Granada (Las Palmas - Spain)
Caja Inmaculada,Zaragoza - Spain,Caja Inmaculada (Zaragoza - Spain)
Caja Insular de Ahorros de Canarias,Las Palmas - Spain,Caja Insular de Ahorros de Canarias (Las Palmas - Spain)
Caja Laboral Popular-Laboral Kutxa,Mondragon - Spain,Caja Laboral Popular-Laboral Kutxa (Mondragon - Spain)
Caja San Fernando de Sevilla y Jerez,Seville - Spain,Caja San Fernando de Sevilla y Jerez (Seville - Spain)
CajAstur,Oviedo - Spain,CajAstur (Oviedo - Spain)
Cal Bank,Accra - Ghana,Cal Bank (Accra - Ghana)
California First National Bancorp,Irvine (CA,California First National Bancorp (Irvine (CA) - US)
California Independent Bancorp,Yuba City (CA,California Independent Bancorp (Yuba City (CA) - US)
California Republic Bank,Irvine (CA,California Republic Bank (Irvine (CA) - US)
Calyon,Paris - France,Calyon (Paris - France)
Cambodia Asia Bank,Phnom Penh - Cambodia,Cambodia Asia Bank (Phnom Penh - Cambodia)
Cambodia Mekong Bank,Phnom Penh - Cambodia,Cambodia Mekong Bank (Phnom Penh - Cambodia)
Cambodian Commercial Bank,Phnom Penh - Cambodia,Cambodian Commercial Bank (Phnom Penh - Cambodia)
Cambodian Post Bank,Phnom Penh - Cambodia,Cambodian Post Bank (Phnom Penh - Cambodia)
Cambodian Public Bank,Phnom Penh - Cambodia,Cambodian Public Bank (Phnom Penh - Cambodia)
Cambridge & Counties Bank,Leicester - UK,Cambridge & Counties Bank (Leicester - GB)
Cambridge Bancorp,Cambridge (MA,Cambridge Bancorp (Cambridge (MA) - US)
Cambridge Building Society,Cambridge - UK,Cambridge Building Society (Cambridge - GB)
Cambridge Financial Group,Cambridge (MA,Cambridge Financial Group (Cambridge (MA) - US)
Camco Financial Corporation,Cambridge (OH,Camco Financial Corporation (Cambridge (OH) - US)
Camden National Corporation,Camden (ME,Camden National Corporation (Camden (ME) - US)
Canadia Bank,Phnom Penh - Cambodia,Canadia Bank (Phnom Penh - Cambodia)
Canadian Imperial Bank of Commerce,Toronto - Canada,Canadian Imperial Bank of Commerce (Toronto - Canada)
Canadian Imperial Bank of Commerce World Markets UK,London - UK,Canadian Imperial Bank of Commerce World Markets UK (London - GB)
Canadian Western Bank,Edmonton - Canada,Canadian Western Bank (Edmonton - Canada)
Canal Bank,Panama City - Panama,Canal Bank (Panama City - Panama)
Canandaigua National Corporation,Canandaigua (NY,Canandaigua National Corporation (Canandaigua (NY) - US)
Canara Bank,Bangalore - India,Canara Bank (Bangalore - India)
Cape Cod Five Mutual Company,Harwich Port - US,Cape Cod Five Mutual Company (Harwich Port - US)
Capital Bank,Port-au-Prince - Haiti,Capital Bank (Port-au-Prince - Haiti)
Capital Bank,Ulaanbataar - Mongolia,Capital Bank (Ulaanbataar - Mongolia)
Capital Bank,Tbilisi - Georgia,Capital Bank (Tbilisi - Georgia)
Capital Bank,Panama City - Panama,Capital Bank (Panama City - Panama)
Capital Bank Corporation,Raleigh (NC,Capital Bank Corporation (Raleigh (NC) - US)
Capital Bank Financial Corp,Coral Gables (FL,Capital Bank Financial Corp (Coral Gables (FL) - US)
Capital Bank Kazakhstan,Almaty - Kazakhstan,Capital Bank Kazakhstan (Almaty - Kazakhstan)
Capital Bank of Jordan,Amman - Jordan,Capital Bank of Jordan (Amman - Jordan)
Capital City Bank Group,Tallahassee (FL,Capital City Bank Group (Tallahassee (FL) - US)
Capital Corp of the West,Merced (CA,Capital Corp of the West (Merced (CA) - US)
Capital One Bank,Glen Allen (VA,Capital One Bank (Glen Allen (VA) - US)
Capital One Financial Corporation,McLean (VA,Capital One Financial Corporation (McLean (VA) - US)
Capital Union Bank,Nassau - Bahamas,Capital Union Bank (Nassau - Bahamas)
Capitalia Gruppo Bancario,Roma - Italy,Capitalia Gruppo Bancario (Roma - Italy)
Capitec Bank Holdings,Stellenbosch - South Africa,Capitec Bank Holdings (Stellenbosch - South Africa)
Capitol Bancorp,Lansing (MI,Capitol Bancorp (Lansing (MI) - US)
Capitol Bancorporation,Britton - US,Capitol Bancorporation (Britton - US)
Capitol Federal Financial,Topeka (KS,Capitol Federal Financial (Topeka (KS) - US)
Capitron Bank,Ulaanbataar - Mongolia,Capitron Bank (Ulaanbataar - Mongolia)
Capivest,Manama - Bahrain,Capivest (Manama - Bahrain)
Cardinal Financial Corporation,McLean (VA,Cardinal Financial Corporation (McLean (VA) - US)
Cardine Banca,Bologna - Italy,Cardine Banca (Bologna - Italy)
Cargills Bank,Colombo - Sri Lanka,Cargills Bank (Colombo - Sri Lanka)
Caribbean Investment Holdings,Belize City - Belize,Caribbean Investment Holdings (Belize City - Belize)
Caribbean Mercantile Bank,Oranjestad - Aruba,Caribbean Mercantile Bank (Oranjestad - Aruba)
Carlile Bancshares,Fort Worth (TX,Carlile Bancshares (Fort Worth (TX) - US)
Carlinville National Bank Shares,Carlinville (IL,Carlinville National Bank Shares (Carlinville (IL) - US)
Carrollton Bank,Carrollton (IL,Carrollton Bank (Carrollton (IL) - US)
Carthage State Bancshares,Carthage (TX,Carthage State Bancshares (Carthage (TX) - US)
Cartu Bank,Tbilisi - Georgia,Cartu Bank (Tbilisi - Georgia)
Carver Federal Savings Ban,New York (NY,Carver Federal Savings Ban (New York (NY) - US)
Cascade Bancorp,Bend (OR,Cascade Bancorp (Bend (OR) - US)
Cascade Bank,Yerevan - Armenia,Cascade Bank (Yerevan - Armenia)
Cascade Financial Corporation,Everett (WA,Cascade Financial Corporation (Everett (WA) - US)
Cashmere Valley Financial Corporation,Cashmere - US,Cashmere Valley Financial Corporation (Cashmere - US)
Cass Information Systems,Bridgeton (MO,Cass Information Systems (Bridgeton (MO) - US)
Cassa dei Risparmi di Forli e della Romagna,Forli - Italy,Cassa dei Risparmi di Forli e della Romagna (Forli - Italy)
Cassa di Risp di Ascoli Piceno,Ascoli Piceno - Italy,Cassa di Risp di Ascoli Piceno (Ascoli Piceno - Italy)
Cassa di Risp. di Pescara di Loreto Aprutino,Pescara - Italy,Cassa di Risp. di Pescara di Loreto Aprutino (Pescara - Italy)
Cassa di Risparmio del Friuli Venezia Giulia,Gorizia - Italy,Cassa di Risparmio del Friuli Venezia Giulia (Gorizia - Italy)
Cassa di Risparmio della Provincia dell'Aquila,L`Aquila - Italy,Cassa di Risparmio della Provincia dell'Aquila (L`Aquila - Italy)
Cassa di Risparmio della Provincia di Chieti,Chieti - Italy,Cassa di Risparmio della Provincia di Chieti (Chieti - Italy)
Cassa di Risparmio della Provincia di Viterbo,Viterbo - Italy,Cassa di Risparmio della Provincia di Viterbo (Viterbo - Italy)
Cassa di Risparmio delle Provincie Lombarde,Milano - Italy,Cassa di Risparmio delle Provincie Lombarde (Milano - Italy)
Cassa di Risparmio di Alessandria,Alessandria - Italy,Cassa di Risparmio di Alessandria (Alessandria - Italy)
Cassa di Risparmio di Asti,Asti - Italy,Cassa di Risparmio di Asti (Asti - Italy)
Cassa di Risparmio di Biella e Vercelli,Biella - Italy,Cassa di Risparmio di Biella e Vercelli (Biella - Italy)
Cassa di Risparmio di Bologna,Bologna - Italy,Cassa di Risparmio di Bologna (Bologna - Italy)
Cassa di Risparmio di Bolzano-Sudtiroler Sparkasse,Bolzano - Italy,Cassa di Risparmio di Bolzano-Sudtiroler Sparkasse (Bolzano - Italy)
Cassa di Risparmio di Carrara,Carrara - Italy,Cassa di Risparmio di Carrara (Carrara - Italy)
Cassa di Risparmio di Cento,Cento - Italy,Cassa di Risparmio di Cento (Cento - Italy)
Cassa di Risparmio di Cesena,Cesena - Italy,Cassa di Risparmio di Cesena (Cesena - Italy)
Cassa di Risparmio di Fano,Fano - Italy,Cassa di Risparmio di Fano (Fano - Italy)
Cassa di Risparmio di Ferrara,Ferrara - Italy,Cassa di Risparmio di Ferrara (Ferrara - Italy)
Cassa di Risparmio di Genova e Imperia,Genova - Italy,Cassa di Risparmio di Genova e Imperia (Genova - Italy)
Cassa di Risparmio di Gorizia,Gorizia - Italy,Cassa di Risparmio di Gorizia (Gorizia - Italy)
Cassa di Risparmio di Imola,Imola - Italy,Cassa di Risparmio di Imola (Imola - Italy)
Cassa di Risparmio di Lucca,Lucca - Italy,Cassa di Risparmio di Lucca (Lucca - Italy)
Cassa di Risparmio di Pisa,Pisa - Italy,Cassa di Risparmio di Pisa (Pisa - Italy)
Cassa di Risparmio di Pistoia e Pescia,Pistoia - Italy,Cassa di Risparmio di Pistoia e Pescia (Pistoia - Italy)
Cassa di Risparmio di Ravenna,Ravenna - Italy,Cassa di Risparmio di Ravenna (Ravenna - Italy)
Cassa di Risparmio di Rimini,Rimini - Italy,Cassa di Risparmio di Rimini (Rimini - Italy)
Cassa di Risparmio di San Miniato,San Miniato - Italy,Cassa di Risparmio di San Miniato (San Miniato - Italy)
Cassa di Risparmio di Savona,Savona - Italy,Cassa di Risparmio di Savona (Savona - Italy)
Cassa di Risparmio di Trento & Rovereto,Trento - Italy,Cassa di Risparmio di Trento & Rovereto (Trento - Italy)
Cassa di Risparmio di Trieste Banca,Trieste - Italy,Cassa di Risparmio di Trieste Banca (Trieste - Italy)
Cassa di Risparmio di Udine e Pordenone,Cardine,Cassa di Risparmio di Udine e Pordenone (Cardine) (Udine - Italy)
Cassa di Risparmio di Venezia,Venice - Italy,Cassa di Risparmio di Venezia (Venice - Italy)
Cassa di Risparmio di Volterra,Volterra - Italy,Cassa di Risparmio di Volterra (Volterra - Italy)
Cassa Lombarda,Milano - Italy,Cassa Lombarda (Milano - Italy)
Cassa Risparmio Carpi,Carpi - Italy,Cassa Risparmio Carpi (Carpi - Italy)
Catalunya Banc,CatalunyaCaixa,Catalunya Banc (CatalunyaCaixa) (Barcelona - Spain)
Cathay General Bancorp,Los Angeles (CA,Cathay General Bancorp (Los Angeles (CA) - US)
Cathay United Bank,Taipei - Taiwan,Cathay United Bank (Taipei - Taiwan)
Cathay United Bank,Taipei - Taiwan,Cathay United Bank (Taipei - Taiwan)
Cathay United Bank Cambodia,Phnom Penh - Cambodia,Cathay United Bank Cambodia (Phnom Penh - Cambodia)
Caucasus Development Bank,Baku - Azerbaijan,Caucasus Development Bank (Baku - Azerbaijan)
Cavmont Bank,Lusaka - Zambia,Cavmont Bank (Lusaka - Zambia)
Caye International Bank,San Pedro Town - Belize,Caye International Bank (San Pedro Town - Belize)
Cayman National Corporation,Grand Cayman - Cayman Islands,Cayman National Corporation (Grand Cayman - Cayman Islands)
CB&S Bank,Russellville (AL,CB&S Bank (Russellville (AL) - US)
CBAO Groupe Attijariwafa bank,Dakar - Senegal,CBAO Groupe Attijariwafa bank (Dakar - Senegal)
CBFH,Orange - US,CBFH (Orange - US)
CBH Compagnie Bancaire Helvetique,Geneva - Switzerland,CBH Compagnie Bancaire Helvetique (Geneva - Switzerland)
CBNK Banco de Colectivo,Madrid - Spain,CBNK Banco de Colectivo (Madrid - Spain)
CCB Financial Corp,North Carolina - US,CCB Financial Corp (North Carolina - US)
CCB Financial Corporation,Kansas City (MO,CCB Financial Corporation (Kansas City (MO) - US)
CCF Charterhouse,London - UK,CCF Charterhouse (London - GB)
CCFNB Bancorp,Bloomsburg (PA,CCFNB Bancorp (Bloomsburg (PA) - US)
CDG Capital,Rabat - Morocco,CDG Capital (Rabat - Morocco)
CDH Investment Bank,Blantyre - Malawi,CDH Investment Bank (Blantyre - Malawi)
CEC Bank,Bucharest - Romania,CEC Bank (Bucharest - Romania)
Cecabank,Madrid - Spain,Cecabank (Madrid - Spain)
Cedar Valley Bankshares,Charles City (IA,Cedar Valley Bankshares (Charles City (IA) - US)
Cenlar FSB,Trenton (NJ,Cenlar FSB (Trenton (NJ) - US)
Centar Banka,Zagreb - Croatia,Centar Banka (Zagreb - Croatia)
Centenary Bank,Kampala - Uganda,Centenary Bank (Kampala - Uganda)
Center Bancorp,Union (NJ,Center Bancorp (Union (NJ) - US)
Center Financial Corporation,Los Angeles (CA,Center Financial Corporation (Los Angeles (CA) - US)
Center Financial Corporation,Waterbury - Venezuela,Center Financial Corporation (Waterbury - Venezuela)
Center Invest Bank,Rostov-on-Don - Russia,Center Invest Bank (Rostov-on-Don - Russia)
Centerstate Banks,Davenport (FL,Centerstate Banks (Davenport (FL) - US)
Central Bancompany,Jefferson City (MO,Central Bancompany (Jefferson City (MO) - US)
Central Bancorp,Somerville (MA,Central Bancorp (Somerville (MA) - US)
Central Bancorp,Garland (TX,Central Bancorp (Garland (TX) - US)
Central Bancorporation,Provo (UT,Central Bancorporation (Provo (UT) - US)
Central Bancshares,Lexington (KY,Central Bancshares (Lexington (KY) - US)
Central Bancshares,Muscatine (IA,Central Bancshares (Muscatine (IA) - US)
Central Bank of India,Mumbai - India,Central Bank of India (Mumbai - India)
Central Coast Bancorp,Salinas (CA,Central Coast Bancorp (Salinas (CA) - US)
Central Cooperative Bank,Sofia - Bulgaria,Central Cooperative Bank (Sofia - Bulgaria)
Central Cooperative Bank AD Skopje,Skopje - Macedonia,Central Cooperative Bank AD Skopje (Skopje - Macedonia)
Central Fidelity Banks,Richmond (IN,Central Fidelity Banks (Richmond (IN) - US)
Central of Kansas,Junction City (KS,Central of Kansas (Junction City (KS) - US)
Central Pacific Financial Corp,Honolulu (HI,Central Pacific Financial Corp (Honolulu (HI) - US)
Central Service Corporation,Enid (OK,Central Service Corporation (Enid (OK) - US)
Central Trust of China,Taipei - Taiwan,Central Trust of China (Taipei - Taiwan)
Central Valley Community Bank,Fresno (CA,Central Valley Community Bank (Fresno (CA) - US)
Centre 1 Bancorp,Beloit (WI,Centre 1 Bancorp (Beloit (WI) - US)
Centrobanca,Milano - Italy,Centrobanca (Milano - Italy)
CentroCredit Bank,Moscow - Russia,CentroCredit Bank (Moscow - Russia)
Centrue Financial Corporation,Clayton (MO,Centrue Financial Corporation (Clayton (MO) - US)
Centurion Bank of Punjab,Mumbai - India,Centurion Bank of Punjab (Mumbai - India)
Century Bancorp,Bridgeton (NJ,Century Bancorp (Bridgeton (NJ) - US)
Century Bancorp,Medford (MA,Century Bancorp (Medford (MA) - US)
Century Banking Corporation,Port Louis - Mauritius,Century Banking Corporation (Port Louis - Mauritius)
Century Commercial Bank,Kathmandu - Nepal,Century Commercial Bank (Kathmandu - Nepal)
Century South Banks,Dahlonega - US,Century South Banks (Dahlonega - US)
CERA Bank,Leuven - Belgium,CERA Bank (Leuven - Belgium)
CertusHoldings,Atlanta (GA,CertusHoldings (Atlanta (GA) - US)
Ceska Exportni Banka,Prague - Czech Republic,Ceska Exportni Banka (Prague - Czech Republic)
Ceska Sporitelna,Prague - Czech Republic,Ceska Sporitelna (Prague - Czech Republic)
Ceskoslovenska Obchodni Banka Czech Republic,Prague - Czech Republic,Ceskoslovenska Obchodni Banka Czech Republic (Prague - Czech Republic)
CFC Bank,Nairobi - Kenya,CFC Bank (Nairobi - Kenya)
CFX Corporation,Keene - US,CFX Corporation (Keene - US)
Challenge Bank,Perth - Australia,Challenge Bank (Perth - Australia)
Cham Bank,Damascus - Syria,Cham Bank (Damascus - Syria)
Chambers Bancshares,Danville (AR,Chambers Bancshares (Danville (AR) - US)
Chang Hwa Commercial Bank,Taipei - Taiwan,Chang Hwa Commercial Bank (Taipei - Taiwan)
Chang'an Bank,Xian - China,Chang'an Bank (Xian - China)
Changchun Rural Commercial Bank,Changchun - China,Changchun Rural Commercial Bank (Changchun - China)
Changsha City Commercial Bank,Changsha - China,Changsha City Commercial Bank (Changsha - China)
Charities Aid Foundation Bank,West Malling - UK,Charities Aid Foundation Bank (West Malling - GB)
Charity Bank,Tonbridge - UK,Charity Bank (Tonbridge - GB)
Charter Banking Corp,Tampa (FL,Charter Banking Corp (Tampa (FL) - US)
Charter Bankshares,Eau Claire (WI,Charter Bankshares (Eau Claire (WI) - US)
Charter house Bank,Nairobi - Kenya,Charter house Bank (Nairobi - Kenya)
Charter One Financial,Cleveland (OH,Charter One Financial (Cleveland (OH) - US)
Charter Savings Bank,Wolverhampton - UK,Charter Savings Bank (Wolverhampton - GB)
Chase Bank,Nairobi - Kenya,Chase Bank (Nairobi - Kenya)
Chelindbank,Chelyabinsk - Russia,Chelindbank (Chelyabinsk - Russia)
Chelyabinsk Bank,Chelyabinsk - Russia,Chelyabinsk Bank (Chelyabinsk - Russia)
Chemical Banking Corp,New York (NY,Chemical Banking Corp (New York (NY) - US)
Chemung Financial Corp,Elmira (NY,Chemung Financial Corp (Elmira (NY) - US)
Chengdu Rural Commercial Bank,Chengdu - China,Chengdu Rural Commercial Bank (Chengdu - China)
Chesapeake Bank,Kilmarnock (VA,Chesapeake Bank (Kilmarnock (VA) - US)
Chester Valley Bancorp,Downingtown (PA,Chester Valley Bancorp (Downingtown (PA) - US)
Chiao Tung Bank,Taipei - Taiwan,Chiao Tung Bank (Taipei - Taiwan)
Chiba Bank,Chiba - Japan,Chiba Bank (Chiba - Japan)
Chiba Kogyo Bank,Chiba - Japan,Chiba Kogyo Bank (Chiba - Japan)
Chicopee Bancorp,Chicopee - US,Chicopee Bancorp (Chicopee - US)
Chikuho Bank,Kurume - Japan,Chikuho Bank (Kurume - Japan)
China & South Sea Bank,Hong Kong - Hong Kong,China & South Sea Bank (Hong Kong - Hong Kong S.A.R.)
China Banking Corporation,Makati City - Philippines,China Banking Corporation (Makati City - Philippines)
China Bohai Bank,Tianjin - China,China Bohai Bank (Tianjin - China)
China Citic Bank,Beijing - China,China Citic Bank (Beijing - China)
China CITIC Bank International,Hong Kong - Hong Kong,China CITIC Bank International (Hong Kong - Hong Kong S.A.R.)
China Construction Bank Asia,Hong Kong - Hong Kong,China Construction Bank Asia (Hong Kong - Hong Kong S.A.R.)
China Construction Bank Brasil,São Paulo - Brazil,China Construction Bank Brasil (São Paulo - Brazil)
China Construction Bank Chile,Las Condes - Chile,China Construction Bank Chile (Las Condes - Chile)
China Construction Bank Corporation,Beijing - China,China Construction Bank Corporation (Beijing - China)
China Construction Bank Indonesia,Jakarta - Indonesia,China Construction Bank Indonesia (Jakarta - Indonesia)
China Construction Bank Macau,Macau - Macau,China Construction Bank Macau (Macau - Macau S.A.R.)
China Construction Bank Russia,Moscow - Russia,China Construction Bank Russia (Moscow - Russia)
China Construction Bank UK,London - UK,China Construction Bank UK (London - GB)
China Development Industrial Bank,Taipei - Taiwan,China Development Industrial Bank (Taipei - Taiwan)
China Everbright Bank,Beijing - China,China Everbright Bank (Beijing - China)
China Guangfa Bank,Guangzhou - China,China Guangfa Bank (Guangzhou - China)
China Merchants Bank,Shenzhen - China,China Merchants Bank (Shenzhen - China)
China Minsheng Bank,Beijing - China,China Minsheng Bank (Beijing - China)
China Resources Bank of Zhuhai,Zhuhai - China,China Resources Bank of Zhuhai (Zhuhai - China)
China State Bank,Hong Kong - Hong Kong,China State Bank (Hong Kong - Hong Kong S.A.R.)
China Zheshang Bank,Ningbo - China,China Zheshang Bank (Ningbo - China)
Chinatrust Financial Holding,Taipei - Taiwan,Chinatrust Financial Holding (Taipei - Taiwan)
Chinatrust Indonesia,Jakarta - Indonesia,Chinatrust Indonesia (Jakarta - Indonesia)
Chinese Bank,Taipei - Taiwan,Chinese Bank (Taipei - Taiwan)
Chinfon Commercial Bank,Taipei - Taiwan,Chinfon Commercial Bank (Taipei - Taiwan)
Chittenden Corp,Burlington (VT,Chittenden Corp (Burlington (VT) - US)
Chiyu Banking Corporation,Hong Kong - Hong Kong,Chiyu Banking Corporation (Hong Kong - Hong Kong S.A.R.)
Chohung Bank,Seoul - South Korea,Chohung Bank (Seoul - South Korea)
Choice Bank,Belize City - Belize,Choice Bank (Belize City - Belize)
Choice Financial,Fargo (ND,Choice Financial (Fargo (ND) - US)
Choice One Bank,Sparta (MI,Choice One Bank (Sparta (MI) - US)
Chong Hing Bank,Hong Kong - Hong Kong,Chong Hing Bank (Hong Kong - Hong Kong S.A.R.)
Chongqing Rural Commercial Bank,Chongqing - China,Chongqing Rural Commercial Bank (Chongqing - China)
Chongqing Three Gorges Bank,Chongqing - China,Chongqing Three Gorges Bank (Chongqing - China)
Chorley and District Building Society,Chorley - UK,Chorley and District Building Society (Chorley - GB)
Chugin Financial Group,Okayama - Japan,Chugin Financial Group (Okayama - Japan)
Chukyo Bank,Nagoya - Japan,Chukyo Bank (Nagoya - Japan)
Chung Shing Bank,Taipei - Taiwan,Chung Shing Bank (Taipei - Taiwan)
Chuo Mitsui Trust Holdings,Tokyo - Japan,Chuo Mitsui Trust Holdings (Tokyo - Japan)
CI Banco,Guadalajara - Mexico,CI Banco (Guadalajara - Mexico)
CIB Bank,Budapest - Hungary,CIB Bank (Budapest - Hungary)
CIB Marine Bancshares,Pewaukee (WI,CIB Marine Bancshares (Pewaukee (WI) - US)
CIBC Bancorp USA,Chicago (IL,CIBC Bancorp USA (Chicago (IL) - US)
CIBC FirstCaribbean International Bank,St Michael - Barbados,CIBC FirstCaribbean International Bank (St Michael - Barbados)
CIBC FirstCaribbean International Bank Bahamas,Nassau - Bahamas,CIBC FirstCaribbean International Bank Bahamas (Nassau - Bahamas)
Cihan Bank for Islamic Investment & Finance,Erbil - Iraq,Cihan Bank for Islamic Investment & Finance (Erbil - Iraq)
CIMB Cambodia,Phnom Penh - Cambodia,CIMB Cambodia (Phnom Penh - Cambodia)
CIMB Group,Kuala Lumpur - Malaysia,CIMB Group (Kuala Lumpur - Malaysia)
CIMB Islamic Bank,Kuala Lumpur - Malaysia,CIMB Islamic Bank (Kuala Lumpur - Malaysia)
CIMB Niaga,Jakarta - Indonesia,CIMB Niaga (Jakarta - Indonesia)
CIMB Thai,Bangkok - Thailand,CIMB Thai (Bangkok - Thailand)
CIT Group,Livingston (NJ,CIT Group (Livingston (NJ) - US)
Citadele Banka,Riga - Latvia,Citadele Banka (Riga - Latvia)
Citadele bankas,Vilnius - Lithuania,Citadele bankas (Vilnius - Lithuania)
Citco Community Bancshares,Elizabethton (TN,Citco Community Bancshares (Elizabethton (TN) - US)
Citi Islamic Investment Bank,Manama - Bahrain,Citi Islamic Investment Bank (Manama - Bahrain)
Citibank Argentina,Buenos Aires - Argentina,Citibank Argentina (Buenos Aires - Argentina)
Citibank Bangladesh,Dhaka - Bangladesh,Citibank Bangladesh (Dhaka - Bangladesh)
Citibank Brazil,São Paulo - Brazil,Citibank Brazil (São Paulo - Brazil)
Citibank China,Shanghai - China,Citibank China (Shanghai - China)
Citibank Colombia,Bogotá D.C. - Colombia,Citibank Colombia (Bogotá D.C. - Colombia)
Citibank Ecuador,Guayaquil - Ecuador,Citibank Ecuador (Guayaquil - Ecuador)
Citibank Europe,Dublin - Ireland,Citibank Europe (Dublin - Ireland)
Citibank Guatemala,Guatemala City - Guatemala,Citibank Guatemala (Guatemala City - Guatemala)
Citibank Haiti,Port-au-Prince - Haiti,Citibank Haiti (Port-au-Prince - Haiti)
Citibank Honduras,Tegucigalpa - Honduras,Citibank Honduras (Tegucigalpa - Honduras)
Citibank Hungary,Budapest - Hungary,Citibank Hungary (Budapest - Hungary)
Citibank India,Mumbai - India,Citibank India (Mumbai - India)
Citibank Indonesia,Jakarta - Indonesia,Citibank Indonesia (Jakarta - Indonesia)
Citibank Jamaica,Kingston - Jamaica,Citibank Jamaica (Kingston - Jamaica)
Citibank Japan,Tokyo - Japan,Citibank Japan (Tokyo - Japan)
Citibank Kazakhstan,Almaty - Kazakhstan,Citibank Kazakhstan (Almaty - Kazakhstan)
Citibank Kenya,Nairobi - Kenya,Citibank Kenya (Nairobi - Kenya)
Citibank Korea,Seoul - South Korea,Citibank Korea (Seoul - South Korea)
Citibank Malaysia,Kuala Lumpur - Malaysia,Citibank Malaysia (Kuala Lumpur - Malaysia)
Citibank Mexico,Monterrey - Mexico,Citibank Mexico (Monterrey - Mexico)
Citibank Nigeria,Lagos - Nigeria,Citibank Nigeria (Lagos - Nigeria)
Citibank Pakistan,Karachi - Pakistan,Citibank Pakistan (Karachi - Pakistan)
Citibank Panama,Panama City - Panama,Citibank Panama (Panama City - Panama)
Citibank Paraguay,Encarnacion - Paraguay,Citibank Paraguay (Encarnacion - Paraguay)
Citibank Peru,Lima - Peru,Citibank Peru (Lima - Peru)
Citibank Romania,Bucharest - Romania,Citibank Romania (Bucharest - Romania)
Citibank Slovakia,Bratislava - Slovakia,Citibank Slovakia (Bratislava - Slovakia)
Citibank Sri Lanka,Colombo - Sri Lanka,Citibank Sri Lanka (Colombo - Sri Lanka)
Citibank Taiwan,Taipei - Taiwan,Citibank Taiwan (Taipei - Taiwan)
Citibank Thailand,Bangkok - Thailand,Citibank Thailand (Bangkok - Thailand)
Citibank Tunisia,Tunis - Tunisia,Citibank Tunisia (Tunis - Tunisia)
Citibank Turkey,Istanbul - Turkey,Citibank Turkey (Istanbul - Turkey)
Citibank Uganda,Kampala - Uganda,Citibank Uganda (Kampala - Uganda)
Citibank UK,London - UK,Citibank UK (London - GB)
Citibank Ukraine,Kiev - Ukraine,Citibank Ukraine (Kiev - Ukraine)
Citibank Uruguay,Montevideo - Uruguay,Citibank Uruguay (Montevideo - Uruguay)
Citibank Venezuela,Caracas - Venezuela,Citibank Venezuela (Caracas - Venezuela)
CITIC AIbank,Beijing - China,CITIC AIbank (Beijing - China)
Citigroup,New York (NY,Citigroup (New York (NY) - US)
Citizens and Farmers Bank,West Point (VA,Citizens and Farmers Bank (West Point (VA) - US)
Citizens and Northern Corporation,Wellsboro (PA,Citizens and Northern Corporation (Wellsboro (PA) - US)
Citizens Bancorp,Corvallis (OR,Citizens Bancorp (Corvallis (OR) - US)
Citizens Bancorp,Riverdale - US,Citizens Bancorp (Riverdale - US)
Citizens Bancorp Investment,Lafayette (TN,Citizens Bancorp Investment (Lafayette (TN) - US)
Citizens Bancshares,Somerset (KY,Citizens Bancshares (Somerset (KY) - US)
Citizens Bancshares Co,Chillicothe (MO,Citizens Bancshares Co (Chillicothe (MO) - US)
Citizens Bank,Providence (RI,Citizens Bank (Providence (RI) - US)
Citizens Bank Guyana,Georgetown - Guyana,Citizens Bank Guyana (Georgetown - Guyana)
Citizens Bank Holding,Mukwonago (WI,Citizens Bank Holding (Mukwonago (WI) - US)
Citizens Bank International,Kathmandu - Nepal,Citizens Bank International (Kathmandu - Nepal)
Citizens Development Co,Billings (MT,Citizens Development Co (Billings (MT) - US)
Citizens Financial Services,Mansfield (PA,Citizens Financial Services (Mansfield (PA) - US)
Citizens Holding Co,Philadelphia (MS,Citizens Holding Co (Philadelphia (MS) - US)
Citizens National Banc Corp,Meridian (MS,Citizens National Banc Corp (Meridian (MS) - US)
Citizens National Bancorp,Athens (TN,Citizens National Bancorp (Athens (TN) - US)
Citizens Republic Bancorp,Flint (MI,Citizens Republic Bancorp (Flint (MI) - US)
Citizens Union Bancorp of Shelbyville,Shelbyville (KY,Citizens Union Bancorp of Shelbyville (Shelbyville (KY) - US)
Citrus & Chemical Bancorporation,Bartow (FL,Citrus & Chemical Bancorporation (Bartow (FL) - US)
City Finance Bank,Nairobi - Kenya,City Finance Bank (Nairobi - Kenya)
City Holding Co,Charleston (WV,City Holding Co (Charleston (WV) - US)
City National Bancshares,Miami (FL,City National Bancshares (Miami (FL) - US)
City National Corporation,Beverly Hills (CA,City National Corporation (Beverly Hills (CA) - US)
City Union Bank,Kumbakonam - India,City Union Bank (Kumbakonam - India)
Citystate Savings Bank,Pasig City - Philippines,Citystate Savings Bank (Pasig City - Philippines)
Citywide Banks of Colorado,Denver (CO,Citywide Banks of Colorado (Denver (CO) - US)
Civil Bank,Kathmandu - Nepal,Civil Bank (Kathmandu - Nepal)
Civista Bank,Sandusky (OH,Civista Bank (Sandusky (OH) - US)
Civitas Bankgroup,Franklin (TN,Civitas Bankgroup (Franklin (TN) - US)
Clarien Bank,Hamilton - Bermuda,Clarien Bank (Hamilton - Bermuda)
Classic City Bank,Atlanta (GA,Classic City Bank (Atlanta (GA) - US)
Clayton Bancorp,Knoxville (TN,Clayton Bancorp (Knoxville (TN) - US)
ClearBank,London - UK,ClearBank (London - GB)
Clearing House Bank,Kiev - Ukraine,Clearing House Bank (Kiev - Ukraine)
Climate First Bank,St Petersburg - US,Climate First Bank (St Petersburg - US)
Close Brothers Group,London - UK,Close Brothers Group (London - GB)
Clydesdale Bank,Glasgow - UK,Clydesdale Bank (Glasgow - GB)
CMB Wing Lung Bank,Hong Kong - Hong Kong,CMB Wing Lung Bank (Hong Kong - Hong Kong S.A.R.)
CNB Bancorp,Gloversville (NY,CNB Bancorp (Gloversville (NY) - US)
CNB Bancshares,Evansville (IN,CNB Bancshares (Evansville (IN) - US)
CNB Bancshares,Sevierville (TN,CNB Bancshares (Sevierville (TN) - US)
CNB Corporation,Conway (SC,CNB Corporation (Conway (SC) - US)
CNB Financial Corporation,Clearfield (PA,CNB Financial Corporation (Clearfield (PA) - US)
CNLBancshares,Orlando - US,CNLBancshares (Orlando - US)
Coast Capital Savings,Surrey - Canada,Coast Capital Savings (Surrey - Canada)
CoBiz Financial,Denver (CO,CoBiz Financial (Denver (CO) - US)
Codorus Valley Bancorp,York (PA,Codorus Valley Bancorp (York (PA) - US)
Collective Bancorporation,Cologne - US,Collective Bancorporation (Cologne - US)
Colonial BancGroup,Montgomery (AL,Colonial BancGroup (Montgomery (AL) - US)
Colonial State Bank,Sydney - Australia,Colonial State Bank (Sydney - Australia)
Colony Bankcorp,Fitzgerald (GA,Colony Bankcorp (Fitzgerald (GA) - US)
Colonya Caixa Pollenca,Pollenca - Spain,Colonya Caixa Pollenca (Pollenca - Spain)
Colorado Funding Co,Denver (CO,Colorado Funding Co (Denver (CO) - US)
Coltefinanciera,Medellin - Colombia,Coltefinanciera (Medellin - Colombia)
Columbia Bancorp,The Dalles (OR,Columbia Bancorp (The Dalles (OR) - US)
Columbia Bancorp,Columbia (MD,Columbia Bancorp (Columbia (MD) - US)
Columbia Bank MHC,Fair Lawn - US,Columbia Bank MHC (Fair Lawn - US)
Columbia Banking System,Tacoma (WA,Columbia Banking System (Tacoma (WA) - US)
Comerica,Dallas (TX,Comerica (Dallas (TX) - US)
Comertbank,Chisinau - Moldova,Comertbank (Chisinau - Moldova)
Comm Bancorp,Clarks Summit (PA,Comm Bancorp (Clarks Summit (PA) - US)
Commerce Bancorp,Cherry Hill (NJ,Commerce Bancorp (Cherry Hill (NJ) - US)
Commerce Bancorp,Berkeley (IL,Commerce Bancorp (Berkeley (IL) - US)
Commerce Bancshares,Kansas City (MO,Commerce Bancshares (Kansas City (MO) - US)
Commerce Bancshares Corp,Worcester (MA,Commerce Bancshares Corp (Worcester (MA) - US)
Commerce Bank and Trust Holding Company,Topeka (KS,Commerce Bank and Trust Holding Company (Topeka (KS) - US)
Commercial Bank,Doha - Qatar,Commercial Bank (Doha - Qatar)
Commercial Bank Centrafrique,Bangui - Central African Republic,Commercial Bank Centrafrique (Bangui - Central African Republic)
Commercial Bank for Charity and Spiritual Development of Fatherland Peresvet,Moscow - Russia,Commercial Bank for Charity and Spiritual Development of Fatherland Peresvet (Moscow - Russia)
Commercial Bank International,Dubai - United Arab Emirates,Commercial Bank International (Dubai - United Arab Emirates)
Commercial Bank Kyrgyzstan,Bishkek - Kyrgyzstan,Commercial Bank Kyrgyzstan (Bishkek - Kyrgyzstan)
Commercial Bank of Cameroon,Douala - Cameroon,Commercial Bank of Cameroon (Douala - Cameroon)
Commercial Bank of Ceylon,Colombo - Sri Lanka,Commercial Bank of Ceylon (Colombo - Sri Lanka)
Commercial Bank of Ceylon Bangladesh,Dhaka - Bangladesh,Commercial Bank of Ceylon Bangladesh (Dhaka - Bangladesh)
Commercial Bank of Dubai,Dubai - United Arab Emirates,Commercial Bank of Dubai (Dubai - United Arab Emirates)
Commercial Bank of Eritrea,Asmara - Eritrea,Commercial Bank of Eritrea (Asmara - Eritrea)
Commercial Bank of Ethiopia,Addis Ababa - Ethiopia,Commercial Bank of Ethiopia (Addis Ababa - Ethiopia)
Commercial Bank of Kaifeng,Kaifeng - China,Commercial Bank of Kaifeng (Kaifeng - China)
Commercial Bank of Kuwait,Safat - Kuwait,Commercial Bank of Kuwait (Safat - Kuwait)
Commercial Bank of Maldives,Male - Maldives,Commercial Bank of Maldives (Male - Maldives)
Commercial Bank of Oman,Ruwi - Oman,Commercial Bank of Oman (Ruwi - Oman)
Commercial Bank of Syria,Damascus - Syria,Commercial Bank of Syria (Damascus - Syria)
Commercial Bank of Zimbabwe,Harare - Zimbabwe,Commercial Bank of Zimbabwe (Harare - Zimbabwe)
Commercial Bank Tchad,N`Djamena - Chad,Commercial Bank Tchad (N`Djamena - Chad)
Commercial Bank Victoria,Sofia - Bulgaria,Commercial Bank Victoria (Sofia - Bulgaria)
Commercial Bankshares,Miami (FL,Commercial Bankshares (Miami (FL) - US)
Commercial Federal Corp,Omaha (NE,Commercial Federal Corp (Omaha (NE) - US)
Commercial Holding Co,Paris (TN,Commercial Holding Co (Paris (TN) - US)
Commercial International Bank,Cairo - Egypt,Commercial International Bank (Cairo - Egypt)
Commercial International Bank Kenya,Nairobi - Kenya,Commercial International Bank Kenya (Nairobi - Kenya)
Commercial Investment Bank,Uzhgorod - Ukraine,Commercial Investment Bank (Uzhgorod - Ukraine)
Commercial National Financial Corporation,Latrobe (PA,Commercial National Financial Corporation (Latrobe (PA) - US)
Commerzbank,Frankfurt am Main - Germany,Commerzbank (Frankfurt am Main - Germany)
Commerzbank Brasil,São Paulo - Brazil,Commerzbank Brasil (São Paulo - Brazil)
Commerzbank Eurasija,Moscow - Russia,Commerzbank Eurasija (Moscow - Russia)
Commerzbank Hungary,Budapest - Hungary,Commerzbank Hungary (Budapest - Hungary)
Commerzbank International,Luxembourg - Luxembourg,Commerzbank International (Luxembourg - Luxembourg)
Commerzbank of Tajikistan,Dushanbe - Tajikistan,Commerzbank of Tajikistan (Dushanbe - Tajikistan)
Commerzbank Slovakia,Bratislava - Slovakia,Commerzbank Slovakia (Bratislava - Slovakia)
Commonwealth Bank,Nassau - Bahamas,Commonwealth Bank (Nassau - Bahamas)
Commonwealth Bank Group,Sydney - Australia,Commonwealth Bank Group (Sydney - Australia)
Commonwealth Bank India,Mumbai - India,Commonwealth Bank India (Mumbai - India)
Commonwealth Bank Indonesia,Jakarta - Indonesia,Commonwealth Bank Indonesia (Jakarta - Indonesia)
Commonwealth Community Bancorp,Grundy (VA,Commonwealth Community Bancorp (Grundy (VA) - US)
Community & Southern Holdings,Carrollton (GA,Community & Southern Holdings (Carrollton (GA) - US)
Community Bancorp,Hudson (MA,Community Bancorp (Hudson (MA) - US)
Community Bancorp,Las Vegas (NV,Community Bancorp (Las Vegas (NV) - US)
Community Bancshares,Blountsville (AL,Community Bancshares (Blountsville (AL) - US)
Community Bancshares,McArthur (OH,Community Bancshares (McArthur (OH) - US)
Community Bancshares of Mississippi,Brandon (MS,Community Bancshares of Mississippi (Brandon (MS) - US)
Community Bank of South Florida,Homestead (FL,Community Bank of South Florida (Homestead (FL) - US)
Community Bank Shares of Indiana,New Albany (IN,Community Bank Shares of Indiana (New Albany (IN) - US)
Community Bank System,Dewitt (NY,Community Bank System (Dewitt (NY) - US)
Community Bankers Trust Corporation,Glen Allen (VA,Community Bankers Trust Corporation (Glen Allen (VA) - US)
Community Banks,Harrisburg (PA,Community Banks (Harrisburg (PA) - US)
Community Bankshares,Cornelia (GA,Community Bankshares (Cornelia (GA) - US)
Community Bankshares,Greenwood Village (CO,Community Bankshares (Greenwood Village (CO) - US)
Community Capital Corporation,Greenwood (SC,Community Capital Corporation (Greenwood (SC) - US)
Community Financial Corp,Olney (IL,Community Financial Corp (Olney (IL) - US)
Community Financial Corporation,Waldorf (MD,Community Financial Corporation (Waldorf (MD) - US)
Community Financial Services,Benton (KY,Community Financial Services (Benton (KY) - US)
Community Financial Services,Atlanta (GA,Community Financial Services (Atlanta (GA) - US)
Community First Bancshares,Harrison (AR,Community First Bancshares (Harrison (AR) - US)
Community First Bancshares,Union City (TN,Community First Bancshares (Union City (TN) - US)
Community First Bankshares,Fargo (ND,Community First Bankshares (Fargo (ND) - US)
Community National Bank,MIdland (TX,Community National Bank (MIdland (TX) - US)
Community Trust Bancorp,Pikeville (KY,Community Trust Bancorp (Pikeville (KY) - US)
Community West Bancshares,Goleta (CA,Community West Bancshares (Goleta (CA) - US)
CommunityOne Bancorp,Asheboro (NC,CommunityOne Bancorp (Asheboro (NC) - US)
Compagnie Generale de Banque,Kigali - Rwanda,Compagnie Generale de Banque (Kigali - Rwanda)
Concord EFS,Memphis (TN,Concord EFS (Memphis (TN) - US)
Concordia Financial Group,Chuo-Ko - Japan,Concordia Financial Group (Chuo-Ko - Japan)
Confederacion Espanola de Caja de Ahorros,CECA,Confederacion Espanola de Caja de Ahorros (CECA) (Madrid - Spain)
Conister Bank,Barrow-in-Furness - UK,Conister Bank (Barrow-in-Furness - GB)
Connecticut Bankshares,Manchester - US,Connecticut Bankshares (Manchester - US)
ConnectOne Bancorp,Englewood (NJ,ConnectOne Bancorp (Englewood (NJ) - US)
Conrad Hinrich Donner Bank,Hamburg - Germany,Conrad Hinrich Donner Bank (Hamburg - Germany)
Consolidated Bank Ghana,Accra - Ghana,Consolidated Bank Ghana (Accra - Ghana)
Consolidated Bank of Kenya,Nairobi - Kenya,Consolidated Bank of Kenya (Nairobi - Kenya)
Construction and Business Bank,Addis Ababa - Ethiopia,Construction and Business Bank (Addis Ababa - Ethiopia)
Consubanco,Mexico City - Mexico,Consubanco (Mexico City - Mexico)
Consumer Finance Company,Moscow - Russia,Consumer Finance Company (Moscow - Russia)
Continental Bank Benin,Cotonou - Benin,Continental Bank Benin (Cotonou - Benin)
Conversbank,Moscow - Russia,Conversbank (Moscow - Russia)
Converse Bank,Yerevan - Armenia,Converse Bank (Yerevan - Armenia)
Coop Pank,Tallin - Estonia,Coop Pank (Tallin - Estonia)
Cooperative Bank,Yangon - Myanmar,Cooperative Bank (Yangon - Myanmar)
Cooperative Bank,Wellington - New Zealand,Cooperative Bank (Wellington - New Zealand)
Cooperative Bank of Kenya,Nairobi - Kenya,Cooperative Bank of Kenya (Nairobi - Kenya)
Cooperative Bank of Oromia,Addis Ababa - Ethiopia,Cooperative Bank of Oromia (Addis Ababa - Ethiopia)
Cooperative Bankshares,Wilmington (NC,Cooperative Bankshares (Wilmington (NC) - US)
Cooperative Central Bank,Nicosia - Cyprus,Cooperative Central Bank (Nicosia - Cyprus)
Cooperbanca,Reggio Emilia - Italy,Cooperbanca (Reggio Emilia - Italy)
Coppermark Bancshares,Oklahoma City (OK,Coppermark Bancshares (Oklahoma City (OK) - US)
Corealcredit Bank,Frankfurt am Main - Germany,Corealcredit Bank (Frankfurt am Main - Germany)
CoreStates Financial,Philadelphia (MS,CoreStates Financial (Philadelphia (MS) - US)
Coris Bank International,Bobo-Dioulasso - Burkina Faso,Coris Bank International (Bobo-Dioulasso - Burkina Faso)
Coris Bank Mali,Bamako - Mali,Coris Bank Mali (Bamako - Mali)
Corner Bank Ltd.,Lugano - Switzerland,Corner Bank Ltd. (Lugano - Switzerland)
Corp Banca Banco Universal,Caracas - Venezuela,Corp Banca Banco Universal (Caracas - Venezuela)
CorpBanca,Santiago - Chile,CorpBanca (Santiago - Chile)
Corporacion Banex,San José - Costa Rica,Corporacion Banex (San José - Costa Rica)
Corporacion BCT,San José - Costa Rica,Corporacion BCT (San José - Costa Rica)
Corporacion UBC Internacional,Panama City - Panama,Corporacion UBC Internacional (Panama City - Panama)
Corporate Commercial Bank,Sofia - Bulgaria,Corporate Commercial Bank (Sofia - Bulgaria)
Corporation Bank,Mangalore - India,Corporation Bank (Mangalore - India)
Cortland Bancorp,Cortland (OH,Cortland Bancorp (Cortland (OH) - US)
Corus Bankshares,Chicago (IL,Corus Bankshares (Chicago (IL) - US)
Cosmos Bank,Pune - India,Cosmos Bank (Pune - India)
Cota Commercial Bank,Taichung - Taiwan,Cota Commercial Bank (Taichung - Taiwan)
Countrywide Financial Corporation,Calabasas - US,Countrywide Financial Corporation (Calabasas - US)
County Bank Corp,Lapeer (MI,County Bank Corp (Lapeer (MI) - US)
Coutts and Co,London - UK,Coutts and Co (London - GB)
Coventry Building Society,Coventry - UK,Coventry Building Society (Coventry - GB)
Cowlitz Bancorporation,Longview (WA,Cowlitz Bancorporation (Longview (WA) - US)
CPR,Paris - France,CPR (Paris - France)
Crane Bank,Kampala - Uganda,Crane Bank (Kampala - Uganda)
CRDB Bank,Dar Es Salaam - Tanzania,CRDB Bank (Dar Es Salaam - Tanzania)
CRDB Bank Burundi,Bujumbra - Burundi,CRDB Bank Burundi (Bujumbra - Burundi)
Credex Bank,Minsk - Belarus,Credex Bank (Minsk - Belarus)
Credibom,Porto Salvo - Portugal,Credibom (Porto Salvo - Portugal)
Credicorp Bank,Panama City - Panama,Credicorp Bank (Panama City - Panama)
Credigen Bank,Budapest - Hungary,Credigen Bank (Budapest - Hungary)
Credins Bank,Tirana - Albania,Credins Bank (Tirana - Albania)
Crediscotia Financiera,Lima - Peru,Crediscotia Financiera (Lima - Peru)
Credit Agricole CIB Hungary,Budapest - Hungary,Credit Agricole CIB Hungary (Budapest - Hungary)
Credit Agricole CIB Ukraine,Kiev - Ukraine,Credit Agricole CIB Ukraine (Kiev - Ukraine)
Credit Agricole du Maroc,Rabat - Morocco,Credit Agricole du Maroc (Rabat - Morocco)
Credit Agricole Egypt,Cairo - Egypt,Credit Agricole Egypt (Cairo - Egypt)
Credit Agricole Group,Montrouge - France,Credit Agricole Group (Montrouge - France)
Credit Agricole Italia,Parma - Italy,Credit Agricole Italia (Parma - Italy)
Credit Agricole Poland,Wroclaw - Poland,Credit Agricole Poland (Wroclaw - Poland)
Credit Agricole Romania,Bucharest - Romania,Credit Agricole Romania (Bucharest - Romania)
Credit Agricole Srbija,Novi Sad - Serbia,Credit Agricole Srbija (Novi Sad - Serbia)
Credit Andorra,Andorra la Vella - Andorra,Credit Andorra (Andorra la Vella - Andorra)
Credit Bank,Nairobi - Kenya,Credit Bank (Nairobi - Kenya)
Credit Bank,Ulaanbataar - Mongolia,Credit Bank (Ulaanbataar - Mongolia)
Credit Bank of Albania,Tirana - Albania,Credit Bank of Albania (Tirana - Albania)
Credit Bank of Moscow,Moscow - Russia,Credit Bank of Moscow (Moscow - Russia)
Credit Communautaire d'Afrique,Yaoundé - Cameroon,Credit Communautaire d'Afrique (Yaoundé - Cameroon)
Credit Dnepr,Dnipropetrovsk - Ukraine,Credit Dnepr (Dnipropetrovsk - Ukraine)
Credit du Maroc,Casablanca - Morocco,Credit du Maroc (Casablanca - Morocco)
Credit Europe Bank,Amsterdam - Netherlands,Credit Europe Bank (Amsterdam - Netherlands)
Credit Europe Bank Romania,Bucharest - Romania,Credit Europe Bank Romania (Bucharest - Romania)
Credit Europe Bank Russia,Moscow - Russia,Credit Europe Bank Russia (Moscow - Russia)
Credit Europe Bank Switzerland,Geneva - Switzerland,Credit Europe Bank Switzerland (Geneva - Switzerland)
Credit Europe Bank Ukraine,Kiev - Ukraine,Credit Europe Bank Ukraine (Kiev - Ukraine)
Credit Immobilier et Hotelier,CIH,Credit Immobilier et Hotelier (CIH) (Casablanca - Morocco)
Credit Industriel et Commercial,CIC,Credit Industriel et Commercial (CIC) (Paris - France)
Credit Libanais,Beirut - Lebanon,Credit Libanais (Beirut - Lebanon)
Credit Lyonnais Bank Praha,Prague - Czech Republic,Credit Lyonnais Bank Praha (Prague - Czech Republic)
Credit Lyonnais Senegal,Dakar - Senegal,Credit Lyonnais Senegal (Dakar - Senegal)
Credit Moscow Bank,Moscow - Russia,Credit Moscow Bank (Moscow - Russia)
Credit Mutuel,Paris - France,Credit Mutuel (Paris - France)
Credit Populaire d'Algerie,Algiers - Algeria,Credit Populaire d'Algerie (Algiers - Algeria)
Credit Standard Bank,Tashkent - Uzbekistan,Credit Standard Bank (Tashkent - Uzbekistan)
Credit Suisse Group,Zurich - Switzerland,Credit Suisse Group (Zurich - Switzerland)
Credit Suisse Holdings,USA,Credit Suisse Holdings (USA) (New York (NY) - US)
Credit Suisse International,London - UK,Credit Suisse International (London - GB)
Credit Suisse Mexico,Mexico City - Mexico,Credit Suisse Mexico (Mexico City - Mexico)
Credit Ural Bank,Magnitorsk - Russia,Credit Ural Bank (Magnitorsk - Russia)
Credit Uruguay Bankco,Montevideo - Uruguay,Credit Uruguay Bankco (Montevideo - Uruguay)
Credito Agricola,Lisbon - Portugal,Credito Agricola (Lisbon - Portugal)
Credito Bergamasco,Bergamo - Italy,Credito Bergamasco (Bergamo - Italy)
Credito Emiliano,Reggio Emilia - Italy,Credito Emiliano (Reggio Emilia - Italy)
Credito Hipotecario Nacional de Guatemala,Guatemala City - Guatemala,Credito Hipotecario Nacional de Guatemala (Guatemala City - Guatemala)
Credito Predial Portugues,Lisbon - Portugal,Credito Predial Portugues (Lisbon - Portugal)
Crédito Regional Compañía Financiera,Buenos Aires - Argentina,Crédito Regional Compañía Financiera (Buenos Aires - Argentina)
Credito Valtellinese,Sondrio - Italy,Credito Valtellinese (Sondrio - Italy)
Credo Banka,Split - Croatia,Credo Banka (Split - Croatia)
Crelan,Brussels - Belgium,Crelan (Brussels - Belgium)
CresCom Bank,Charleston - US,CresCom Bank (Charleston - US)
Crestar Financial Corporation,Richmond (IN,Crestar Financial Corporation (Richmond (IN) - US)
Crews Banking Corporation,Wauchula (FL,Crews Banking Corporation (Wauchula (FL) - US)
Crnogorska Komercijalna Banka AD Podgorica,Podgorica - Montenegro,Crnogorska Komercijalna Banka AD Podgorica (Podgorica - Montenegro)
Croatia Banka,Zagreb - Croatia,Croatia Banka (Zagreb - Croatia)
CrossFirst Bank,Kansas City (KS,CrossFirst Bank (Kansas City (KS) - US)
CSB Bank,Thrissur - India,CSB Bank (Thrissur - India)
CSB Doncreditinvest,Donetsk - Ukraine,CSB Doncreditinvest (Donetsk - Ukraine)
CSCBank,Beirut - Lebanon,CSCBank (Beirut - Lebanon)
CSFB Garantia,São Paulo - Brazil,CSFB Garantia (São Paulo - Brazil)
CSOB Hypotecni Banka,Prague - Czech Republic,CSOB Hypotecni Banka (Prague - Czech Republic)
CSOB Slovakia,Bratislava - Slovakia,CSOB Slovakia (Bratislava - Slovakia)
CTBC Bank,Taipei - Taiwan,CTBC Bank (Taipei - Taiwan)
CTBC Bank India,New Delhi - India,CTBC Bank India (New Delhi - India)
CTBC Bank Philippines,Taguig City - Philippines,CTBC Bank Philippines (Taguig City - Philippines)
CTBC Capital Corp,Torrance (CA,CTBC Capital Corp (Torrance (CA) - US)
CU Bancorp,Encino - US,CU Bancorp (Encino - US)
Cullen Frost Bankers,San Antonio (TX,Cullen Frost Bankers (San Antonio (TX) - US)
Cumberland Building Society,Carlisle - UK,Cumberland Building Society (Carlisle - GB)
Cummins-American Corp,Glenview (IL,Cummins-American Corp (Glenview (IL) - US)
Customers Bancorp,Wyomissing (PA,Customers Bancorp (Wyomissing (PA) - US)
CVB Financial Corp,Ontario (CA,CVB Financial Corp (Ontario (CA) - US)
Cynergy Bank,London - UK,Cynergy Bank (London - GB)
Cypress Bank and Trust,Melbourne (FL,Cypress Bank and Trust (Melbourne (FL) - US)
D Commerce Bank,Sofia - Bulgaria,D Commerce Bank (Sofia - Bulgaria)
D. L. Evans Bancorp,Burley - US,D. L. Evans Bancorp (Burley - US)
Dabrabyt Bank,Minsk - Belarus,Dabrabyt Bank (Minsk - Belarus)
Dacotah Banks,Aberdeen (SD,Dacotah Banks (Aberdeen (SD) - US)
Daehan Investment Banking Corporation,Seoul - South Korea,Daehan Investment Banking Corporation (Seoul - South Korea)
Dah Sing Banking Group,Hong Kong - Hong Kong,Dah Sing Banking Group (Hong Kong - Hong Kong S.A.R.)
Dai A Commercial Bank,Bien Hoa City - Vietnam,Dai A Commercial Bank (Bien Hoa City - Vietnam)
Dai Nam Commercial Bank,Ho Chi Minh City - Vietnam,Dai Nam Commercial Bank (Ho Chi Minh City - Vietnam)
Daisan Bank,Matsusaka - Japan,Daisan Bank (Matsusaka - Japan)
Daishi Bank,Niigata - Japan,Daishi Bank (Niigata - Japan)
Daishi Hokuetsu Financial Group,Niigata - Japan,Daishi Hokuetsu Financial Group (Niigata - Japan)
Daito Bank,Koriyama - Japan,Daito Bank (Koriyama - Japan)
Daiwa Bank,Osaka - Japan,Daiwa Bank (Osaka - Japan)
Daiwa Next Bank,Tokyo - Japan,Daiwa Next Bank (Tokyo - Japan)
Daiwa Securities Trust and Banking,Europe,Daiwa Securities Trust and Banking (Europe) (London - GB)
Dalian Rural Commercial Bank,Dalian - China,Dalian Rural Commercial Bank (Dalian - China)
Dalnevostochnyy Bank,Vladivostok - Russia,Dalnevostochnyy Bank (Vladivostok - Russia)
Dalrybbank,Vladivostok - Russia,Dalrybbank (Vladivostok - Russia)
Danske Andelskassers Bank,Tjele - Denmark,Danske Andelskassers Bank (Tjele - Denmark)
Danske Bank,Copenhagen - Denmark,Danske Bank (Copenhagen - Denmark)
Danske Bank Estonia,Tallin - Estonia,Danske Bank Estonia (Tallin - Estonia)
Danske Bank Finland,Helsinki - Finland,Danske Bank Finland (Helsinki - Finland)
Danske Bank Ireland,Dublin - Ireland,Danske Bank Ireland (Dublin - Ireland)
Danske Bank Lithuania,Vilnius - Lithuania,Danske Bank Lithuania (Vilnius - Lithuania)
Danske Bank Norway,Trondheim - Norway,Danske Bank Norway (Trondheim - Norway)
Danske Bank UK,Belfast - UK,Danske Bank UK (Belfast - GB)
Danvers Bancorp,Danvers (MA,Danvers Bancorp (Danvers (MA) - US)
Daqing City Commercial Bank,Daqing - China,Daqing City Commercial Bank (Daqing - China)
Dar Al Maal Al Islami Trust,Nassau - Bahamas,Dar Al Maal Al Islami Trust (Nassau - Bahamas)
Darlington Building Society,Darlington - UK,Darlington Building Society (Darlington - GB)
Dashen Bank,Addis Ababa - Ethiopia,Dashen Bank (Addis Ababa - Ethiopia)
Datong City Commercial Bank,Datong - China,Datong City Commercial Bank (Datong - China)
Dauphin Deposit Corp,Harrisburg (PA,Dauphin Deposit Corp (Harrisburg (PA) - US)
Davr Bank,Tashkent - Uzbekistan,Davr Bank (Tashkent - Uzbekistan)
DBS Bank,Singapore - Singapore,DBS Bank (Singapore - Singapore)
DBS Bank,Hong Kong,DBS Bank (Hong Kong) (Hong Kong - Hong Kong S.A.R.)
DBS Bank China,Beijing - China,DBS Bank China (Beijing - China)
DBS Bank India,Mumbai - India,DBS Bank India (Mumbai - India)
DBS Bank Indonesia,Jakarta - Indonesia,DBS Bank Indonesia (Jakarta - Indonesia)
DBS Bank Taiwan,Taipei - Taiwan,DBS Bank Taiwan (Taipei - Taiwan)
DBS Thai Danu Bank,Bangkok - Thailand,DBS Thai Danu Bank (Bangkok - Thailand)
DCB Bank,Mumbai - India,DCB Bank (Mumbai - India)
DCB Financial Corp,Lewis Center (OH,DCB Financial Corp (Lewis Center (OH) - US)
De Surinaamsche Bank,Paramaribo - Suriname,De Surinaamsche Bank (Paramaribo - Suriname)
Dearborn Bancorp,Dearborn (MI,Dearborn Bancorp (Dearborn (MI) - US)
Defence Bank,Melbourne - Australia,Defence Bank (Melbourne - Australia)
Degroof Petercam Banque Privee,Geneva - Switzerland,Degroof Petercam Banque Privee (Geneva - Switzerland)
DekaBank Group,Frankfurt am Main - Germany,DekaBank Group (Frankfurt am Main - Germany)
DekaBank Luxembourg,Luxembourg - Luxembourg,DekaBank Luxembourg (Luxembourg - Luxembourg)
Delavska hranilnica,Ljubljana - Slovenia,Delavska hranilnica (Ljubljana - Slovenia)
Delbank,Guayaquil - Ecuador,Delbank (Guayaquil - Ecuador)
Delmarva Bancshares,Cambridge (MD,Delmarva Bancshares (Cambridge (MD) - US)
Delta Bancshares Co,Saint Louis (MO,Delta Bancshares Co (Saint Louis (MO) - US)
Delta Bank,Minsk - Belarus,Delta Bank (Minsk - Belarus)
Delta Bank,Kiev - Ukraine,Delta Bank (Kiev - Ukraine)
Delta International Bank,Cairo - Egypt,Delta International Bank (Cairo - Egypt)
Delta Investment Trust Cayman,Grand Cayman - Cayman Islands,Delta Investment Trust Cayman (Grand Cayman - Cayman Islands)
Demerara Bank,Georgetown - Guyana,Demerara Bank (Georgetown - Guyana)
Demir Kyrgyz International Bank,DKIB,Demir Kyrgyz International Bank (DKIB) (Bishkek - Kyrgyzstan)
DemirBank,Baku - Azerbaijan,DemirBank (Baku - Azerbaijan)
Demir-Halk Bank Nederland,Rotterdam - Netherlands,Demir-Halk Bank Nederland (Rotterdam - Netherlands)
Dena Bank,Mumbai - India,Dena Bank (Mumbai - India)
Denizbank,Istanbul - Turkey,Denizbank (Istanbul - Turkey)
Denizbank Austria,Vienna - Austria,Denizbank Austria (Vienna - Austria)
Denmark Bancshares,Denmark (WI,Denmark Bancshares (Denmark (WI) - US)
DEPFA Bank,Dublin - Ireland,DEPFA Bank (Dublin - Ireland)
DEPObank,Milano - Italy,DEPObank (Milano - Italy)
Deposit Guaranty Corp,Jackson (MS,Deposit Guaranty Corp (Jackson (MS) - US)
Desjardins Bank USA,Hallandale Beach - US,Desjardins Bank USA (Hallandale Beach - US)
Desjardins Group,Levis - Canada,Desjardins Group (Levis - Canada)
Deutsche Apotheker und Arztebank,Düsseldorf - Germany,Deutsche Apotheker und Arztebank (Düsseldorf - Germany)
Deutsche Bank,Frankfurt am Main - Germany,Deutsche Bank (Frankfurt am Main - Germany)
Deutsche Bank Argentina,Buenos Aires - Argentina,Deutsche Bank Argentina (Buenos Aires - Argentina)
Deutsche Bank Brazil,São Paulo - Brazil,Deutsche Bank Brazil (São Paulo - Brazil)
Deutsche Bank Chile,Santiago - Chile,Deutsche Bank Chile (Santiago - Chile)
Deutsche Bank China,Beijing - China,Deutsche Bank China (Beijing - China)
Deutsche Bank Czech Republic,Prague - Czech Republic,Deutsche Bank Czech Republic (Prague - Czech Republic)
Deutsche Bank Hong Kong,Hong Kong - Hong Kong,Deutsche Bank Hong Kong (Hong Kong - Hong Kong S.A.R.)
Deutsche Bank Hungary,Budapest - Hungary,Deutsche Bank Hungary (Budapest - Hungary)
Deutsche Bank India,Mumbai - India,Deutsche Bank India (Mumbai - India)
Deutsche Bank Indonesia,Jakarta - Indonesia,Deutsche Bank Indonesia (Jakarta - Indonesia)
Deutsche Bank Italy,Milano - Italy,Deutsche Bank Italy (Milano - Italy)
Deutsche Bank Luxembourg,Luxembourg - Luxembourg,Deutsche Bank Luxembourg (Luxembourg - Luxembourg)
Deutsche Bank Malaysia,Kuala Lumpur - Malaysia,Deutsche Bank Malaysia (Kuala Lumpur - Malaysia)
Deutsche Bank Mexico,Mexico City - Mexico,Deutsche Bank Mexico (Mexico City - Mexico)
Deutsche Bank Pakistan,Karachi - Pakistan,Deutsche Bank Pakistan (Karachi - Pakistan)
Deutsche Bank Peru,Lima - Peru,Deutsche Bank Peru (Lima - Peru)
Deutsche Bank Poland,Warsaw - Poland,Deutsche Bank Poland (Warsaw - Poland)
Deutsche Bank Russia,Moscow - Russia,Deutsche Bank Russia (Moscow - Russia)
Deutsche Bank Spain,Madrid - Spain,Deutsche Bank Spain (Madrid - Spain)
Deutsche Bank Sri Lanka,Colombo - Sri Lanka,Deutsche Bank Sri Lanka (Colombo - Sri Lanka)
Deutsche Bank Thailand,Bangkok - Thailand,Deutsche Bank Thailand (Bangkok - Thailand)
Deutsche Bank Trust Corporation,New York (NY,Deutsche Bank Trust Corporation (New York (NY) - US)
Deutsche Bank Turkey,Istanbul - Turkey,Deutsche Bank Turkey (Istanbul - Turkey)
Deutsche Bank UK,London - UK,Deutsche Bank UK (London - GB)
Deutsche Bank USA,New York (NY,Deutsche Bank USA (New York (NY) - US)
Deutsche Hypothekenbank,Hannover - Germany,Deutsche Hypothekenbank (Hannover - Germany)
Deutsche Pfandbrief- und Hypothekenbank AG,Wiesbaden - Germany,Deutsche Pfandbrief- und Hypothekenbank AG (Wiesbaden - Germany)
Deutsche Pfandbriefbank,Unterschleissheim - Germany,Deutsche Pfandbriefbank (Unterschleissheim - Germany)
Deutsche Postbank,Bonn - Germany,Deutsche Postbank (Bonn - Germany)
Deutsche Postbank International,Luxembourg - Luxembourg,Deutsche Postbank International (Luxembourg - Luxembourg)
Deutsche Schiffsbank,Hamburg - Germany,Deutsche Schiffsbank (Hamburg - Germany)
Deutsche Zentral-Genossenschaftsbank,Frankfurt am Main - Germany,Deutsche Zentral-Genossenschaftsbank (Frankfurt am Main - Germany)
Development Bank of the Philippines,DBP,Development Bank of the Philippines (DBP) (Makati City - Philippines)
Development Bank of Vojvodina,Novi Sad - Serbia,Development Bank of Vojvodina (Novi Sad - Serbia)
Development Capital Bank,Moscow - Russia,Development Capital Bank (Moscow - Russia)
Devon Bank,Chicago (IL,Devon Bank (Chicago (IL) - US)
Dexia,Brussels - Belgium,Dexia (Brussels - Belgium)
Dexia Bank Netherland,Amsterdam - Netherlands,Dexia Bank Netherland (Amsterdam - Netherlands)
Dexia Credit Local de France,Paris - France,Dexia Credit Local de France (Paris - France)
Dexia Kommunalbank Deutschland,Berlin - Germany,Dexia Kommunalbank Deutschland (Berlin - Germany)
Dezelna Banka Slovenije,Ljubljana - Slovenia,Dezelna Banka Slovenije (Ljubljana - Slovenia)
Dezhou Bank,Dezhou - China,Dezhou Bank (Dezhou - China)
DF Capital Bank,Manchester - UK,DF Capital Bank (Manchester - GB)
DFCC Bank,Colombo - Sri Lanka,DFCC Bank (Colombo - Sri Lanka)
DFCU Group,Kampala - Uganda,DFCU Group (Kampala - Uganda)
DGB Financial Group,Daegu - South Korea,DGB Financial Group (Daegu - South Korea)
Dhaka Bank,Dhaka - Bangladesh,Dhaka Bank (Dhaka - Bangladesh)
Dhanalakshmi Bank,Thrissur - India,Dhanalakshmi Bank (Thrissur - India)
Diamond Bancorp,Washington (MO,Diamond Bancorp (Washington (MO) - US)
Diamond Bank,Lagos - Nigeria,Diamond Bank (Lagos - Nigeria)
Diamond Bank Cote D' Ivoire,Abidjan - Côte d`Ivoire,Diamond Bank Cote D' Ivoire (Abidjan - Cote D'Ivoire)
Diamond Finance BV,Amsterdam - Netherlands,Diamond Finance BV (Amsterdam - Netherlands)
Diamond Trust Bank Burundi,Bujumbra - Burundi,Diamond Trust Bank Burundi (Bujumbra - Burundi)
Diamond Trust Bank Kenya,Nairobi - Kenya,Diamond Trust Bank Kenya (Nairobi - Kenya)
Diamond Trust Bank Tanzania,Dar Es Salaam - Tanzania,Diamond Trust Bank Tanzania (Dar Es Salaam - Tanzania)
Diamond Trust Bank Uganda,Kampala - Uganda,Diamond Trust Bank Uganda (Kampala - Uganda)
DiBa Bank,Nœstved - Denmark,DiBa Bank (Nœstved - Denmark)
Diboll State Bancshares,Diboll (TX,Diboll State Bancshares (Diboll (TX) - US)
Dickinson Financial Corporation II,Kansas City (MO,Dickinson Financial Corporation II (Kansas City (MO) - US)
Dime Bank,New York (NY,Dime Bank (New York (NY) - US)
Dime Community Bancshares,Bridgehampton (NY,Dime Community Bancshares (Bridgehampton (NY) - US)
Direktna Banka ad Kragujevac,Kragujevac - Serbia,Direktna Banka ad Kragujevac (Kragujevac - Serbia)
Discount Bancorp,New York (NY,Discount Bancorp (New York (NY) - US)
Discount Bank & Trust Company,Geneva - Switzerland,Discount Bank & Trust Company (Geneva - Switzerland)
Discount Bank Latin America,Montevideo - Uruguay,Discount Bank Latin America (Montevideo - Uruguay)
Discover Financial Services,Riverwoods - US,Discover Financial Services (Riverwoods - US)
Discovery Bank,Sandton - South Africa,Discovery Bank (Sandton - South Africa)
Djem Bank,Minsk - Belarus,Djem Bank (Minsk - Belarus)
DNB Bank Chile,Santiago - Chile,DNB Bank Chile (Santiago - Chile)
DNB First,Philadelphia (PA,DNB First (Philadelphia (PA) - US)
DNB Group,Oslo - Norway,DNB Group (Oslo - Norway)
DNB Latvia,Riga - Latvia,DNB Latvia (Riga - Latvia)
Dnister,Lviv - Ukraine,Dnister (Lviv - Ukraine)
doBank,Verona - Italy,doBank (Verona - Italy)
Doha Bank,Doha - Qatar,Doha Bank (Doha - Qatar)
Dolenjska banka,Novo Mesto - Slovenia,Dolenjska banka (Novo Mesto - Slovenia)
Dollar Mutual Bank,Pittsburgh (PA,Dollar Mutual Bank (Pittsburgh (PA) - US)
Dominet Bank,Lubin - Poland,Dominet Bank (Lubin - Poland)
Dominica Agricultural Industrial and Development Bank,Roseau - Dominica,Dominica Agricultural Industrial and Development Bank (Roseau - Dominica)
Donbank,Kamensk-Shakhinskiy - Russia,Donbank (Kamensk-Shakhinskiy - Russia)
Donde Banco,Merida - Mexico,Donde Banco (Merida - Mexico)
Donga Bank,Ho Chi Minh City - Vietnam,Donga Bank (Ho Chi Minh City - Vietnam)
Dongguan Rural Commercial Bank,Dongguan - China,Dongguan Rural Commercial Bank (Dongguan - China)
Dongorbank,Donetsk - Ukraine,Dongorbank (Donetsk - Ukraine)
Dongying Bank,Dongying - China,Dongying Bank (Dongying - China)
Doral Financial Corporation,San Juan - Puerto Rico,Doral Financial Corporation (San Juan - Puerto Rico)
Dos Kredobank,Bishkek - Kyrgyzstan,Dos Kredobank (Bishkek - Kyrgyzstan)
Downey Financial Corp,Newport Beach (CA,Downey Financial Corp (Newport Beach (CA) - US)
Dresdner Bank,Frankfurt am Main - Germany,Dresdner Bank (Frankfurt am Main - Germany)
Dresdner Bank Latinamerica,Santiago - Chile,Dresdner Bank Latinamerica (Santiago - Chile)
Dresdner Bank ZAO,St Petersburg - Russia,Dresdner Bank ZAO (St Petersburg - Russia)
Drive Click Bank,Moscow - Russia,Drive Click Bank (Moscow - Russia)
DSK Bank,Sofia - Bulgaria,DSK Bank (Sofia - Bulgaria)
DSL Bank,Bonn - Germany,DSL Bank (Bonn - Germany)
Dubai Bank,Dubai - United Arab Emirates,Dubai Bank (Dubai - United Arab Emirates)
Dubai Bank Kenya,Nairobi - Kenya,Dubai Bank Kenya (Nairobi - Kenya)
Dubai Islamic Bank,Dubai - United Arab Emirates,Dubai Islamic Bank (Dubai - United Arab Emirates)
Dubai Islamic Bank Kenya,Nairobi - Kenya,Dubai Islamic Bank Kenya (Nairobi - Kenya)
Dubai Islamic Bank Pakistan,Karachi - Pakistan,Dubai Islamic Bank Pakistan (Karachi - Pakistan)
Dudley Building Society,Brierley Hill - UK,Dudley Building Society (Brierley Hill - GB)
Dukhan Bank,Doha - Qatar,Dukhan Bank (Doha - Qatar)
Durant Bancorp,Durant (OK,Durant Bancorp (Durant (OK) - US)
Dusseldorfer Hypothekenbank,Düsseldorf - Germany,Dusseldorfer Hypothekenbank (Düsseldorf - Germany)
Dutch Bangla Bank,Dhaka - Bangladesh,Dutch Bangla Bank (Dhaka - Bangladesh)
DVB Bank,Frankfurt am Main - Germany,DVB Bank (Frankfurt am Main - Germany)
DZ Bank Polska,Warsaw - Poland,DZ Bank Polska (Warsaw - Poland)
DZ Privatbank Luxembourg,Luxembourg - Luxembourg,DZ Privatbank Luxembourg (Luxembourg - Luxembourg)
DZI Bank,Sofia - Bulgaria,DZI Bank (Sofia - Bulgaria)
E Sun Commercial Bank,Taipei - Taiwan,E Sun Commercial Bank (Taipei - Taiwan)
EABS Bank,Nairobi - Kenya,EABS Bank (Nairobi - Kenya)
Eagle Bancorp,Bethesda - US,Eagle Bancorp (Bethesda - US)
Eagle National Holding Co,Miami (FL,Eagle National Holding Co (Miami (FL) - US)
Earl Shilton Building Society,Leicester - UK,Earl Shilton Building Society (Leicester - GB)
East Asia Holding Company,New York (NY,East Asia Holding Company (New York (NY) - US)
East Boston Savings Bank,Peabody (MA,East Boston Savings Bank (Peabody (MA) - US)
East Caribbean Financial Holding,Castries - St Lucia,East Caribbean Financial Holding (Castries - Saint Lucia)
East Industrial and Commercial Bank,Luhansk - Ukraine,East Industrial and Commercial Bank (Luhansk - Ukraine)
East Texas Bancshares,Livingston (TX,East Texas Bancshares (Livingston (TX) - US)
East Texas Financial Corporation,Kilgore (TX,East Texas Financial Corporation (Kilgore (TX) - US)
East West Bancorp,Pasadena (CA,East West Bancorp (Pasadena (CA) - US)
East West Banking Corp,Makati City - Philippines,East West Banking Corp (Makati City - Philippines)
Eastbridge Bank,Moscow - Russia,Eastbridge Bank (Moscow - Russia)
Eastern Bank,Dhaka - Bangladesh,Eastern Bank (Dhaka - Bangladesh)
Eastern Bank Corporation,Boston (MA,Eastern Bank Corporation (Boston (MA) - US)
Eastern Caribbean Amalgamated Bank,St John`s - Antigua and Barbuda,Eastern Caribbean Amalgamated Bank (St John`s - Antigua and Barbuda)
Eastern Virginia Bankshares,Tappahannock (VA,Eastern Virginia Bankshares (Tappahannock (VA) - US)
ECCM Bank,Sliema - Malta,ECCM Bank (Sliema - Malta)
Eco Center Bank,Almaty - Kazakhstan,Eco Center Bank (Almaty - Kazakhstan)
Eco Islamic Bank,Bishkek - Kyrgyzstan,Eco Islamic Bank (Bishkek - Kyrgyzstan)
Ecobank Benin,Cotonou - Benin,Ecobank Benin (Cotonou - Benin)
Ecobank Burkina Faso,Ougadougou - Burkina Faso,Ecobank Burkina Faso (Ougadougou - Burkina Faso)
Ecobank Burundi,Bujumbura - Burundi,Ecobank Burundi (Bujumbura - Burundi)
Ecobank Cameroon,Douala - Cameroon,Ecobank Cameroon (Douala - Cameroon)
Ecobank Cape Verde,Praia - Cape Verde,Ecobank Cape Verde (Praia - Cape Verde)
Ecobank Centrafrique,Bangui - Central African Republic,Ecobank Centrafrique (Bangui - Central African Republic)
Ecobank Chad,N`Djamena - Chad,Ecobank Chad (N`Djamena - Chad)
Ecobank Congo,Brazzaville - Republic of Congo,Ecobank Congo (Brazzaville - Congo)
Ecobank Cote d'Ivoire,Abidjan - Côte d`Ivoire,Ecobank Cote d'Ivoire (Abidjan - Cote D'Ivoire)
Ecobank DRC Congo,Kinshasa - DRC Congo,Ecobank DRC Congo (Kinshasa - Democratic Republic of the Congo)
Ecobank Gabon,Libreville - Gabon,Ecobank Gabon (Libreville - Gabon)
Ecobank Gambia,Serrekunda - Gambia,Ecobank Gambia (Serrekunda - Gambia The)
Ecobank Ghana,Accra - Ghana,Ecobank Ghana (Accra - Ghana)
Ecobank Guinea,Conakry - Guinea,Ecobank Guinea (Conakry - Guinea)
Ecobank Guinea Bissau,Bissau - Guinea-Bissau,Ecobank Guinea Bissau (Bissau - Guinea-Bissau)
Ecobank International,Paris - France,Ecobank International (Paris - France)
Ecobank Kenya,Nairobi - Kenya,Ecobank Kenya (Nairobi - Kenya)
Ecobank Liberia,Monrovia - Liberia,Ecobank Liberia (Monrovia - Liberia)
Ecobank Malawi,Blantyre - Malawi,Ecobank Malawi (Blantyre - Malawi)
Ecobank Mali,Bamako - Mali,Ecobank Mali (Bamako - Mali)
Ecobank Mozambique,Maputo - Mozambique,Ecobank Mozambique (Maputo - Mozambique)
Ecobank Niger,Niamey - Niger,Ecobank Niger (Niamey - Niger)
Ecobank Nigeria,Lagos - Nigeria,Ecobank Nigeria (Lagos - Nigeria)
Ecobank Rwanda,Kigali - Rwanda,Ecobank Rwanda (Kigali - Rwanda)
Ecobank Senegal,Dakar - Senegal,Ecobank Senegal (Dakar - Senegal)
Ecobank Sierra Leone,Freetown - Sierra Leone,Ecobank Sierra Leone (Freetown - Sierra Leone)
Ecobank Tanzania,Dar Es Salaam - Tanzania,Ecobank Tanzania (Dar Es Salaam - Tanzania)
Ecobank Transnational,Lomé - Togo,Ecobank Transnational (Lomé - Togo)
Ecobank Uganda,Kampala - Uganda,Ecobank Uganda (Kampala - Uganda)
Ecobank Zambia,Lusaka - Zambia,Ecobank Zambia (Lusaka - Zambia)
Ecobank Zimbabwe,Harare - Zimbabwe,Ecobank Zimbabwe (Harare - Zimbabwe)
Ecology Building Society,Keighley - UK,Ecology Building Society (Keighley - GB)
Edmond de Rothschild Europe,Luxembourg - Luxembourg,Edmond de Rothschild Europe (Luxembourg - Luxembourg)
Edmond De Rothschild France,Paris - France,Edmond De Rothschild France (Paris - France)
Edmond De Rothschild Monaco,Monaco - Monaco,Edmond De Rothschild Monaco (Monaco - Monaco)
Educational Services of America,Knoxville (TN,Educational Services of America (Knoxville (TN) - US)
EFG Group,Geneva - Switzerland,EFG Group (Geneva - Switzerland)
EFG International,Zurich - Switzerland,EFG International (Zurich - Switzerland)
EFG Private Bank,London - UK,EFG Private Bank (London - GB)
Egg,London - UK,Egg (London - GB)
Egyptian Gulf Bank,Giza - Egypt,Egyptian Gulf Bank (Giza - Egypt)
Ehime Bank,Matsuyama - Japan,Ehime Bank (Matsuyama - Japan)
Eighteenth Bank,Nagasaki - Japan,Eighteenth Bank (Nagasaki - Japan)
Eksportfinans,Oslo - Norway,Eksportfinans (Oslo - Norway)
Eksport-Import Banka,Skopje - Macedonia,Eksport-Import Banka (Skopje - Macedonia)
El Monte Caja de Ahorros de Huelva & Sevilla,Seville - Spain,El Monte Caja de Ahorros de Huelva & Sevilla (Seville - Spain)
El Nilein Industrial Development Bank,Khartoum - Sudan,El Nilein Industrial Development Bank (Khartoum - Sudan)
Elaf Islamic Bank,Baghdad - Iraq,Elaf Islamic Bank (Baghdad - Iraq)
Eldik Bank,Bishkek - Kyrgyzstan,Eldik Bank (Bishkek - Kyrgyzstan)
Electro Banque,Paris - France,Electro Banque (Paris - France)
Electron Bank,Lviv - Ukraine,Electron Bank (Lviv - Ukraine)
Emirates Investment Bank,Dubai - United Arab Emirates,Emirates Investment Bank (Dubai - United Arab Emirates)
Emirates Islamic Bank,Dubai - United Arab Emirates,Emirates Islamic Bank (Dubai - United Arab Emirates)
Emirates NBD,Dubai - United Arab Emirates,Emirates NBD (Dubai - United Arab Emirates)
Emporiki Bank,Athens - Greece,Emporiki Bank (Athens - Greece)
Emprise Financial Corporation,Wichita (KS,Emprise Financial Corporation (Wichita (KS) - US)
Enat Bank,Addis Ababa - Ethiopia,Enat Bank (Addis Ababa - Ethiopia)
Encore Bancshares,Houston (TX,Encore Bancshares (Houston (TX) - US)
Energbank,Chisinau - Moldova,Energbank (Chisinau - Moldova)
Energobank,Kiev - Ukraine,Energobank (Kiev - Ukraine)
Enisey Bank,Krasnoyarsk - Russia,Enisey Bank (Krasnoyarsk - Russia)
Entegra Bank,Franklin (NC,Entegra Bank (Franklin (NC) - US)
Enterprise Bancorp,Lowell (MA,Enterprise Bancorp (Lowell (MA) - US)
Enterprise Bank,Lagos - Nigeria,Enterprise Bank (Lagos - Nigeria)
Enterprise Financial Services Corp,Clayton (MO,Enterprise Financial Services Corp (Clayton (MO) - US)
EnTie Commercial Bank,Taipei - Taiwan,EnTie Commercial Bank (Taipei - Taiwan)
Entris Banking,Gumligen - Switzerland,Entris Banking (Gumligen - Switzerland)
EON Bank,Kuala Lumpur - Malaysia,EON Bank (Kuala Lumpur - Malaysia)
Equa Bank,Prague - Czech Republic,Equa Bank (Prague - Czech Republic)
Equitable Bank,Toronto - Canada,Equitable Bank (Toronto - Canada)
Equitable PCI Bank,Makati City - Philippines,Equitable PCI Bank (Makati City - Philippines)
Equity Bancshares,Wichita - US,Equity Bancshares (Wichita - US)
Equity Bank,Nairobi - Kenya,Equity Bank (Nairobi - Kenya)
Equity Bank Congo,Kinshasa - DRC Congo,Equity Bank Congo (Kinshasa - Democratic Republic of the Congo)
Erdos Rural Commercial Bank,Beijing - China,Erdos Rural Commercial Bank (Beijing - China)
Eridan Bank,Bishkek - Kyrgyzstan,Eridan Bank (Bishkek - Kyrgyzstan)
Erste Bank AD Podgorica,Podgorica - Montenegro,Erste Bank AD Podgorica (Podgorica - Montenegro)
Erste Bank Hungary,Budapest - Hungary,Erste Bank Hungary (Budapest - Hungary)
Erste Bank Serbia,Novi Sad - Serbia,Erste Bank Serbia (Novi Sad - Serbia)
Erste Bank Ukraine,Kiev - Ukraine,Erste Bank Ukraine (Kiev - Ukraine)
Erste Group,Vienna - Austria,Erste Group (Vienna - Austria)
Erste&Steiermarkische Bank,Rijeka - Croatia,Erste&Steiermarkische Bank (Rijeka - Croatia)
Espirito Santo Bank Panama,Panama City - Panama,Espirito Santo Bank Panama (Panama City - Panama)
Essa Bank & Trust,Stroudsburg (PA,Essa Bank & Trust (Stroudsburg (PA) - US)
Eurasian Bank JSC,Almaty - Kazakhstan,Eurasian Bank JSC (Almaty - Kazakhstan)
Euro Asia Bank,Izhevsk - Russia,Euro Asia Bank (Izhevsk - Russia)
EuroBancshares,Hato Rey - Puerto Rico,EuroBancshares (Hato Rey - Puerto Rico)
Eurobank Bulgaria,Postbank,Eurobank Bulgaria (Postbank) (Sofia - Bulgaria)
Eurobank Cyprus,Nicosia - Cyprus,Eurobank Cyprus (Nicosia - Cyprus)
Eurobank Direktna,Belgrade - Serbia,Eurobank Direktna (Belgrade - Serbia)
Eurobank Holdings,Athens - Greece,Eurobank Holdings (Athens - Greece)
Eurobank Private Bank Luxembourg,Luxembourg - Luxembourg,Eurobank Private Bank Luxembourg (Luxembourg - Luxembourg)
EuroBic,Lisbon - Portugal,EuroBic (Lisbon - Portugal)
EuroCreditBank,Chisinau - Moldova,EuroCreditBank (Chisinau - Moldova)
Eurohypo,Frankfurt - Germany,Eurohypo (Frankfurt - Germany)
Europa Bank,Luxembourg - Luxembourg,Europa Bank (Luxembourg - Luxembourg)
Europabank,Gent - Belgium,Europabank (Gent - Belgium)
Europaisch Iranische Handelsbank,Hamburg - Germany,Europaisch Iranische Handelsbank (Hamburg - Germany)
Europe Arab Bank,London - UK,Europe Arab Bank (London - GB)
European Merchant Bank,Vilnius - Lithuania,European Merchant Bank (Vilnius - Lithuania)
European Trust Bank,Moscow - Russia,European Trust Bank (Moscow - Russia)
Eurostandard Bank,Skopje - Macedonia,Eurostandard Bank (Skopje - Macedonia)
Evangeline Bancshares,Ville Platte (LA,Evangeline Bancshares (Ville Platte (LA) - US)
EverBank,Jacksonville - US,EverBank (Jacksonville - US)
EverBank,Jacksonville - US,EverBank (Jacksonville - US)
Everest Bank,Kathmandu - Nepal,Everest Bank (Kathmandu - Nepal)
Evertrust Financial Group,Everett - Venezuela,Evertrust Financial Group (Everett - Venezuela)
Evocabank,Yerevan - Armenia,Evocabank (Yerevan - Armenia)
Evrazbank,Nemchinovka - Russia,Evrazbank (Nemchinovka - Russia)
Evrofinance Mosnarbank,Moscow - Russia,Evrofinance Mosnarbank (Moscow - Russia)
Exchange Bankshares Corporation of Kansas,Atchison (KS,Exchange Bankshares Corporation of Kansas (Atchison (KS) - US)
Exim Bank,Dar Es Salaam - Tanzania,Exim Bank (Dar Es Salaam - Tanzania)
Eximbank,Chisinau - Moldova,Eximbank (Chisinau - Moldova)
Eximbank Kazakhstan,Almaty - Kazakhstan,Eximbank Kazakhstan (Almaty - Kazakhstan)
Expobank,Moscow - Russia,Expobank (Moscow - Russia)
Expobank Latvia,Riga - Latvia,Expobank Latvia (Riga - Latvia)
Export and Industry Bank,Makati City - Philippines,Export and Industry Bank (Makati City - Philippines)
Export Development Bank of Egypt,EDBE,Export Development Bank of Egypt (EDBE) (Giza - Egypt)
Export Development Bank of Iran,Tehran - Iran,Export Development Bank of Iran (Tehran - Iran)
Export Import Bank of Bangladesh,Dhaka - Bangladesh,Export Import Bank of Bangladesh (Dhaka - Bangladesh)
Export Import Bank of Romania,Bucharest - Romania,Export Import Bank of Romania (Bucharest - Romania)
Export Import Bank of Thailand,Bangkok - Thailand,Export Import Bank of Thailand (Bangkok - Thailand)
Express Bank,Baku - Azerbaijan,Express Bank (Baku - Azerbaijan)
Expressbank,Varna - Bulgaria,Expressbank (Varna - Bulgaria)
Extraco Corporation,Waco (TX,Extraco Corporation (Waco (TX) - US)
F & M Bancorporation,Tulsa (OK,F & M Bancorporation (Tulsa (OK) - US)
F & M Bancorporation,Kaukauna - US,F & M Bancorporation (Kaukauna - US)
F & M Bank Corp,Timberville (VA,F & M Bank Corp (Timberville (VA) - US)
F & M Financial Corporation,Granite Quarry (NC,F & M Financial Corporation (Granite Quarry (NC) - US)
F & M National Corporation,Winchester - US,F & M National Corporation (Winchester - US)
F&M Bancorp,Frederick - US,F&M Bancorp (Frederick - US)
F. van Lanschot Bankiers N.V.,S-Hertogenbosch - Netherlands,F. van Lanschot Bankiers N.V. (S-Hertogenbosch - Netherlands)
Factor banka,Ljubljana - Slovenia,Factor banka (Ljubljana - Slovenia)
Factorial Bank,Kharkiv - Ukraine,Factorial Bank (Kharkiv - Ukraine)
Fairfield County Bank,Ridgefield - US,Fairfield County Bank (Ridgefield - US)
Faisal Islamic Bank of Egypt,Giza - Egypt,Faisal Islamic Bank of Egypt (Giza - Egypt)
Faisal Islamic Bank of Sudan,Khartoum - Sudan,Faisal Islamic Bank of Sudan (Khartoum - Sudan)
Falcon Private Bank Ltd,Zurich - Switzerland,Falcon Private Bank Ltd (Zurich - Switzerland)
Family Bank,Nairobi - Kenya,Family Bank (Nairobi - Kenya)
Family Microfinance House,Manama - Bahrain,Family Microfinance House (Manama - Bahrain)
Far East Bank & Trust Company,Makati City - Philippines,Far East Bank & Trust Company (Makati City - Philippines)
Far Eastern Bank,Singapore - Singapore,Far Eastern Bank (Singapore - Singapore)
Far Eastern International Bank,Taipei - Taiwan,Far Eastern International Bank (Taipei - Taiwan)
Far West Bancorporation,Provo (UT,Far West Bancorporation (Provo (UT) - US)
Farmers & Merchants Bancorp,Lodi (CA,Farmers & Merchants Bancorp (Lodi (CA) - US)
Farmers & Merchants Bancorp,Archbold (OH,Farmers & Merchants Bancorp (Archbold (OH) - US)
Farmers & Merchants Bank of Long Beach,Long Beach (CA,Farmers & Merchants Bank of Long Beach (Long Beach (CA) - US)
Farmers & Merchants Investment,Lincoln (NE,Farmers & Merchants Investment (Lincoln (NE) - US)
Farmers Bancorporation,Buhl (ID,Farmers Bancorporation (Buhl (ID) - US)
Farmers Bank of China,Taipei - Taiwan,Farmers Bank of China (Taipei - Taiwan)
Farmers Capital Bank Corporation,Frankfort (KY,Farmers Capital Bank Corporation (Frankfort (KY) - US)
Farmer's Commercial Bank,Khartoum - Sudan,Farmer's Commercial Bank (Khartoum - Sudan)
Farmers Enterprises,Great Bend (KS,Farmers Enterprises (Great Bend (KS) - US)
Farmers National Banc Corp,Canfield (OH,Farmers National Banc Corp (Canfield (OH) - US)
Faysal Bank,Karachi - Pakistan,Faysal Bank (Karachi - Pakistan)
FB Corporation,St Louis (MO,FB Corporation (St Louis (MO) - US)
FBC Holding,Harare - Zimbabwe,FBC Holding (Harare - Zimbabwe)
FBOP Corporation,Oak Park (IL,FBOP Corporation (Oak Park (IL) - US)
FCB Financial Holdings,Weston - US,FCB Financial Holdings (Weston - US)
FDH Financial Holdings,Blantyre - Malawi,FDH Financial Holdings (Blantyre - Malawi)
Federal Bank,Alwaye - India,Federal Bank (Alwaye - India)
Fenicia Bank,Bauchrueh - Lebanon,Fenicia Bank (Bauchrueh - Lebanon)
Ferrier Lullin & Cie SA,Geneva - Switzerland,Ferrier Lullin & Cie SA (Geneva - Switzerland)
FGB,Abu Dhabi - United Arab Emirates,FGB (Abu Dhabi - United Arab Emirates)
Fibabanka,Istanbul - Turkey,Fibabanka (Istanbul - Turkey)
FIBI Bank UK,London - UK,FIBI Bank UK (London - GB)
FidBank UK,London - UK,FidBank UK (London - GB)
Fidea Holdings,Sendai - Japan,Fidea Holdings (Sendai - Japan)
Fidelity Bancorp,Pittsburgh (PA,Fidelity Bancorp (Pittsburgh (PA) - US)
Fidelity Bancshares,Fuquay-Varina (NC,Fidelity Bancshares (Fuquay-Varina (NC) - US)
Fidelity Bank,Lagos - Nigeria,Fidelity Bank (Lagos - Nigeria)
Fidelity Bank,Accra - Ghana,Fidelity Bank (Accra - Ghana)
Fidelity Bank Bahamas,Nassau - Bahamas,Fidelity Bank Bahamas (Nassau - Bahamas)
Fidelity Corporation,Burke (SD,Fidelity Corporation (Burke (SD) - US)
Fidelity Financial Corporation of Michigan,Birmingham (MI,Fidelity Financial Corporation of Michigan (Birmingham (MI) - US)
Fidelity Southern Corporation,Atlanta (GA,Fidelity Southern Corporation (Atlanta (GA) - US)
Fidobank,Kiev - Ukraine,Fidobank (Kiev - Ukraine)
Fifth Third Bancorp,Cincinnati (OH,Fifth Third Bancorp (Cincinnati (OH) - US)
FIH Erhvervsbank,Copenhagen - Denmark,FIH Erhvervsbank (Copenhagen - Denmark)
FIMBank,Sliema - Malta,FIMBank (Sliema - Malta)
Fina Bancorp,Valparaiso (IN,Fina Bancorp (Valparaiso (IN) - US)
Finabank,Paramaribo - Suriname,Finabank (Paramaribo - Suriname)
Finance & Credit Bank,Kiev - Ukraine,Finance & Credit Bank (Kiev - Ukraine)
Finance Bank of Malawi,Blantyre - Malawi,Finance Bank of Malawi (Blantyre - Malawi)
Finance Bank Zambia,Lusaka - Zambia,Finance Bank Zambia (Lusaka - Zambia)
Finance Corporation of Bahamas,Nassau - Bahamas,Finance Corporation of Bahamas (Nassau - Bahamas)
Financial Institutions,Warsaw (NY,Financial Institutions (Warsaw (NY) - US)
Financiera Gente,San José - Costa Rica,Financiera Gente (San José - Costa Rica)
Finansbanken,Oslo - Norway,Finansbanken (Oslo - Norway)
Finca Bank Georgia,Tbilisi - Georgia,Finca Bank Georgia (Tbilisi - Georgia)
FinComBank,Chisinau - Moldova,FinComBank (Chisinau - Moldova)
Findomestic Banca,Firenze - Italy,Findomestic Banca (Firenze - Italy)
FINECO,Brescia - Italy,FINECO (Brescia - Italy)
Finibanco Holding,Porto - Portugal,Finibanco Holding (Porto - Portugal)
Finprombank,Moscow - Russia,Finprombank (Moscow - Russia)
Fio Banka,Prague - Czech Republic,Fio Banka (Prague - Czech Republic)
Fionia Bank,Odense - Denmark,Fionia Bank (Odense - Denmark)
First & Peoples Bancshares,Russell (KY,First & Peoples Bancshares (Russell (KY) - US)
First Abu Dhabi Bank,Abu Dhabi - United Arab Emirates,First Abu Dhabi Bank (Abu Dhabi - United Arab Emirates)
First Abu Dhabi Bank Misr,Giza - Egypt,First Abu Dhabi Bank Misr (Giza - Egypt)
First Active,Dublin - Ireland,First Active (Dublin - Ireland)
First Alamogordo Bancorp of Nevada,Reno (NV,First Alamogordo Bancorp of Nevada (Reno (NV) - US)
First Alliance Bank,Lusaka - Zambia,First Alliance Bank (Lusaka - Zambia)
First American Bank Corporation,Elk Grove Village (IL,First American Bank Corporation (Elk Grove Village (IL) - US)
First American Corp,Nashville (TN,First American Corp (Nashville (TN) - US)
First Arkansas BancShares,Jacksonville (AR,First Arkansas BancShares (Jacksonville (AR) - US)
First Artesia Bancshares,Albuquerque (NM,First Artesia Bancshares (Albuquerque (NM) - US)
First Atlantic Bank,Accra - Ghana,First Atlantic Bank (Accra - Ghana)
First BanCorp,San Juan - Puerto Rico,First BanCorp (San Juan - Puerto Rico)
First Bancorp,Troy (NC,First Bancorp (Troy (NC) - US)
First Bancorp,Damariscotta (ME,First Bancorp (Damariscotta (ME) - US)
First Bancorp,Lebanon(VA,First Bancorp (Lebanon(VA) - US)
First Bancorporation,La Crosse (WI,First Bancorporation (La Crosse (WI) - US)
First Bancshares,Merrillville (IN,First Bancshares (Merrillville (IN) - US)
First Bancshares,Whiting - US,First Bancshares (Whiting - US)
First Bangkok City Bank,Bangkok - Thailand,First Bangkok City Bank (Bangkok - Thailand)
First Bank,Bucharest - Romania,First Bank (Bucharest - Romania)
First Bank & Trust,Oak Brook (IL,First Bank & Trust (Oak Brook (IL) - US)
First Bank Chicago,Highland Park (IL,First Bank Chicago (Highland Park (IL) - US)
First Bank Corp,Fort Smith (AR,First Bank Corp (Fort Smith (AR) - US)
First Bank Financial Centre,Madison - US,First Bank Financial Centre (Madison - US)
First Bank of Central Ohio,Worthington (OH,First Bank of Central Ohio (Worthington (OH) - US)
First Bank of Nigeria,Lagos - Nigeria,First Bank of Nigeria (Lagos - Nigeria)
First Bank of Nigeria DRC,Kinshasa - DRC Congo,First Bank of Nigeria DRC (Kinshasa - Democratic Republic of the Congo)
First Bank of Nigeria Gambia,Serrekunda - Gambia,First Bank of Nigeria Gambia (Serrekunda - Gambia The)
First Bank of Nigeria Ghana,Accra - Ghana,First Bank of Nigeria Ghana (Accra - Ghana)
First Bank of Nigeria Guinea,Conakry - Guinea,First Bank of Nigeria Guinea (Conakry - Guinea)
First Bank of Nigeria Senegal,Dakar - Senegal,First Bank of Nigeria Senegal (Dakar - Senegal)
First Bank of Nigeria Sierra Leone,Freetown - Sierra Leone,First Bank of Nigeria Sierra Leone (Freetown - Sierra Leone)
First Bank of Nigeria UK,London - UK,First Bank of Nigeria UK (London - GB)
First Bank of Toyama,Toyama - Japan,First Bank of Toyama (Toyama - Japan)
First Bank System,Minneapolis (MN,First Bank System (Minneapolis (MN) - US)
First Bankers Trust Company,Quincy (IL,First Bankers Trust Company (Quincy (IL) - US)
First Banking Center,Burlington (WI,First Banking Center (Burlington (WI) - US)
First Banks,Carnesville (GA,First Banks (Carnesville (GA) - US)
First Bemidji Holding Co,Bemidji (MN,First Bemidji Holding Co (Bemidji (MN) - US)
First Berne Financial Corporation,Berne (IN,First Berne Financial Corporation (Berne (IN) - US)
First Breckinridge Bancshares,Irvington (KY,First Breckinridge Bancshares (Irvington (KY) - US)
First Busey Corporation,Champaign (IL,First Busey Corporation (Champaign (IL) - US)
First Business Financial Services,Madison - US,First Business Financial Services (Madison - US)
First California Financial Group,Westlake Village - US,First California Financial Group (Westlake Village - US)
First Capital Bank,Blantyre - Malawi,First Capital Bank (Blantyre - Malawi)
First Capital Bank Botswana,Gabarone - Botswana,First Capital Bank Botswana (Gabarone - Botswana)
First Capital Bank Mozambique,Maputo - Mozambique,First Capital Bank Mozambique (Maputo - Mozambique)
First Capital Bank of Texas,MIdland (TX,First Capital Bank of Texas (MIdland (TX) - US)
First Capital Bank Zambia,Lusaka - Zambia,First Capital Bank Zambia (Lusaka - Zambia)
First Capital Bank Zimbabwe,Harare - Zimbabwe,First Capital Bank Zimbabwe (Harare - Zimbabwe)
First Central International Bank,Panama City - Panama,First Central International Bank (Panama City - Panama)
First Century Bankshares,Bluefield (WV,First Century Bankshares (Bluefield (WV) - US)
First Charter Corporation,Charlotte (NC,First Charter Corporation (Charlotte (NC) - US)
First Chester County Corporation,West Chester (PA,First Chester County Corporation (West Chester (PA) - US)
First Chicago NBD Corporation,Chicago (IL,First Chicago NBD Corporation (Chicago (IL) - US)
First Citizens Bancorp,Cleveland (TN,First Citizens Bancorp (Cleveland (TN) - US)
First Citizens Bancorporation,Columbia (SC,First Citizens Bancorporation (Columbia (SC) - US)
First Citizens BancShares,Raleigh (NC,First Citizens BancShares (Raleigh (NC) - US)
First Citizens Bancshares,Dyersburg (TN,First Citizens Bancshares (Dyersburg (TN) - US)
First Citizens Bancshares,Waxahachie (TX,First Citizens Bancshares (Waxahachie (TX) - US)
First Citizens Bank,Port of Spain - Trinidad and Tobago,First Citizens Bank (Port of Spain - Trinidad and Tobago)
First Citizens Bank Barbados,Bridgetown - Barbados,First Citizens Bank Barbados (Bridgetown - Barbados)
First Citizens Financial Corp,Mason City (IA,First Citizens Financial Corp (Mason City (IA) - US)
First City Monument Bank,Lagos - Nigeria,First City Monument Bank (Lagos - Nigeria)
First City Monument Bank UK,London - UK,First City Monument Bank UK (London - GB)
First Co Bancorp,Collinsville - US,First Co Bancorp (Collinsville - US)
First Command Bank,Fort Worth (TX,First Command Bank (Fort Worth (TX) - US)
First Commerce Bancshares,Lincoln (NE,First Commerce Bancshares (Lincoln (NE) - US)
First Commerce Corp,New Orleans (LA,First Commerce Corp (New Orleans (LA) - US)
First Commercial Bank,Alhambra - US,First Commercial Bank (Alhambra - US)
First Commercial Bank,Taipei - Taiwan,First Commercial Bank (Taipei - Taiwan)
First Commercial Corp,Little Rock (AR,First Commercial Corp (Little Rock (AR) - US)
First Commonwealth Financial Corp,Indiana (PA,First Commonwealth Financial Corp (Indiana (PA) - US)
First Community Bancshares,Killeen - US,First Community Bancshares (Killeen - US)
First Community Bancshares,Bluefield (VA,First Community Bancshares (Bluefield (VA) - US)
First Community Banking Corporation,Hot Springs (AR,First Community Banking Corporation (Hot Springs (AR) - US)
First Community Financial Partners,Joliet - US,First Community Financial Partners (Joliet - US)
First Connecticut Bancorp,Farmington(CT,First Connecticut Bancorp (Farmington(CT) - US)
First Czech Russian Bank,Moscow - Russia,First Czech Russian Bank (Moscow - Russia)
First Dakota Financial Corporation,Yankton (SD,First Dakota Financial Corporation (Yankton (SD) - US)
First Energy Bank,Manama - Bahrain,First Energy Bank (Manama - Bahrain)
First Evergreen Corporation,Evergreen Park - US,First Evergreen Corporation (Evergreen Park - US)
First Farmers and Merchants Corporation,Columbia (TN,First Farmers and Merchants Corporation (Columbia (TN) - US)
First Farmers Bank Holding Co,Bardstown (KY,First Farmers Bank Holding Co (Bardstown (KY) - US)
First Farmers Financial Corporation,"Converse, IN - US","First Farmers Financial Corporation (Converse, IN - US)"
First Federal Bancorp,Tampa (FL,First Federal Bancorp (Tampa (FL) - US)
First Fidelity Bancorp,Lawrenceville - US,First Fidelity Bancorp (Lawrenceville - US)
First Fidelity Bancorp,Oklahoma City (OK,First Fidelity Bancorp (Oklahoma City (OK) - US)
First Financial Bancorp,Cincinnati (OH,First Financial Bancorp (Cincinnati (OH) - US)
First Financial Bankshares,Abilene (TX,First Financial Bankshares (Abilene (TX) - US)
First Financial Corp,Terre Haute (IN,First Financial Corp (Terre Haute (IN) - US)
First Financial Holdings,Renton (WA,First Financial Holdings (Renton (WA) - US)
First Financial Holdings,Charleston - US,First Financial Holdings (Charleston - US)
First Financial Northwest Bank,Renton (WA,First Financial Northwest Bank (Renton (WA) - US)
First Financial Service Corporation,Elizabethtown(KY,First Financial Service Corporation (Elizabethtown(KY) - US)
First Foundation Bank,Irvine (CA,First Foundation Bank (Irvine (CA) - US)
First Gilmer Bankshares,Gilmer (TX,First Gilmer Bankshares (Gilmer (TX) - US)
First Global Bank,Kingston - Jamaica,First Global Bank (Kingston - Jamaica)
First Guaranty Bancshares,Hammond(LA,First Guaranty Bancshares (Hammond(LA) - US)
First Hawaiian Bank,Honolulu (HI,First Hawaiian Bank (Honolulu (HI) - US)
First Heartland Jusan Bank,Nur-Sultan - Kazakhstan,First Heartland Jusan Bank (Nur-Sultan - Kazakhstan)
First Horizon National Corporation,Memphis (TN,First Horizon National Corporation (Memphis (TN) - US)
First Independent Investment Group,Vancouver (WA,First Independent Investment Group (Vancouver (WA) - US)
First Indiana Corporation,Indianapolis (IN,First Indiana Corporation (Indianapolis (IN) - US)
First Inland Bank,Lagos - Nigeria,First Inland Bank (Lagos - Nigeria)
First International Bank,Banjul - Gambia,First International Bank (Banjul - Gambia The)
First International Bank of Israel,FIBI,First International Bank of Israel (FIBI) (Tel Aviv - Israel)
First Internet Bank of Indiana,Fishers (IN,First Internet Bank of Indiana (Fishers (IN) - US)
First Interstate Bancorp,Los Angeles (CA,First Interstate Bancorp (Los Angeles (CA) - US)
First Interstate Bancsystem,Billings (MT,First Interstate Bancsystem (Billings (MT) - US)
First Investment Bank,Sofia - Bulgaria,First Investment Bank (Sofia - Bulgaria)
First Investment Bank Albania,Tirana - Albania,First Investment Bank Albania (Tirana - Albania)
First Kansas Bancshares,Hutchinson (KS,First Kansas Bancshares (Hutchinson (KS) - US)
First Keystone Corporation,Berwick (PA,First Keystone Corporation (Berwick (PA) - US)
First Knox National Bank of Mount Vernon,Mount Vernon (OH,First Knox National Bank of Mount Vernon (Mount Vernon (OH) - US)
First Lansing Bancorp,Lansing (IL,First Lansing Bancorp (Lansing (IL) - US)
First M & F Corporation,Kosciusko (MS,First M & F Corporation (Kosciusko (MS) - US)
First Mainstreet Financial,Longmont (CO,First Mainstreet Financial (Longmont (CO) - US)
First Manitowoc Bancorp,Manitowoc (WI,First Manitowoc Bancorp (Manitowoc (WI) - US)
First Mariner Bancorp,Baltimore (MD,First Mariner Bancorp (Baltimore (MD) - US)
First McMinnville Corporation,McMinnville (TN,First McMinnville Corporation (McMinnville (TN) - US)
First Merchants Corporation,Muncie (IN,First Merchants Corporation (Muncie (IN) - US)
First Michigan Bank Corp,Holland (MI,First Michigan Bank Corp (Holland (MI) - US)
First Micro Finance Bank Afghanistan,Kabul - Afghanistan,First Micro Finance Bank Afghanistan (Kabul - Afghanistan)
First Microfinance Bank,Dushanbe - Tajikistan,First Microfinance Bank (Dushanbe - Tajikistan)
First Mid-Illinois Bancshares,Mattoon (IL,First Mid-Illinois Bancshares (Mattoon (IL) - US)
First Midwest Bancorp,Itasca (IL,First Midwest Bancorp (Itasca (IL) - US)
First Midwest Bancorp,Midwest City (OK,First Midwest Bancorp (Midwest City (OK) - US)
First Mutual Bancshares,Bellevue (WA,First Mutual Bancshares (Bellevue (WA) - US)
First Mutual of Richmond,Richmond (IN,First Mutual of Richmond (Richmond (IN) - US)
First National Bancorp,Gainesville (GA,First National Bancorp (Gainesville (GA) - US)
First National Bancshares,East Lansing (MI,First National Bancshares (East Lansing (MI) - US)
First National Bancshares,Camdenton (MO,First National Bancshares (Camdenton (MO) - US)
First National Bank,Beirut - Lebanon,First National Bank (Beirut - Lebanon)
First National Bank Botswana,Gabarone - Botswana,First National Bank Botswana (Gabarone - Botswana)
First National Bank Eswatini,Mbabane - Eswatini,First National Bank Eswatini (Mbabane - Swaziland)
First National Bank Ghana,Accra - Ghana,First National Bank Ghana (Accra - Ghana)
First National Bank Group,Edinburg (TX,First National Bank Group (Edinburg (TX) - US)
First National Bank Holding Company,Scottsdale (AZ,First National Bank Holding Company (Scottsdale (AZ) - US)
First National Bank Holdings,Johannesburg - South Africa,First National Bank Holdings (Johannesburg - South Africa)
First National Bank Lesotho,Maseru - Lesotho,First National Bank Lesotho (Maseru - Lesotho)
First National Bank Mozambique,Maputo - Mozambique,First National Bank Mozambique (Maputo - Mozambique)
First National Bank Namibia,Windhoek - Namibia,First National Bank Namibia (Windhoek - Namibia)
First National Bankers Bankshares,Baton Rouge - US,First National Bankers Bankshares (Baton Rouge - US)
First National Bankshares of Florida,Naples (FL,First National Bankshares of Florida (Naples (FL) - US)
First National Community Bancorp,Dunmore (PA,First National Community Bancorp (Dunmore (PA) - US)
First National of Nebraska,Omaha (NE,First National of Nebraska (Omaha (NE) - US)
First National Security Company,Hot Springs (AR,First National Security Company (Hot Springs (AR) - US)
First National Talladega Corporation,Talladega (AL,First National Talladega Corporation (Talladega (AL) - US)
First Nations Bank of Canada,Saskatoon - Canada,First Nations Bank of Canada (Saskatoon - Canada)
First NBC Bank Holding Company,New Orleans (LA,First NBC Bank Holding Company (New Orleans (LA) - US)
First Niagara Financial Group,Buffalo (NY,First Niagara Financial Group (Buffalo (NY) - US)
First Northern Bank,Dixon (CA,First Northern Bank (Dixon (CA) - US)
First Oak Brook Bancshares,Oak Brook (IL,First Oak Brook Bancshares (Oak Brook (IL) - US)
First of America Bank Corp,Kalamazoo - US,First of America Bank Corp (Kalamazoo - US)
First of Long Island Corporation,Glen Head (NY,First of Long Island Corporation (Glen Head (NY) - US)
First of McAlester Corporation,McAlester (OK,First of McAlester Corporation (McAlester (OK) - US)
First Olathe Bancshares,Overland Park (KS,First Olathe Bancshares (Overland Park (KS) - US)
First Ottawa Bancshares,Ottawa (IL,First Ottawa Bancshares (Ottawa (IL) - US)
First PacTrust Bancorp,Irvine (CA,First PacTrust Bancorp (Irvine (CA) - US)
First Paragould Bankshares,Paragould (AR,First Paragould Bankshares (Paragould (AR) - US)
First Pioneer Bank Corp,Brush (CO,First Pioneer Bank Corp (Brush (CO) - US)
First Progressive Bank,Alexander City (AL,First Progressive Bank (Alexander City (AL) - US)
First Pulaski National Corporation,Pulaski (TN,First Pulaski National Corporation (Pulaski (TN) - US)
First Regional Bancorp,Los Angeles (CA,First Regional Bancorp (Los Angeles (CA) - US)
First Security Bancorp,Searcy (AR,First Security Bancorp (Searcy (AR) - US)
First Security Corp,Salt Lake City (UT,First Security Corp (Salt Lake City (UT) - US)
First Security Group,Chattanooga (TN,First Security Group (Chattanooga (TN) - US)
First Security Islami Bank,Dhaka - Bangladesh,First Security Islami Bank (Dhaka - Bangladesh)
First South Bancorp,Washington (NC,First South Bancorp (Washington (NC) - US)
First South Bancorp,Lexington (TN,First South Bancorp (Lexington (TN) - US)
First Southern Bancorp,Stanford (KY,First Southern Bancorp (Stanford (KY) - US)
First Southern Bancorp,Boca Raton (FL,First Southern Bancorp (Boca Raton (FL) - US)
First State Bancorp,Caruthersville (MO,First State Bancorp (Caruthersville (MO) - US)
First State Bancorporation,Albuquerque (NM,First State Bancorporation (Albuquerque (NM) - US)
First State Bancshares,Scottsbluff (NE,First State Bancshares (Scottsbluff (NE) - US)
First State Bancshares,New London (WI,First State Bancshares (New London (WI) - US)
First State Bancshares,Farmington - US,First State Bancshares (Farmington - US)
First State Bank of Uvalde,Uvalde - US,First State Bank of Uvalde (Uvalde - US)
First State Corporation,Waynesboro (MS,First State Corporation (Waynesboro (MS) - US)
First Texas,Fort Worth (TX,First Texas (Fort Worth (TX) - US)
First Texas Bancorp,Georgetown (TX,First Texas Bancorp (Georgetown (TX) - US)
First Ukrainian International Bank,Kiev - Ukraine,First Ukrainian International Bank (Kiev - Ukraine)
First Union Corp,Charlotte (NC,First Union Corp (Charlotte (NC) - US)
First United Bancshares,Eldorado (IL,First United Bancshares (Eldorado (IL) - US)
First United Corp,Oakland (MD,First United Corp (Oakland (MD) - US)
First Virginia Banks,Falls Church - US,First Virginia Banks (Falls Church - US)
First Western Bancorp,Huron (SD,First Western Bancorp (Huron (SD) - US)
First Women Bank,Karachi - Pakistan,First Women Bank (Karachi - Pakistan)
First Women’s Bank,Chicago (IL,First Women’s Bank (Chicago (IL) - US)
First York Ban Corp,York (NE,First York Ban Corp (York (NE) - US)
Firstar Corporation,Milwaukee (WI,Firstar Corporation (Milwaukee (WI) - US)
FirstBank,Nashville (TN,FirstBank (Nashville (TN) - US)
Firstbank Corporation,Alma (MI,Firstbank Corporation (Alma (MI) - US)
Firstbank Holding Company,Lakewood (CO,Firstbank Holding Company (Lakewood (CO) - US)
Firstbank of Illinois,Springfield (MO,Firstbank of Illinois (Springfield (MO) - US)
FirstCaribbean International Bank Belize,Belize City - Belize,FirstCaribbean International Bank Belize (Belize City - Belize)
FirstCaribbean International Bank Jamaica,Kingston - Jamaica,FirstCaribbean International Bank Jamaica (Kingston - Jamaica)
FirstCaribbean International Bank Trinidad and Tobago,Charlieville - Trinidad and Tobago,FirstCaribbean International Bank Trinidad and Tobago (Charlieville - Trinidad and Tobago)
Firstier Financial,Omaha (NE,Firstier Financial (Omaha (NE) - US)
FirstMerit Corporation,Akron (OH,FirstMerit Corporation (Akron (OH) - US)
FirstPerryton Bancorp,Perryton (TX,FirstPerryton Bancorp (Perryton (TX) - US)
FirstRand,Sandton - South Africa,FirstRand (Sandton - South Africa)
FirstRand India,Mumbai - India,FirstRand India (Mumbai - India)
FirstRand Namibia,Windhoek - Namibia,FirstRand Namibia (Windhoek - Namibia)
Fishback Financial Corporation,Brookings (SD,Fishback Financial Corporation (Brookings (SD) - US)
Five Flags Banks,Pensacola (FL,Five Flags Banks (Pensacola (FL) - US)
Flag Financial Corporation,Lagrange (GA,Flag Financial Corporation (Lagrange (GA) - US)
Flagstar Bancorp,Troy (MI,Flagstar Bancorp (Troy (MI) - US)
FleetBoston Financial Corp,Boston (MA,FleetBoston Financial Corp (Boston (MA) - US)
Florence Bancorp,Florence(MA,Florence Bancorp (Florence(MA) - US)
Flushing Financial Corp,Lake Success (NY,Flushing Financial Corp (Lake Success (NY) - US)
FNB Bancorp,Newtown (PA,FNB Bancorp (Newtown (PA) - US)
FNB Corp,Hermitage (PA,FNB Corp (Hermitage (PA) - US)
FNB Corporation,Christianburg (VA,FNB Corporation (Christianburg (VA) - US)
FNB Financial Services Corporation,Reidsville (NC,FNB Financial Services Corporation (Reidsville (NC) - US)
FNB Newton Bankshares,Covington (GA,FNB Newton Bankshares (Covington (GA) - US)
FNBH Bancorp,Howell (MI,FNBH Bancorp (Howell (MI) - US)
FNS Bancshares,Scottsboro (AL,FNS Bancshares (Scottsboro (AL) - US)
Fonds d’Equipement Communal,Rabat - Morocco,Fonds d’Equipement Communal (Rabat - Morocco)
Foothill Independent Bancorp,Glendora (CA,Foothill Independent Bancorp (Glendora (CA) - US)
Forcht Bancorp,Corbin - US,Forcht Bancorp (Corbin - US)
Ford Bank,Cologne - Germany,Ford Bank (Cologne - Germany)
Ford Credit Europe Bank,Brentwood - UK,Ford Credit Europe Bank (Brentwood - GB)
Foreign Trade Bank of Cambodia,Phnom Penh - Cambodia,Foreign Trade Bank of Cambodia (Phnom Penh - Cambodia)
Foreningsbanken,Stockholm - Sweden,Foreningsbanken (Stockholm - Sweden)
Foresight Financial Group,Rockford (IL,Foresight Financial Group (Rockford (IL) - US)
Forex Bank,Stockholm - Sweden,Forex Bank (Stockholm - Sweden)
Forstœdernes Bank,Glostrup - Denmark,Forstœdernes Bank (Glostrup - Denmark)
Fort Wayne National Corp,Fort Wayne (IN,Fort Wayne National Corp (Fort Wayne (IN) - US)
Forte Bank,Almaty - Kazakhstan,Forte Bank (Almaty - Kazakhstan)
ForteBank,Almaty - Kazakhstan,ForteBank (Almaty - Kazakhstan)
Fortis Bank,Istanbul - Turkey,Fortis Bank (Istanbul - Turkey)
Fortis Bank,Nederland,Fortis Bank (Nederland) (Utrecht - Netherlands)
Forward Bank,Kiev - Ukraine,Forward Bank (Kiev - Ukraine)
Foshan Rural Commercial Bank,Foshan - China,Foshan Rural Commercial Bank (Foshan - China)
Founders Group,Worth (IL,Founders Group (Worth (IL) - US)
Fourth Financial Corp,Wichita (KS,Fourth Financial Corp (Wichita (KS) - US)
Fox Chase Bancorp,Hatboro - US,Fox Chase Bancorp (Hatboro - US)
FPB Bank,Hong Kong - Hong Kong,FPB Bank (Hong Kong - Hong Kong S.A.R.)
Frandsen Financial Corporation,Arden Hills (MN,Frandsen Financial Corporation (Arden Hills (MN) - US)
Frankfurter Sparkasse,Frankfurt am Main - Germany,Frankfurter Sparkasse (Frankfurt am Main - Germany)
Frankfurter Volksbank,Frankfurt am Main - Germany,Frankfurter Volksbank (Frankfurt am Main - Germany)
Franklin Financial Services Corporation,Chambersburg (PA,Franklin Financial Services Corporation (Chambersburg (PA) - US)
Franklin Resources,San Mateo (CA,Franklin Resources (San Mateo (CA) - US)
Franklin Synergy Bank,Franklin (TN,Franklin Synergy Bank (Franklin (TN) - US)
Fransabank,Beirut - Lebanon,Fransabank (Beirut - Lebanon)
Fransabank Algeria,Alger - Algeria,Fransabank Algeria (Alger - Algeria)
Fransabank France,Paris - France,Fransabank France (Paris - France)
Fremont Bancorporation,Fremont (CA,Fremont Bancorporation (Fremont (CA) - US)
Friedman Billings Ramsey Group,Arlington (VA,Friedman Billings Ramsey Group (Arlington (VA) - US)
Friesland Bank,Leeuwarden - Netherlands,Friesland Bank (Leeuwarden - Netherlands)
Frontier Financial Corporation,Everett (WA,Frontier Financial Corporation (Everett (WA) - US)
FSB Mutual Holdings,Perkasie (PA,FSB Mutual Holdings (Perkasie (PA) - US)
FSDH Merchant Bank,Lagos - Nigeria,FSDH Merchant Bank (Lagos - Nigeria)
Fubon Bank China,Shanghai - China,Fubon Bank China (Shanghai - China)
Fubon Bank Hong Kong,Hong Kong - Hong Kong,Fubon Bank Hong Kong (Hong Kong - Hong Kong S.A.R.)
Fubon Commercial Bank,Taipei - Taiwan,Fubon Commercial Bank (Taipei - Taiwan)
Fudian Bank,Kunming - China,Fudian Bank (Kunming - China)
Fujian Haixia Bank,Fuzhou - China,Fujian Haixia Bank (Fuzhou - China)
Fujian Jinjiang Rural Commercial Bank,Qingyang - China,Fujian Jinjiang Rural Commercial Bank (Qingyang - China)
Fukuho Bank,Fukui - Japan,Fukuho Bank (Fukui - Japan)
Fukui Bank,Fukui - Japan,Fukui Bank (Fukui - Japan)
Fukuoka Chuo Bank,Fukuoka - Japan,Fukuoka Chuo Bank (Fukuoka - Japan)
Fukuoka City Bank,Fukuoka - Japan,Fukuoka City Bank (Fukuoka - Japan)
Fukuoka Financial Group,Fukuoka - Japan,Fukuoka Financial Group (Fukuoka - Japan)
Fukushima Bank,Fukushima - Japan,Fukushima Bank (Fukushima - Japan)
Fulton Financial Corp,Lancaster (PA,Fulton Financial Corp (Lancaster (PA) - US)
Fundament Bank,Moscow - Russia,Fundament Bank (Moscow - Russia)
Furness Building Society,Barrow-in-Furness - UK,Furness Building Society (Barrow-in-Furness - GB)
Fusion Bank,Hong Kong - Hong Kong,Fusion Bank (Hong Kong - Hong Kong S.A.R.)
Future Bank,Manama - Bahrain,Future Bank (Manama - Bahrain)
Fuzhou City Commercial Bank,Fuzhou - China,Fuzhou City Commercial Bank (Fuzhou - China)
FVNB Corp,Victoria (TX,FVNB Corp (Victoria (TX) - US)
G&C Mutual Bank,Sydney - Australia,G&C Mutual Bank (Sydney - Australia)
G&T Continental,Guatemala City - Guatemala,G&T Continental (Guatemala City - Guatemala)
Gagarinsky Bank,Moscow - Russia,Gagarinsky Bank (Moscow - Russia)
Gallabank,Tashkent - Uzbekistan,Gallabank (Tashkent - Uzbekistan)
Gandjabank,Ganja - Azerbaijan,Gandjabank (Ganja - Azerbaijan)
Ganzhou City Commercial Bank,Ganzhou - China,Ganzhou City Commercial Bank (Ganzhou - China)
Garanti Bank Moscow,Moscow - Russia,Garanti Bank Moscow (Moscow - Russia)
Garanti BBVA,Istanbul - Turkey,Garanti BBVA (Istanbul - Turkey)
GarantiBank International,Amsterdam - Netherlands,GarantiBank International (Amsterdam - Netherlands)
Garantiya Bank,Nizhny Novgorod - Russia,Garantiya Bank (Nizhny Novgorod - Russia)
Garashsyzlyk Bank,Ashgabat - Turkmenistan,Garashsyzlyk Bank (Ashgabat - Turkmenistan)
Gatehouse Bank,London - UK,Gatehouse Bank (London - GB)
Gateway Bank,Elizabeth City (NC,Gateway Bank (Elizabeth City (NC) - US)
Gazbank,Samara - Russia,Gazbank (Samara - Russia)
Gazenergoprombank,Gazoprovod - Russia,Gazenergoprombank (Gazoprovod - Russia)
Gazprombank,Moscow - Russia,Gazprombank (Moscow - Russia)
GB&T Bancshares,Gainesville (GA,GB&T Bancshares (Gainesville (GA) - US)
GBC Bancorp,Los Angeles (CA,GBC Bancorp (Los Angeles (CA) - US)
GBS Mutual Bank,Grahamstown - South Africa,GBS Mutual Bank (Grahamstown - South Africa)
GCB Bank,Accra - Ghana,GCB Bank (Accra - Ghana)
GE Capital Latvia,Riga - Latvia,GE Capital Latvia (Riga - Latvia)
GE Money Bank Russia,Moscow - Russia,GE Money Bank Russia (Moscow - Russia)
Genbank,Moscow - Russia,Genbank (Moscow - Russia)
General Banking and Trust Co,Budapest - Hungary,General Banking and Trust Co (Budapest - Hungary)
Generale de Banque de Mauritanie,Noukachott - Mauritania,Generale de Banque de Mauritanie (Noukachott - Mauritania)
Genesis Bank,Newport Beach (CA,Genesis Bank (Newport Beach (CA) - US)
Geniki Bank,Athens - Greece,Geniki Bank (Athens - Greece)
German American Bancorp,Jasper (IN,German American Bancorp (Jasper (IN) - US)
Gerrard & King,London - UK,Gerrard & King (London - GB)
Getin Bank,Warsaw - Poland,Getin Bank (Warsaw - Poland)
Getin Noble Bank,Warsaw - Poland,Getin Noble Bank (Warsaw - Poland)
GF Cuscutlan de Costa Rica,San José - Costa Rica,GF Cuscutlan de Costa Rica (San José - Costa Rica)
GFH Financial Group,Manama - Bahrain,GFH Financial Group (Manama - Bahrain)
Ghana International Bank,London - UK,Ghana International Bank (London - GB)
Ghazanfar Bank,Kabul - Afghanistan,Ghazanfar Bank (Kabul - Afghanistan)
Gifu Bank,Gifu - Japan,Gifu Bank (Gifu - Japan)
Gifu Shinkin Bank,Gifu - Japan,Gifu Shinkin Bank (Gifu - Japan)
Giro Commercial Bank,Nairobi - Kenya,Giro Commercial Bank (Nairobi - Kenya)
Girobank,Willemstad - Netherlands Antilles,Girobank (Willemstad - Netherlands Antilles)
Girobank,London - UK,Girobank (London - GB)
GiroCredit,Vienna - Austria,GiroCredit (Vienna - Austria)
Gjensidige NOR,Oslo - Norway,Gjensidige NOR (Oslo - Norway)
Glacier Bancorp,Kalispell (MT,Glacier Bancorp (Kalispell (MT) - US)
Glarner Kantonalbank,Glarus - Switzerland,Glarner Kantonalbank (Glarus - Switzerland)
Global Bank Corporation,Panama City - Panama,Global Bank Corporation (Panama City - Panama)
Global Bank Ethiopia,Addis Ababa - Ethiopia,Global Bank Ethiopia (Addis Ababa - Ethiopia)
Global Business Bank,Makati City - Philippines,Global Business Bank (Makati City - Philippines)
Global IME Bank,Kathmandu - Nepal,Global IME Bank (Kathmandu - Nepal)
Global Islami Bank,Dhaka - Bangladesh,Global Islami Bank (Dhaka - Bangladesh)
Globexbank,Moscow - Russia,Globexbank (Moscow - Russia)
Globus Bank,Lagos - Nigeria,Globus Bank (Lagos - Nigeria)
GMAC Bank Germany,Rüsselsheim - Germany,GMAC Bank Germany (Rüsselsheim - Germany)
GNB Bankshares Corporation,Grundy (VA,GNB Bankshares Corporation (Grundy (VA) - US)
GNB Sudameris Bank,Panama City - Panama,GNB Sudameris Bank (Panama City - Panama)
Godo Cooperatieve Spaaren kredietbank,Paramaribo - Suriname,Godo Cooperatieve Spaaren kredietbank (Paramaribo - Suriname)
Gold Banc Corporation,Leawood - US,Gold Banc Corporation (Leawood - US)
Golden State Bancorp,San Francisco (CA,Golden State Bancorp (San Francisco (CA) - US)
Golden Taler Bank,Minsk - Belarus,Golden Taler Bank (Minsk - Belarus)
Golden West Financial Corp,Oakland (MD,Golden West Financial Corp (Oakland (MD) - US)
Goldman Sachs,New York (NY,Goldman Sachs (New York (NY) - US)
Goldman Sachs Asia Bank,Hong Kong - Hong Kong,Goldman Sachs Asia Bank (Hong Kong - Hong Kong S.A.R.)
Goldman Sachs Bank Europe,Frankfurt - Germany,Goldman Sachs Bank Europe (Frankfurt - Germany)
Goldman Sachs Brazil,São Paulo - Brazil,Goldman Sachs Brazil (São Paulo - Brazil)
Goldman Sachs International,London - UK,Goldman Sachs International (London - GB)
Goldman Sachs International Bank,London - UK,Goldman Sachs International Bank (London - GB)
Golomt Bank,Ulaanbataar - Mongolia,Golomt Bank (Ulaanbataar - Mongolia)
Gonet,Geneva - Switzerland,Gonet (Geneva - Switzerland)
Gorenjska Banka,Kranj - Slovenia,Gorenjska Banka (Kranj - Slovenia)
Gorham Savings Bank,Gorham (ME,Gorham Savings Bank (Gorham (ME) - US)
Government Savings Bank,Bangkok - Thailand,Government Savings Bank (Bangkok - Thailand)
Grand Commercial Bank,Taipei - Taiwan,Grand Commercial Bank (Taipei - Taiwan)
Grand Invest Bank,Moscow - Russia,Grand Invest Bank (Moscow - Russia)
Grand Premier Financial,Wauconda - US,Grand Premier Financial (Wauconda - US)
Grandpoint Capital,Los Angeles (CA,Grandpoint Capital (Los Angeles (CA) - US)
Granit Bank,Budapest - Hungary,Granit Bank (Budapest - Hungary)
Graubundner Kantonalbank,Chur - Switzerland,Graubundner Kantonalbank (Chur - Switzerland)
Great Lakes Financial Resources,Matteson (IL,Great Lakes Financial Resources (Matteson (IL) - US)
Great Southern Bancorp,Springfield (MO,Great Southern Bancorp (Springfield (MO) - US)
Great Wall West China Bank,Deyang - China,Great Wall West China Bank (Deyang - China)
Great Western Bancorporation,Sioux Falls (SD,Great Western Bancorporation (Sioux Falls (SD) - US)
Greatbanc,Aurora (IL,Greatbanc (Aurora (IL) - US)
Greater Bank,Sydney - Australia,Greater Bank (Sydney - Australia)
Greater Bay Bancorp,Palo Alto - US,Greater Bay Bancorp (Palo Alto - US)
Greater Community Bancorp,Totowa (NJ,Greater Community Bancorp (Totowa (NJ) - US)
Greater Delaware Valley Holdings,Broomall (PA,Greater Delaware Valley Holdings (Broomall (PA) - US)
Green Bancorp,Houston (TX,Green Bancorp (Houston (TX) - US)
Green Bankshares,Greeneville (TN,Green Bankshares (Greeneville (TN) - US)
Green Dot Bank,Provo (UT,Green Dot Bank (Provo (UT) - US)
Green Dot Corporation,Wilmington (DE,Green Dot Corporation (Wilmington (DE) - US)
Green Link Digital Bank,Singapore - Singapore,Green Link Digital Bank (Singapore - Singapore)
Greenfield Bancshares,Greenfield (IN,Greenfield Bancshares (Greenfield (IN) - US)
GreenPoint Financial Corporation,New York (NY,GreenPoint Financial Corporation (New York (NY) - US)
Grenada Cooperative Bank,St George`s - Grenada,Grenada Cooperative Bank (St George`s - Grenada)
Grindrod Bank,Durban - South Africa,Grindrod Bank (Durban - South Africa)
Groupe Banque Populaire,Casablanca - Morocco,Groupe Banque Populaire (Casablanca - Morocco)
Groupe Banques Populaires,Paris - France,Groupe Banques Populaires (Paris - France)
Groupe BPCE,Paris - France,Groupe BPCE (Paris - France)
Groupe Caisse d'Epargne,Paris - France,Groupe Caisse d'Epargne (Paris - France)
Grupo Banca Civica,Madrid - Spain,Grupo Banca Civica (Madrid - Spain)
Grupo Bancaja,Valencia - Spain,Grupo Bancaja (Valencia - Spain)
Grupo Cooperativo Cajamar,Almeria - Spain,Grupo Cooperativo Cajamar (Almeria - Spain)
Grupo Financiero Banorte,Mexico City - Mexico,Grupo Financiero Banorte (Mexico City - Mexico)
Grupo Financiero BBVA Mexico,Mexico City - Mexico,Grupo Financiero BBVA Mexico (Mexico City - Mexico)
Grupo Financiero Citibanamex,Mexico City - Mexico,Grupo Financiero Citibanamex (Mexico City - Mexico)
Grupo Financiero HSBC,Mexico City - Mexico,Grupo Financiero HSBC (Mexico City - Mexico)
Grupo Financiero Interacciones,Mexico City - Mexico,Grupo Financiero Interacciones (Mexico City - Mexico)
Grupo Financiero Pichincha,Quito - Ecuador,Grupo Financiero Pichincha (Quito - Ecuador)
Grupo Financiero Santander Mexico,Mexico City - Mexico,Grupo Financiero Santander Mexico (Mexico City - Mexico)
Grupo Financiero Scotiabank Inverlat,Mexico City - Mexico,Grupo Financiero Scotiabank Inverlat (Mexico City - Mexico)
Grupo Santander Banespa,São Paulo - Brazil,Grupo Santander Banespa (São Paulo - Brazil)
Grupo Unnim,Barcelona - Spain,Grupo Unnim (Barcelona - Spain)
GTC Bank,Panama City - Panama,GTC Bank (Panama City - Panama)
Guangdong Huaxing Bank,Guangzhou - China,Guangdong Huaxing Bank (Guangzhou - China)
Guangdong Nanhai Rural Commercial Bank,Guangdong - China,Guangdong Nanhai Rural Commercial Bank (Guangdong - China)
Guangdong Nanyue Bank,Zhanjiang - China,Guangdong Nanyue Bank (Zhanjiang - China)
Guangxi Beibu Gulf Bank,Guangxi - China,Guangxi Beibu Gulf Bank (Guangxi - China)
Guangzhou Rural Commercial Bank,Guangzhou - China,Guangzhou Rural Commercial Bank (Guangzhou - China)
Guaranty Bancorp,Denver (CO,Guaranty Bancorp (Denver (CO) - US)
Guaranty Bancshares,Mount Pleasant (TX,Guaranty Bancshares (Mount Pleasant (TX) - US)
Guaranty Bank,Milwaukee (WI,Guaranty Bank (Milwaukee (WI) - US)
Guaranty Corporation,Denver (CO,Guaranty Corporation (Denver (CO) - US)
Guaranty Trust Bank,Lagos - Nigeria,Guaranty Trust Bank (Lagos - Nigeria)
Guaranty Trust Bank Cote d'Ivoire,Abidjan - Côte d`Ivoire,Guaranty Trust Bank Cote d'Ivoire (Abidjan - Cote D'Ivoire)
Guaranty Trust Bank Finance BV,Amsterdam - Netherlands,Guaranty Trust Bank Finance BV (Amsterdam - Netherlands)
Guaranty Trust Bank Gambia,Banjul - Gambia,Guaranty Trust Bank Gambia (Banjul - Gambia The)
Guaranty Trust Bank Ghana,Accra - Ghana,Guaranty Trust Bank Ghana (Accra - Ghana)
Guaranty Trust Bank Kenya,Nairobi - Kenya,Guaranty Trust Bank Kenya (Nairobi - Kenya)
Guaranty Trust Bank Liberia,Monrovia - Liberia,Guaranty Trust Bank Liberia (Monrovia - Liberia)
Guaranty Trust Bank Rwanda,Kigali - Rwanda,Guaranty Trust Bank Rwanda (Kigali - Rwanda)
Guaranty Trust Bank Sierra Leone,Freetown - Sierra Leone,Guaranty Trust Bank Sierra Leone (Freetown - Sierra Leone)
Guaranty Trust Bank Tanzania,Dar Es Salaam - Tanzania,Guaranty Trust Bank Tanzania (Dar Es Salaam - Tanzania)
Guaranty Trust Bank Uganda,Kampala - Uganda,Guaranty Trust Bank Uganda (Kampala - Uganda)
Guaranty Trust Bank UK,London - UK,Guaranty Trust Bank UK (London - GB)
Guardian Bank,Nairobi - Kenya,Guardian Bank (Nairobi - Kenya)
Guilin Bank,Guilin - China,Guilin Bank (Guilin - China)
Guilin City Commercial Bank,Guilin - China,Guilin City Commercial Bank (Guilin - China)
Gulf African Bank,Nairobi - Kenya,Gulf African Bank (Nairobi - Kenya)
Gulf Bank,Safat - Kuwait,Gulf Bank (Safat - Kuwait)
Gulf Bank Algeria,Algiers - Algeria,Gulf Bank Algeria (Algiers - Algeria)
Gulf International Bank,Manama - Bahrain,Gulf International Bank (Manama - Bahrain)
Gulf International Bank Saudi Arabia,Riyadh - Saudi Arabia,Gulf International Bank Saudi Arabia (Riyadh - Saudi Arabia)
Gulf International Bank UK,London - UK,Gulf International Bank UK (London - GB)
Gulf Investment Corp,Safat - Kuwait,Gulf Investment Corp (Safat - Kuwait)
Gumhouria Bank,Gharian - Libya,Gumhouria Bank (Gharian - Libya)
Gunma Bank,Maebashi - Japan,Gunma Bank (Maebashi - Japan)
Guyana Bank for Trade and Industry,Georgetown - Guyana,Guyana Bank for Trade and Industry (Georgetown - Guyana)
GXS Bank,Singapore - Singapore,GXS Bank (Singapore - Singapore)
GZ Bank,Frankfurt am Main - Germany,GZ Bank (Frankfurt am Main - Germany)
GZB Bank,Stuttgart - Germany,GZB Bank (Stuttgart - Germany)
Habersham Bancorp,Cornelia (GA,Habersham Bancorp (Cornelia (GA) - US)
Habib Allied International Bank,London - UK,Habib Allied International Bank (London - GB)
Habib Bank,Karachi - Pakistan,Habib Bank (Karachi - Pakistan)
Habib Bank AG Zurich UAE,Abu Dhabi - United Arab Emirates,Habib Bank AG Zurich UAE (Abu Dhabi - United Arab Emirates)
Habib Bank Bangladesh,Dhaka - Bangladesh,Habib Bank Bangladesh (Dhaka - Bangladesh)
Habib Bank Sri Lanka,Colombo - Sri Lanka,Habib Bank Sri Lanka (Colombo - Sri Lanka)
Habib Bank Turkey,Istanbul - Turkey,Habib Bank Turkey (Istanbul - Turkey)
Habib Bank Zurich,Zurich - Switzerland,Habib Bank Zurich (Zurich - Switzerland)
Habib Bank Zurich UK,London - UK,Habib Bank Zurich UK (London - GB)
Habib Bank Zurich Kenya,Nairobi - Kenya,Habib Bank Zurich Kenya (Nairobi - Kenya)
Habib Bank Zurich South Africa,Durban - South Africa,Habib Bank Zurich South Africa (Durban - South Africa)
Habib Canadian Bank,Mississauga - Canada,Habib Canadian Bank (Mississauga - Canada)
Habib Metropolitan Bank,Karachi - Pakistan,Habib Metropolitan Bank (Karachi - Pakistan)
Habib Overseas Bank,Marshalltown - South Africa,Habib Overseas Bank (Marshalltown - South Africa)
Habubank,Hanoi - Vietnam,Habubank (Hanoi - Vietnam)
Hachijuni Bank,Nagano - Japan,Hachijuni Bank (Nagano - Japan)
Haikou Rural Commercial Bank,Haikou - China,Haikou Rural Commercial Bank (Haikou - China)
Haitong Banco de Investimento do Brasil,São Paulo - Brazil,Haitong Banco de Investimento do Brasil (São Paulo - Brazil)
Haitong Bank,Lisbon - Portugal,Haitong Bank (Lisbon - Portugal)
Hakrinbank,Paramaribo - Suriname,Hakrinbank (Paramaribo - Suriname)
Halbank Beograd,Cacak - Serbia,Halbank Beograd (Cacak - Serbia)
Halifax,Halifax - UK,Halifax (Halifax - GB)
Halkbank AD Skopje,Skopje - Macedonia,Halkbank AD Skopje (Skopje - Macedonia)
Halyk Bank,Almaty - Kazakhstan,Halyk Bank (Almaty - Kazakhstan)
Halyk Bank Georgia,Tbilisi - Georgia,Halyk Bank Georgia (Tbilisi - Georgia)
Halyk Bank Kyrgyzstan,Bishkek - Kyrgyzstan,Halyk Bank Kyrgyzstan (Bishkek - Kyrgyzstan)
Hamamatsu Iwata Shinkin Bank,Hamamatsu - Japan,Hamamatsu Iwata Shinkin Bank (Hamamatsu - Japan)
Hambros,London - UK,Hambros (London - GB)
Hamburg Commercial Bank,Hamburg - Germany,Hamburg Commercial Bank (Hamburg - Germany)
Hamburger Sparkasse,Hamburg - Germany,Hamburger Sparkasse (Hamburg - Germany)
Hamburgische Landesbank,Hamburg - Germany,Hamburgische Landesbank (Hamburg - Germany)
Hamilton State Bancshares,Hoschton - US,Hamilton State Bancshares (Hoschton - US)
HamkorBank,Andijan city - Uzbekistan,HamkorBank (Andijan city - Uzbekistan)
Hampden & Co,Edinburgh - UK,Hampden & Co (Edinburgh - GB)
Hampden Bancorp,Springfield(MA,Hampden Bancorp (Springfield(MA) - US)
Hampshire Trust Bank,London - UK,Hampshire Trust Bank (London - GB)
Hampton Roads Bankshares,Norfolk (VA,Hampton Roads Bankshares (Norfolk (VA) - US)
Hana Bank China,Qingdao - China,Hana Bank China (Qingdao - China)
Hana Financial Group,Seoul - South Korea,Hana Financial Group (Seoul - South Korea)
Hancock Holding Co,Gulfport (MS,Hancock Holding Co (Gulfport (MS) - US)
Handels Bank & Trust,Belize City - Belize,Handels Bank & Trust (Belize City - Belize)
Handelsbanken UK,London - UK,Handelsbanken UK (London - GB)
Hang Seng Bank,Hong Kong - Hong Kong,Hang Seng Bank (Hong Kong - Hong Kong S.A.R.)
Hang Seng Bank China,Shanghai - China,Hang Seng Bank China (Shanghai - China)
Hangzhou United Rural Commercial Bank,Zhejiang - China,Hangzhou United Rural Commercial Bank (Zhejiang - China)
Hankou Bank,Wuhan - China,Hankou Bank (Wuhan - China)
Hanley Economic Building Society,Hanley - UK,Hanley Economic Building Society (Hanley - GB)
Hanmi Bank,Los Angeles (CA,Hanmi Bank (Los Angeles (CA) - US)
Hanmi Financial Corporation,Los Angeles (CA,Hanmi Financial Corporation (Los Angeles (CA) - US)
Hanwha Bank Hungary,Budapest - Hungary,Hanwha Bank Hungary (Budapest - Hungary)
Happy Bancshares,Canyon - US,Happy Bancshares (Canyon - US)
Harbin Bank,Harbin - China,Harbin Bank (Harbin - China)
Harbor Community Bank,Fort Pierce (FL,Harbor Community Bank (Fort Pierce (FL) - US)
HarborOne Bancorp,Brockton (MA,HarborOne Bancorp (Brockton (MA) - US)
HarborOne Bank,Brockton (MA,HarborOne Bank (Brockton (MA) - US)
Harleysville National Corp,Harleysville (PA,Harleysville National Corp (Harleysville (PA) - US)
Harpenden Building Society,Harpenden - UK,Harpenden Building Society (Harpenden - GB)
Harris Bankcorp,Chicago (IL,Harris Bankcorp (Chicago (IL) - US)
Harris Financial,Harrisburg (PA,Harris Financial (Harrisburg (PA) - US)
Hasten Bancshares,Indianapolis (IN,Hasten Bancshares (Indianapolis (IN) - US)
Hattha Bank,Phnom Penh - Cambodia,Hattha Bank (Phnom Penh - Cambodia)
Hatton National Bank,Colombo - Sri Lanka,Hatton National Bank (Colombo - Sri Lanka)
Hauck & Aufhauser Group,Frankfurt am Main - Germany,Hauck & Aufhauser Group (Frankfurt am Main - Germany)
Havin Bank,London - UK,Havin Bank (London - GB)
Hawaii National Bancshares,Honolulu (HI,Hawaii National Bancshares (Honolulu (HI) - US)
Hawkeye Bancorp,Des Moines (IA,Hawkeye Bancorp (Des Moines (IA) - US)
Hawthorn Bancshares,Lees Summit (MO,Hawthorn Bancshares (Lees Summit (MO) - US)
HBL Bank Maldives,Male - Maldives,HBL Bank Maldives (Male - Maldives)
HBOS,Edinburgh - UK,HBOS (Edinburgh - GB)
HCOB Securities,Luxembourg - Luxembourg,HCOB Securities (Luxembourg - Luxembourg)
HDFC Bank,Mumbai - India,HDFC Bank (Mumbai - India)
Heartland Bancorp,Bloomington (IL,Heartland Bancorp (Bloomington (IL) - US)
Heartland Financial USA,Dubuque (IA,Heartland Financial USA (Dubuque (IA) - US)
Hefei Science & Technology Rural Commercial Bank,Hefei - China,Hefei Science & Technology Rural Commercial Bank (Hefei - China)
Helaba Landesbank Hessen-Thuringen Girozentrale,Frankfurt am Main - Germany,Helaba Landesbank Hessen-Thuringen Girozentrale (Frankfurt am Main - Germany)
Hellenic Bank,Strovolos - Cyprus,Hellenic Bank (Strovolos - Cyprus)
Hellenic Postbank,Athens - Greece,Hellenic Postbank (Athens - Greece)
Helm Bank,Bogotá D.C. - Colombia,Helm Bank (Bogotá D.C. - Colombia)
Helm Bank USA,Miami (FL,Helm Bank USA (Miami (FL) - US)
Henderson Bancshares,Troy (AL,Henderson Bancshares (Troy (AL) - US)
Hengfeng Bank,Yantai - China,Hengfeng Bank (Yantai - China)
Henry County Bancshares,Stockbridge (GA,Henry County Bancshares (Stockbridge (GA) - US)
Heritable Bank,London - UK,Heritable Bank (London - GB)
Heritage Bank,Belize City - Belize,Heritage Bank (Belize City - Belize)
Heritage Commerce Corp,San Jose (CA,Heritage Commerce Corp (San Jose (CA) - US)
Heritage Financial Corporation,Olympia (WA,Heritage Financial Corporation (Olympia (WA) - US)
Heritage Group,Aurora (NE,Heritage Group (Aurora (NE) - US)
Heritage Oaks Bancorp,Paso Robles - US,Heritage Oaks Bancorp (Paso Robles - US)
Hershenhorn Bancorporation,Palatine (IL,Hershenhorn Bancorporation (Palatine (IL) - US)
HF Bank,Nairobi - Kenya,HF Bank (Nairobi - Kenya)
HFC Bank,Suva - Fiji,HFC Bank (Suva - Fiji Islands)
HFC Bank,Windsor - UK,HFC Bank (Windsor - GB)
Hibernia Corp,New Orleans (LA,Hibernia Corp (New Orleans (LA) - US)
Hibret Bank,Addis Ababa - Ethiopia,Hibret Bank (Addis Ababa - Ethiopia)
Higashi Nippon Bank,Tokyo - Japan,Higashi Nippon Bank (Tokyo - Japan)
High Point Bank Corporation,High Point (NC,High Point Bank Corporation (High Point (NC) - US)
Higo Bank,Kumamoto - Japan,Higo Bank (Kumamoto - Japan)
Hijra Bank,Addis Ababa - Ethiopia,Hijra Bank (Addis Ababa - Ethiopia)
Hillcrest Bancshares,Overland Park (KS,Hillcrest Bancshares (Overland Park (KS) - US)
Hills Bancorporation,Hills (IA,Hills Bancorporation (Hills (IA) - US)
Hilltop Holdings,Dallas (TX,Hilltop Holdings (Dallas (TX) - US)
Himalayan Bank Limited,Kathmandu - Nepal,Himalayan Bank Limited (Kathmandu - Nepal)
Hinckley and Rugby Building Society,Hinckley - UK,Hinckley and Rugby Building Society (Hinckley - GB)
Hipotekarna Bank,Podgorica - Montenegro,Hipotekarna Bank (Podgorica - Montenegro)
Hirogin Holdings,Hiroshima - Japan,Hirogin Holdings (Hiroshima - Japan)
HNB Corporation,Arkansas City (KS,HNB Corporation (Arkansas City (KS) - US)
HNS Banco,Santiago - Chile,HNS Banco (Santiago - Chile)
Hock Hua Bank,"Sibu, Sarawak - Malaysia","Hock Hua Bank (Sibu, Sarawak - Malaysia)"
Hokkaido Bank,Sapporo - Japan,Hokkaido Bank (Sapporo - Japan)
Hokkoku Financial Holdings,Kanazawa - Japan,Hokkoku Financial Holdings (Kanazawa - Japan)
Hokuetsu Bank,Nagaoka - Japan,Hokuetsu Bank (Nagaoka - Japan)
Hokuhoku Financial Group,Toyama - Japan,Hokuhoku Financial Group (Toyama - Japan)
Hokuto Bank,Akita - Japan,Hokuto Bank (Akita - Japan)
Holmesdale Building Society,Reigate - UK,Holmesdale Building Society (Reigate - GB)
Home Bancshares,Conway (AR,Home Bancshares (Conway (AR) - US)
Home Credit and Finance Bank,Moscow - Russia,Home Credit and Finance Bank (Moscow - Russia)
Home Credit B.V.,Amsterdam - Netherlands,Home Credit B.V. (Amsterdam - Netherlands)
Home Credit Bank Belarus,Minsk - Belarus,Home Credit Bank Belarus (Minsk - Belarus)
Home Credit Bank Kazakhstan,Almaty - Kazakhstan,Home Credit Bank Kazakhstan (Almaty - Kazakhstan)
Home Credit Czech Republic,Brno - Czech Republic,Home Credit Czech Republic (Brno - Czech Republic)
Home Credit Slovakia,Piestany - Slovakia,Home Credit Slovakia (Piestany - Slovakia)
Home Federal Bancorp,Nampa - US,Home Federal Bancorp (Nampa - US)
Home State Bancorp,Crystal Lake (IL,Home State Bancorp (Crystal Lake (IL) - US)
Hometown Banc Corp,Grand Island (NE,Hometown Banc Corp (Grand Island (NE) - US)
Hometown Community Bancorp,Morton (IL,Hometown Community Bancorp (Morton (IL) - US)
Hometown Financial,Easthampton - US,Hometown Financial (Easthampton - US)
HomeTrust Bank,Asheville - US,HomeTrust Bank (Asheville - US)
Hong Leong Bank,Kuala Lumpur - Malaysia,Hong Leong Bank (Kuala Lumpur - Malaysia)
Hong Leong Bank Cambodia,Phnom Penh - Cambodia,Hong Leong Bank Cambodia (Phnom Penh - Cambodia)
Hong Leong Bank Vietnam,Ho Chi Minh City - Vietnam,Hong Leong Bank Vietnam (Ho Chi Minh City - Vietnam)
Hong Leong Finance,Singapore - Singapore,Hong Leong Finance (Singapore - Singapore)
Hong Leong Islamic Bank,Kuala Lumpur - Malaysia,Hong Leong Islamic Bank (Kuala Lumpur - Malaysia)
Hongkong Chinese Bank,Hong Kong - Hong Kong,Hongkong Chinese Bank (Hong Kong - Hong Kong S.A.R.)
Hope Bancorp,Los Angeles (CA,Hope Bancorp (Los Angeles (CA) - US)
Hopfed Bancorp,HOPKINSVILLE - US,Hopfed Bancorp (HOPKINSVILLE - US)
Horizon Bancorp,Michigan City (IN,Horizon Bancorp (Michigan City (IN) - US)
Horizon Financial Corp,Bellingham (WA,Horizon Financial Corp (Bellingham (WA) - US)
Housing & Development Bank,Giza - Egypt,Housing & Development Bank (Giza - Egypt)
Housing Development Bank,Ho Chi Minh City - Vietnam,Housing Development Bank (Ho Chi Minh City - Vietnam)
Housing Finance Corporation,Nicosia - Cyprus,Housing Finance Corporation (Nicosia - Cyprus)
Housing Financing Fund,Reykjavik - Iceland,Housing Financing Fund (Reykjavik - Iceland)
Howa Bank,Oita - Japan,Howa Bank (Oita - Japan)
Hrvatska Postanska Banka,Zagreb - Croatia,Hrvatska Postanska Banka (Zagreb - Croatia)
HSB Bank - Boendets Bank,Stockholm - Sweden,HSB Bank - Boendets Bank (Stockholm - Sweden)
HSBC Amanah Malaysia,Kuala Lumpur - Malaysia,HSBC Amanah Malaysia (Kuala Lumpur - Malaysia)
HSBC Bank,London - UK,HSBC Bank (London - GB)
HSBC Bank Argentina,Buenos Aires - Argentina,HSBC Bank Argentina (Buenos Aires - Argentina)
HSBC Bank Armenia,Yerevan - Armenia,HSBC Bank Armenia (Yerevan - Armenia)
HSBC Bank Australia,Sydney - Australia,HSBC Bank Australia (Sydney - Australia)
HSBC Bank Bangladesh,Dhaka - Bangladesh,HSBC Bank Bangladesh (Dhaka - Bangladesh)
HSBC Bank Bermuda,Hamilton - Bermuda,HSBC Bank Bermuda (Hamilton - Bermuda)
HSBC Bank Brasil,Curitiba - Brazil,HSBC Bank Brasil (Curitiba - Brazil)
HSBC Bank Brazil,São Paulo - Brazil,HSBC Bank Brazil (São Paulo - Brazil)
HSBC Bank Canada,Vancouver - Canada,HSBC Bank Canada (Vancouver - Canada)
HSBC Bank Chile,Santiago - Chile,HSBC Bank Chile (Santiago - Chile)
HSBC Bank China,Beijing - China,HSBC Bank China (Beijing - China)
HSBC Bank Colombia,Bogotá D.C. - Colombia,HSBC Bank Colombia (Bogotá D.C. - Colombia)
HSBC Bank Egypt,Cairo - Egypt,HSBC Bank Egypt (Cairo - Egypt)
HSBC Bank India,Mumbai - India,HSBC Bank India (Mumbai - India)
HSBC Bank Indonesia,Jakarta - Indonesia,HSBC Bank Indonesia (Jakarta - Indonesia)
HSBC Bank Macao,Macau - Macau,HSBC Bank Macao (Macau - Macau S.A.R.)
HSBC Bank Malaysia,Kuala Lumpur - Malaysia,HSBC Bank Malaysia (Kuala Lumpur - Malaysia)
HSBC Bank Maldive,Male - Maldives,HSBC Bank Maldive (Male - Maldives)
HSBC Bank Malta,Valletta - Malta,HSBC Bank Malta (Valletta - Malta)
HSBC Bank Mauritius,Ebene - Mauritius,HSBC Bank Mauritius (Ebene - Mauritius)
HSBC Bank Middle East,Dubai - United Arab Emirates,HSBC Bank Middle East (Dubai - United Arab Emirates)
HSBC Bank Nicaragua,Managua - Nicaragua,HSBC Bank Nicaragua (Managua - Nicaragua)
HSBC Bank Oman,Muscat - Oman,HSBC Bank Oman (Muscat - Oman)
HSBC Bank Russia,Moscow - Russia,HSBC Bank Russia (Moscow - Russia)
HSBC Bank Singapore,Singapore - Singapore,HSBC Bank Singapore (Singapore - Singapore)
HSBC Bank Sri Lanka,Colombo - Sri Lanka,HSBC Bank Sri Lanka (Colombo - Sri Lanka)
HSBC Bank Turkey,Istanbul - Turkey,HSBC Bank Turkey (Istanbul - Turkey)
HSBC Bank United Arab Emirates,Abu Dhabi - United Arab Emirates,HSBC Bank United Arab Emirates (Abu Dhabi - United Arab Emirates)
HSBC Bank Uruguay,Montevideo - Uruguay,HSBC Bank Uruguay (Montevideo - Uruguay)
HSBC Bank Vietnam,Ho Chi Minh City - Vietnam,HSBC Bank Vietnam (Ho Chi Minh City - Vietnam)
HSBC Continental Europe,Paris - France,HSBC Continental Europe (Paris - France)
HSBC Hervet,Bourges - France,HSBC Hervet (Bourges - France)
HSBC Holdings,London - UK,HSBC Holdings (London - GB)
HSBC Innovation Bank,London - UK,HSBC Innovation Bank (London - GB)
HSBC North America Holdings,New York (NY,HSBC North America Holdings (New York (NY) - US)
HSBC Private Bank Switzerland,Geneva - Switzerland,HSBC Private Bank Switzerland (Geneva - Switzerland)
HSBC Trinkhaus & Burkhardt,Düsseldorf - Germany,HSBC Trinkhaus & Burkhardt (Düsseldorf - Germany)
Hua Chiao Commercial Bank,Hong Kong - Hong Kong,Hua Chiao Commercial Bank (Hong Kong - Hong Kong S.A.R.)
Hua Nan Commercial Bank,Taipei - Taiwan,Hua Nan Commercial Bank (Taipei - Taiwan)
Hua Xia Bank,Beijing - China,Hua Xia Bank (Beijing - China)
Huangshi City Commercial Bank,Huangshi - China,Huangshi City Commercial Bank (Huangshi - China)
Hubei Bank,Wuhan - China,Hubei Bank (Wuhan - China)
Hudson City Bancorp,Paramus (NJ,Hudson City Bancorp (Paramus (NJ) - US)
Hudson River Bancorp,Hudson - US,Hudson River Bancorp (Hudson - US)
Hudson United Bancorp,Mahwah - US,Hudson United Bancorp (Mahwah - US)
Hudson Valley Holding Corp,Yonkers (NY,Hudson Valley Holding Corp (Yonkers (NY) - US)
Huishang Bank,Hefei - China,Huishang Bank (Hefei - China)
Hume Bank,Albury - Australia,Hume Bank (Albury - Australia)
Huntington Bancshares,Columbus (OH,Huntington Bancshares (Columbus (OH) - US)
HVB Bank Czech Republic,Prague - Czech Republic,HVB Bank Czech Republic (Prague - Czech Republic)
HVB Bank Slovakia,Bratislava - Slovakia,HVB Bank Slovakia (Bratislava - Slovakia)
HVB Central Profit Banka,Sarajevo - Bosnia-Herzegovina,HVB Central Profit Banka (Sarajevo - Bosnia and Herzegovina)
Hwatai Bank,Taipei - Taiwan,Hwatai Bank (Taipei - Taiwan)
Hyakugo Bank,Tsu - Japan,Hyakugo Bank (Tsu - Japan)
Hyakujushi Bank,Takamatsu - Japan,Hyakujushi Bank (Takamatsu - Japan)
Hyde Park Bancorp,Hyde Park - US,Hyde Park Bancorp (Hyde Park - US)
Hypo Alpe Adria Bank International,Klagenfurt - Austria,Hypo Alpe Adria Bank International (Klagenfurt - Austria)
Hypo Alpe Adria Bank Italy,Unknown - Italy,Hypo Alpe Adria Bank Italy (Unknown - Italy)
Hypo Noe Bank,St Polten - Austria,Hypo Noe Bank (St Polten - Austria)
Hypo Real Estate Holding,Munich - Germany,Hypo Real Estate Holding (Munich - Germany)
Hypo Tirol Bank,Innsbruck - Austria,Hypo Tirol Bank (Innsbruck - Austria)
Hypo Vorarlberg,Bregenz - Austria,Hypo Vorarlberg (Bregenz - Austria)
Hyposwiss Private BankGeneve,Aarau - Switzerland,Hyposwiss Private BankGeneve (Aarau - Switzerland)
Hypothekarbank Lenzburg,Lenzburg - Switzerland,Hypothekarbank Lenzburg (Lenzburg - Switzerland)
Hypothekenbank in Essen,Essen - Germany,Hypothekenbank in Essen (Essen - Germany)
HypoVereinsbank,Munich - Germany,HypoVereinsbank (Munich - Germany)
I&M Group,Nairobi - Kenya,I&M Group (Nairobi - Kenya)
Ibaraki Bank,Mito - Japan,Ibaraki Bank (Mito - Japan)
Ibercaja Banco,Zaragoza - Spain,Ibercaja Banco (Zaragoza - Spain)
Iberiabank Corporation,Lafayette (LA,Iberiabank Corporation (Lafayette (LA) - US)
IBL Bank,Beirut - Lebanon,IBL Bank (Beirut - Lebanon)
IBT Bancorp,Irwin (PA,IBT Bancorp (Irwin (PA) - US)
IC Banka,Prague - Czech Republic,IC Banka (Prague - Czech Republic)
ICB Financial Group Holdings,Schindellegi - Switzerland,ICB Financial Group Holdings (Schindellegi - Switzerland)
ICB Islamic Bank Bangladesh,Dhaka - Bangladesh,ICB Islamic Bank Bangladesh (Dhaka - Bangladesh)
ICB-Banco Internacional de Comercio,Maputo - Mozambique,ICB-Banco Internacional de Comercio (Maputo - Mozambique)
ICCREA Banca,Roma - Italy,ICCREA Banca (Roma - Italy)
ICCRI Banca Federale Europea,Roma - Italy,ICCRI Banca Federale Europea (Roma - Italy)
Icebank,Sparisjodabanki Islands,Icebank (Sparisjodabanki Islands) (Reykjavik - Iceland)
ICICI Bank,Mumbai - India,ICICI Bank (Mumbai - India)
ICICI Bank Eurasia,Moscow - Russia,ICICI Bank Eurasia (Moscow - Russia)
ICICI Bank Sri Lanka,Colombo - Sri Lanka,ICICI Bank Sri Lanka (Colombo - Sri Lanka)
ICICI Bank UK,London - UK,ICICI Bank UK (London - GB)
Ida Grove Bancshares,Ida Grove - US,Ida Grove Bancshares (Ida Grove - US)
Idaho First Bank,McCall (ID,Idaho First Bank (McCall (ID) - US)
IDBank,Yerevan - Armenia,IDBank (Yerevan - Armenia)
IDBI,Mumbai - India,IDBI (Mumbai - India)
Idea Bank,Minsk - Belarus,Idea Bank (Minsk - Belarus)
IDFC FIRST Bank,Chetpet Chennai - India,IDFC FIRST Bank (Chetpet Chennai - India)
iFAST Global Bank,London - UK,iFAST Global Bank (London - GB)
IFCO Bank,Moscow - Russia,IFCO Bank (Moscow - Russia)
IFIC Bank,Dhaka - Bangladesh,IFIC Bank (Dhaka - Bangladesh)
IHAG Privatbank,Zurich - Switzerland,IHAG Privatbank (Zurich - Switzerland)
IIG Bank Malta,Gzira - Malta,IIG Bank Malta (Gzira - Malta)
IKB Deutsche Industriebank,Düsseldorf - Germany,IKB Deutsche Industriebank (Düsseldorf - Germany)
Illimity Bank,Milano - Italy,Illimity Bank (Milano - Italy)
IMB Bank,Wollongong - Australia,IMB Bank (Wollongong - Australia)
Imex Banka,Split - Croatia,Imex Banka (Split - Croatia)
Imexbank,Odessa - Ukraine,Imexbank (Odessa - Ukraine)
IMI Bank Luxembourg,Luxembourg - Luxembourg,IMI Bank Luxembourg (Luxembourg - Luxembourg)
Imperial Bancorp,Inglewood - US,Imperial Bancorp (Inglewood - US)
Imperial Bank,Nairobi - Kenya,Imperial Bank (Nairobi - Kenya)
Imperial Capital Bank,La Jolla (CA,Imperial Capital Bank (La Jolla (CA) - US)
Import Export Bank,Moscow - Russia,Import Export Bank (Moscow - Russia)
INB Financial Corporation,McAllen (TX,INB Financial Corporation (McAllen (TX) - US)
IncredibleBank,Wausau (WI,IncredibleBank (Wausau (WI) - US)
Indebank,Blantyre - Malawi,Indebank (Blantyre - Malawi)
Independence Bancshares,Owensboro - US,Independence Bancshares (Owensboro - US)
Independence Community Bank Corp,New York (NY,Independence Community Bank Corp (New York (NY) - US)
Independence Community Bank Corp,New York (NY,Independence Community Bank Corp (New York (NY) - US)
Independent Alliance Banks,Fort Wayne (IN,Independent Alliance Banks (Fort Wayne (IN) - US)
Independent Bank Corp,Rockland (MA,Independent Bank Corp (Rockland (MA) - US)
Independent Bank Corporation,Ionia (MI,Independent Bank Corporation (Ionia (MI) - US)
Independent Bank Group,Mckinney - US,Independent Bank Group (Mckinney - US)
Independent Bankers Financial Corporation,Irving (TX,Independent Bankers Financial Corporation (Irving (TX) - US)
Independent Holdings,Memphis (TN,Independent Holdings (Memphis (TN) - US)
India International Bank Malaysia,Kuala Lumpur - Malaysia,India International Bank Malaysia (Kuala Lumpur - Malaysia)
India Post Payments Bank,New Delhi - India,India Post Payments Bank (New Delhi - India)
Indian Bank,Chennai - India,Indian Bank (Chennai - India)
Indian Overseas Bank,Chennai - India,Indian Overseas Bank (Chennai - India)
Indiana Community Bancorp,Columbus (IN,Indiana Community Bancorp (Columbus (IN) - US)
Indo Zambia Bank,Lusaka - Zambia,Indo Zambia Bank (Lusaka - Zambia)
Indover Bank,Amsterdam - Netherlands,Indover Bank (Amsterdam - Netherlands)
Indovina Bank,Ho Chi Minh City - Vietnam,Indovina Bank (Ho Chi Minh City - Vietnam)
IndusInd Bank,Mumbai - India,IndusInd Bank (Mumbai - India)
Industra Bank,Riga - Latvia,Industra Bank (Riga - Latvia)
Industrial and Commercial Bank,Singapore - Singapore,Industrial and Commercial Bank (Singapore - Singapore)
Industrial and Commercial Bank of China,Beijing - China,Industrial and Commercial Bank of China (Beijing - China)
Industrial and Commercial Bank of China Argentina,Buenos Aires - Argentina,Industrial and Commercial Bank of China Argentina (Buenos Aires - Argentina)
Industrial and Commercial Bank of China Asia,Hong Kong - Hong Kong,Industrial and Commercial Bank of China Asia (Hong Kong - Hong Kong S.A.R.)
Industrial and Commercial Bank of China Brazil,Aracaju - Brazil,Industrial and Commercial Bank of China Brazil (Aracaju - Brazil)
Industrial and Commercial Bank of China Cambodia,Phnom Penh - Cambodia,Industrial and Commercial Bank of China Cambodia (Phnom Penh - Cambodia)
Industrial and Commercial Bank of China Canada,Toronto - Canada,Industrial and Commercial Bank of China Canada (Toronto - Canada)
Industrial and Commercial Bank of China India,Mumbai - India,Industrial and Commercial Bank of China India (Mumbai - India)
Industrial and Commercial Bank of China Indonesia,Jakarta - Indonesia,Industrial and Commercial Bank of China Indonesia (Jakarta - Indonesia)
Industrial and Commercial Bank of China Kazakhstan,Almaty - Kazakhstan,Industrial and Commercial Bank of China Kazakhstan (Almaty - Kazakhstan)
Industrial and Commercial Bank of China London,London - UK,Industrial and Commercial Bank of China London (London - GB)
Industrial and Commercial Bank of China Macau,Macau - Macau,Industrial and Commercial Bank of China Macau (Macau - Macau S.A.R.)
Industrial and Commercial Bank of China Malaysia,Kuala Lumpur - Malaysia,Industrial and Commercial Bank of China Malaysia (Kuala Lumpur - Malaysia)
Industrial and Commercial Bank of China Mexico,Mexico City - Mexico,Industrial and Commercial Bank of China Mexico (Mexico City - Mexico)
Industrial and Commercial Bank of China Pakistan,Karachi - Pakistan,Industrial and Commercial Bank of China Pakistan (Karachi - Pakistan)
Industrial and Commercial Bank of China Panama,Panama City - Panama,Industrial and Commercial Bank of China Panama (Panama City - Panama)
Industrial and Commercial Bank of China Peru,San Isidro - Peru,Industrial and Commercial Bank of China Peru (San Isidro - Peru)
Industrial and Commercial Bank of China Thailand,Bangkok - Thailand,Industrial and Commercial Bank of China Thailand (Bangkok - Thailand)
Industrial and Commercial Bank of China Turkey,Istanbul - Turkey,Industrial and Commercial Bank of China Turkey (Istanbul - Turkey)
Industrial and Commercial Bank of China UK,London - UK,Industrial and Commercial Bank of China UK (London - GB)
Industrial and Commercial Bank of China USA,New York (NY,Industrial and Commercial Bank of China USA (New York (NY) - US)
Industrial and Export Bank of Tajikistan,Dushanbe - Tajikistan,Industrial and Export Bank of Tajikistan (Dushanbe - Tajikistan)
Industrial Bank,Fuzhou - China,Industrial Bank (Fuzhou - China)
Industrial Bank of Korea,Seoul - South Korea,Industrial Bank of Korea (Seoul - South Korea)
Industrial Bank of Korea Indonesia,Jakarta - Indonesia,Industrial Bank of Korea Indonesia (Jakarta - Indonesia)
Industrial Bank of Kuwait,Safat - Kuwait,Industrial Bank of Kuwait (Safat - Kuwait)
Industrial Development and Workers Bank of Egypt,Cairo - Egypt,Industrial Development and Workers Bank of Egypt (Cairo - Egypt)
Industrial Saving Bank,Moscow - Russia,Industrial Saving Bank (Moscow - Russia)
Industrialbank,Zaporizhia - Ukraine,Industrialbank (Zaporizhia - Ukraine)
Industry Bancshares,Industry - US,Industry Bancshares (Industry - US)
Industry Bank,Vilnius - Lithuania,Industry Bank (Vilnius - Lithuania)
Indymac Bancorp,Pasadena (CA,Indymac Bancorp (Pasadena (CA) - US)
InecoBank,Yerevan - Armenia,InecoBank (Yerevan - Armenia)
ING Bank Australia,Sydney - Australia,ING Bank Australia (Sydney - Australia)
ING Bank Belgium,Brussels - Belgium,ING Bank Belgium (Brussels - Belgium)
ING Bank Brazil,São Paulo - Brazil,ING Bank Brazil (São Paulo - Brazil)
ING Bank Bulgaria,Sofia - Bulgaria,ING Bank Bulgaria (Sofia - Bulgaria)
ING Bank Eurasia,Moscow - Russia,ING Bank Eurasia (Moscow - Russia)
ING Bank Hungary,Budapest - Hungary,ING Bank Hungary (Budapest - Hungary)
ING Bank Luxembourg,Luxembourg - Luxembourg,ING Bank Luxembourg (Luxembourg - Luxembourg)
ING Bank Mexico,Mexico City - Mexico,ING Bank Mexico (Mexico City - Mexico)
ING Bank Slaski,Katowice - Poland,ING Bank Slaski (Katowice - Poland)
ING Bank Turkey,Istanbul - Turkey,ING Bank Turkey (Istanbul - Turkey)
ING Bank Ukraine,Kiev - Ukraine,ING Bank Ukraine (Kiev - Ukraine)
ING DiBa,Frankfurt am Main - Germany,ING DiBa (Frankfurt am Main - Germany)
ING Group,Amsterdam - Netherlands,ING Group (Amsterdam - Netherlands)
ING Vysya Bank,Bangalore - India,ING Vysya Bank (Bangalore - India)
Ingosstrakh Bank,Moscow - Russia,Ingosstrakh Bank (Moscow - Russia)
Inkasbank,St Petersburg - Russia,Inkasbank (St Petersburg - Russia)
Inland Bancorp,Oak Brook (IL,Inland Bancorp (Oak Brook (IL) - US)
Insinger de Beaufort,Luxembourg - Luxembourg,Insinger de Beaufort (Luxembourg - Luxembourg)
Instituto Municipal de Credito Popular,Caracas - Venezuela,Instituto Municipal de Credito Popular (Caracas - Venezuela)
Integra Bank Corp,Evansville (IN,Integra Bank Corp (Evansville (IN) - US)
Integra Financial Corp,Pittsburgh (PA,Integra Financial Corp (Pittsburgh (PA) - US)
Integral Bank,Kiev - Ukraine,Integral Bank (Kiev - Ukraine)
Integrity Bank for Business,Virginia Beach (VA|,Integrity Bank for Business (Virginia Beach (VA|) - US)
Inteligo Bank,Nassau - Bahamas,Inteligo Bank (Nassau - Bahamas)
Inteligo Bank Panama,Panama City - Panama,Inteligo Bank Panama (Panama City - Panama)
Inter Mountain Bancorp,Bozeman (MT,Inter Mountain Bancorp (Bozeman (MT) - US)
Interbanco,Asunción - Paraguay,Interbanco (Asunción - Paraguay)
Interbank,Kiev - Ukraine,Interbank (Kiev - Ukraine)
Interbank Burundi,Bujumbra - Burundi,Interbank Burundi (Bujumbra - Burundi)
Intercam Banco,Mexico City - Mexico,Intercam Banco (Mexico City - Mexico)
Interchange Financial Services Corporation,Saddle Brook (NJ,Interchange Financial Services Corporation (Saddle Brook (NJ) - US)
Intercommerz Bank,Moscow - Russia,Intercommerz Bank (Moscow - Russia)
Intercontinental Bank,Lagos - Nigeria,Intercontinental Bank (Lagos - Nigeria)
Intercontinental Bank Ghana,Accra - Ghana,Intercontinental Bank Ghana (Accra - Ghana)
InterEuropa Bank,Budapest - Hungary,InterEuropa Bank (Budapest - Hungary)
Intermountain Community Bancorp,Seattle (WA,Intermountain Community Bancorp (Seattle (WA) - US)
Internacionalna Privatna Banka,Skopje - Macedonia,Internacionalna Privatna Banka (Skopje - Macedonia)
Internationa Maghreb Merchant Bank,Tunis - Tunisia,Internationa Maghreb Merchant Bank (Tunis - Tunisia)
International Asset Bank,Sofia - Bulgaria,International Asset Bank (Sofia - Bulgaria)
International Bancshares Corp,Laredo (TX,International Bancshares Corp (Laredo (TX) - US)
International Bank for Trade and Finance,Damascus - Syria,International Bank for Trade and Finance (Damascus - Syria)
International Bank Liberia,Monrovia - Liberia,International Bank Liberia (Monrovia - Liberia)
International Bank of Azerbaijan,IBA,International Bank of Azerbaijan (IBA) (Baku - Azerbaijan)
International Bank of Azerbaijan Moscow,Moscow - Russia,International Bank of Azerbaijan Moscow (Moscow - Russia)
International Bank of Economic Cooperation,Minsk - Belarus,International Bank of Economic Cooperation (Minsk - Belarus)
International Bank of Qatar,Doha - Qatar,International Bank of Qatar (Doha - Qatar)
International Bank of St Petersburg,St Petersburg - Russia,International Bank of St Petersburg (St Petersburg - Russia)
International Bank of Taipei,Taipei - Taiwan,International Bank of Taipei (Taipei - Taiwan)
International Bank of Yemen,Sana`a - Yemen,International Bank of Yemen (Sana`a - Yemen)
International Banking Corporation,Manama - Bahrain,International Banking Corporation (Manama - Bahrain)
International Commerce Bank,Kiev - Ukraine,International Commerce Bank (Kiev - Ukraine)
International Commercial Bank Albania,Tirana - Albania,International Commercial Bank Albania (Tirana - Albania)
International Commercial Bank Djibouti,Rue D’Ethiopie - Djibouti,International Commercial Bank Djibouti (Rue D’Ethiopie - Djibouti)
International Commercial Bank Gambia,Banjul - Gambia,International Commercial Bank Gambia (Banjul - Gambia The)
International Commercial Bank Guinea,Conakry - Guinea,International Commercial Bank Guinea (Conakry - Guinea)
International Commercial Bank Malawi,Blantyre - Malawi,International Commercial Bank Malawi (Blantyre - Malawi)
International Commercial Bank Senegal,Dakar - Senegal,International Commercial Bank Senegal (Dakar - Senegal)
International Commercial Bank Sierra Leone,Freetown - Sierra Leone,International Commercial Bank Sierra Leone (Freetown - Sierra Leone)
International Commercial Bank Tanzania,Dar Es Salaam - Tanzania,International Commercial Bank Tanzania (Dar Es Salaam - Tanzania)
International Development Bank of Iraq,Baghdad - Iraq,International Development Bank of Iraq (Baghdad - Iraq)
International Industrial Bank,Moscow - Russia,International Industrial Bank (Moscow - Russia)
international investment bank,Praia - Cape Verde,international investment bank (Praia - Cape Verde)
International Islamic Bank,Baghdad - Iraq,International Islamic Bank (Baghdad - Iraq)
International Joint Stock Bank,Moscow - Russia,International Joint Stock Bank (Moscow - Russia)
International Trade Bank,ITB,International Trade Bank (ITB) (Yerevan - Armenia)
International Union Bank,Panama City - Panama,International Union Bank (Panama City - Panama)
InterProgressBank,Moscow - Russia,InterProgressBank (Moscow - Russia)
Interregional Investment Bank,Moscow - Russia,Interregional Investment Bank (Moscow - Russia)
Intervest Bancshares Corporation,New York (NY,Intervest Bancshares Corporation (New York (NY) - US)
Intesa Sanpaolo,Turin - Italy,Intesa Sanpaolo (Turin - Italy)
Intesa Sanpaolo Bank Albania,Tirana - Albania,Intesa Sanpaolo Bank Albania (Tirana - Albania)
Intesa Sanpaolo Bank Brasil,São Paulo - Brazil,Intesa Sanpaolo Bank Brasil (São Paulo - Brazil)
Intesa Sanpaolo Bank Ireland,Dublin - Ireland,Intesa Sanpaolo Bank Ireland (Dublin - Ireland)
Intesa Sanpaolo Bank Luxembourg,Luxembourg - Luxembourg,Intesa Sanpaolo Bank Luxembourg (Luxembourg - Luxembourg)
Intesa Sanpaolo Bank Romania,Arad - Romania,Intesa Sanpaolo Bank Romania (Arad - Romania)
Intesa Sanpaolo Bank Slovenia,Koper - Slovenia,Intesa Sanpaolo Bank Slovenia (Koper - Slovenia)
Intesa Sanpaolo Banka Bosnia/Herzegovina,Sarajevo - Bosnia-Herzegovina,Intesa Sanpaolo Banka Bosnia/Herzegovina (Sarajevo - Bosnia and Herzegovina)
Intrust Financial Corp,Wichita (KS,Intrust Financial Corp (Wichita (KS) - US)
InverUnion Banco,Caracas - Venezuela,InverUnion Banco (Caracas - Venezuela)
Invest Bank,Sharjah - United Arab Emirates,Invest Bank (Sharjah - United Arab Emirates)
Invest Bank Montenegro,Pljevlja - Montenegro,Invest Bank Montenegro (Pljevlja - Montenegro)
Invest Finance Bank,Tashkent - Uzbekistan,Invest Finance Bank (Tashkent - Uzbekistan)
Investbank,Odessa - Ukraine,Investbank (Odessa - Ukraine)
Investbank,Sofia - Bulgaria,Investbank (Sofia - Bulgaria)
Investbank,Kaliningrad - Russia,Investbank (Kaliningrad - Russia)
Investcorp Bank,Manama - Bahrain,Investcorp Bank (Manama - Bahrain)
Investec Bank,London - UK,Investec Bank (London - GB)
Investec Bank Australia,Sydney - Australia,Investec Bank Australia (Sydney - Australia)
Investec Bank Mauritius,Port Louis - Mauritius,Investec Bank Mauritius (Port Louis - Mauritius)
Investec Bank Switzerland,Zurich - Switzerland,Investec Bank Switzerland (Zurich - Switzerland)
Investec South Africa,Sandton - South Africa,Investec South Africa (Sandton - South Africa)
Investicijska Banka Federacije BiH,Sarajevo - Bosnia-Herzegovina,Investicijska Banka Federacije BiH (Sarajevo - Bosnia and Herzegovina)
Investicni a Postovni banka,Prague - Czech Republic,Investicni a Postovni banka (Prague - Czech Republic)
Investitsionno Kreditny Bank,Balabanovo - Russia,Investitsionno Kreditny Bank (Balabanovo - Russia)
Investkredit,Vienna - Austria,Investkredit (Vienna - Austria)
Investment Cooperative Bank,Kazan - Russia,Investment Cooperative Bank (Kazan - Russia)
Investment Trade Bank,Moscow - Russia,Investment Trade Bank (Moscow - Russia)
Investments & Mortgages Bank Kenya,Nairobi - Kenya,Investments & Mortgages Bank Kenya (Nairobi - Kenya)
Investments & Mortgages Bank Rwanda,Kigali - Rwanda,Investments & Mortgages Bank Rwanda (Kigali - Rwanda)
Investments & Mortgages Bank Tanzania,Dar Es Salaam - Tanzania,Investments & Mortgages Bank Tanzania (Dar Es Salaam - Tanzania)
Investments & Mortgages Bank Uganda,Kampala - Uganda,Investments & Mortgages Bank Uganda (Kampala - Uganda)
Investors Bancorp,Short Hills (NJ,Investors Bancorp (Short Hills (NJ) - US)
Investors Community Bank,Appleton (WI,Investors Community Bank (Appleton (WI) - US)
Investors Financial Services Corporation,Boston (MA,Investors Financial Services Corporation (Boston (MA) - US)
Investprivatbank,Chisinau - Moldova,Investprivatbank (Chisinau - Moldova)
Investrust Bank,Lusaka - Zambia,Investrust Bank (Lusaka - Zambia)
Investsberbank,Moscow - Russia,Investsberbank (Moscow - Russia)
Inwood Bancshares,Dallas (TX,Inwood Bancshares (Dallas (TX) - US)
ION Bank,Naugatuck (CT,ION Bank (Naugatuck (CT) - US)
Ipak Yuli Bank,Tashkent - Uzbekistan,Ipak Yuli Bank (Tashkent - Uzbekistan)
Ipar Kutxa,Bilbao - Spain,Ipar Kutxa (Bilbao - Spain)
Ipoteka Bank,Tashkent - Uzbekistan,Ipoteka Bank (Tashkent - Uzbekistan)
IPPA Bank,Brussels - Belgium,IPPA Bank (Brussels - Belgium)
Iraq Noor Islamic Bank,Baghdad - Iraq,Iraq Noor Islamic Bank (Baghdad - Iraq)
Iraqi Islamic Bank for Investment & Development,Baghdad - Iraq,Iraqi Islamic Bank for Investment & Development (Baghdad - Iraq)
Irish Bank Resolution Corporation,IBRC,Irish Bank Resolution Corporation (IBRC) (Dublin - Ireland)
Ironhorse Financial Group,Muskogee - US,Ironhorse Financial Group (Muskogee - US)
Irwin Financial Corporation,Columbus (IN,Irwin Financial Corporation (Columbus (IN) - US)
Isabella Bank Corporation,Mount Pleasant (MI,Isabella Bank Corporation (Mount Pleasant (MI) - US)
Isbank,Moscow - Russia,Isbank (Moscow - Russia)
Ishikawa Bank,Kanazawa - Japan,Ishikawa Bank (Kanazawa - Japan)
Islami Bank Bangladesh PLC,Dhaka - Bangladesh,Islami Bank Bangladesh PLC (Dhaka - Bangladesh)
Islamic Bank of Afghanistan,Kabul - Afghanistan,Islamic Bank of Afghanistan (Kabul - Afghanistan)
Islamic Bank of Thailand,Bangkok - Thailand,Islamic Bank of Thailand (Bangkok - Thailand)
Islamic International Arab Bank,Amman - Jordan,Islamic International Arab Bank (Amman - Jordan)
Islandsbanki,Reykjavik - Iceland,Islandsbanki (Reykjavik - Iceland)
Israel Discount Bank,Tel Aviv - Israel,Israel Discount Bank (Tel Aviv - Israel)
Israel Discount Bank of New York,New York (NY,Israel Discount Bank of New York (New York (NY) - US)
Istarska Kreditna Banka Umag,Umag - Croatia,Istarska Kreditna Banka Umag (Umag - Croatia)
Italian Albanian Bank,Tirana - Albania,Italian Albanian Bank (Tirana - Albania)
Italian Development Bank,Tirana - Albania,Italian Development Bank (Tirana - Albania)
Itasca Bancorp,Itasca (IL,Itasca Bancorp (Itasca (IL) - US)
Itau Bank Panama,Panama City - Panama,Itau Bank Panama (Panama City - Panama)
Itau BBA International,London - UK,Itau BBA International (London - GB)
Itau Corpbanca,Santiago - Chile,Itau Corpbanca (Santiago - Chile)
Itau Unibanco Holding,São Paulo - Brazil,Itau Unibanco Holding (São Paulo - Brazil)
Ithmaar Bank,Manama - Bahrain,Ithmaar Bank (Manama - Bahrain)
Iyogin Holdings,Matsuyama - Japan,Iyogin Holdings (Matsuyama - Japan)
Izola Bank,Valletta - Malta,Izola Bank (Valletta - Malta)
J Safra Sarasin Holding,Zurich - Switzerland,J Safra Sarasin Holding (Zurich - Switzerland)
J Trust Royal Bank,Phnom Penh - Cambodia,J Trust Royal Bank (Phnom Penh - Cambodia)
J&T Bank Russia,Moscow - Russia,J&T Bank Russia (Moscow - Russia)
J&T Banka,Prague - Czech Republic,J&T Banka (Prague - Czech Republic)
J&T Banka Croatia,Varazdin - Croatia,J&T Banka Croatia (Varazdin - Croatia)
Jadranska Banka,Sibenik - Croatia,Jadranska Banka (Sibenik - Croatia)
Jaiz Bank,Abuja - Nigeria,Jaiz Bank (Abuja - Nigeria)
Jammal Trust Bank,Beirut - Lebanon,Jammal Trust Bank (Beirut - Lebanon)
Jammu & Kashmir Bank,Srinagar - India,Jammu & Kashmir Bank (Srinagar - India)
Jamuna Bank,Dhaka - Bangladesh,Jamuna Bank (Dhaka - Bangladesh)
Janata Bank,Dhaka - Bangladesh,Janata Bank (Dhaka - Bangladesh)
Japan Net Bank,Tokyo - Japan,Japan Net Bank (Tokyo - Japan)
Japan Post Bank,Tokyo - Japan,Japan Post Bank (Tokyo - Japan)
JB Financial Group,Jeollabuk-Do - South Korea,JB Financial Group (Jeollabuk-Do - South Korea)
Jeffbanks,Haverford - US,Jeffbanks (Haverford - US)
Jefferson Bancshares,San Antonio (TX,Jefferson Bancshares (San Antonio (TX) - US)
Jefferson Bancshares,Charlottesville - US,Jefferson Bancshares (Charlottesville - US)
Jeffersonville Bancorp,Jeffersonville (NY,Jeffersonville Bancorp (Jeffersonville (NY) - US)
Jeonbuk Bank,Jeollabuk-Do - South Korea,Jeonbuk Bank (Jeollabuk-Do - South Korea)
Jiangmen Rural Commercial Bank,Jiangmen - China,Jiangmen Rural Commercial Bank (Jiangmen - China)
Jiangmen Xinhui Rural Commercial Bank,Jiangmen - China,Jiangmen Xinhui Rural Commercial Bank (Jiangmen - China)
Jiangsu Changshu Rural Commercial Bank,Changshu - China,Jiangsu Changshu Rural Commercial Bank (Changshu - China)
Jiangsu Jiangnan Rural Commercial,Wujin - China,Jiangsu Jiangnan Rural Commercial (Wujin - China)
Jiangsu Jiangnan Rural Commercial Bank,Jiangsu - China,Jiangsu Jiangnan Rural Commercial Bank (Jiangsu - China)
Jiangsu Jiangyin Rural Commercial Bank,Jiangyin City - China,Jiangsu Jiangyin Rural Commercial Bank (Jiangyin City - China)
Jiangsu Kunshan Rural Commercial Bank,Kunshan - China,Jiangsu Kunshan Rural Commercial Bank (Kunshan - China)
Jiangsu Sushang Bank,Nanjing - China,Jiangsu Sushang Bank (Nanjing - China)
Jiangsu Yancheng Huanghai Rural Commercial Bank,Anshan - China,Jiangsu Yancheng Huanghai Rural Commercial Bank (Anshan - China)
Jiangsu Zhangjiagang Rural Commercial Bank,Zhangjiagang - China,Jiangsu Zhangjiagang Rural Commercial Bank (Zhangjiagang - China)
Jiangsu Zijin Rural Commercial Bank,Nanjing - China,Jiangsu Zijin Rural Commercial Bank (Nanjing - China)
Jiangxi Bank,Nanchang - China,Jiangxi Bank (Nanchang - China)
Jiaozuo City Commercial Bank,Jiaozuo - China,Jiaozuo City Commercial Bank (Jiaozuo - China)
Jibun Bank,Tokyo - Japan,Jibun Bank (Tokyo - Japan)
Jih Sun International Bank,Taipei - Taiwan,Jih Sun International Bank (Taipei - Taiwan)
Jilin Jiutai Rural Commercial Bank,Jiutai - China,Jilin Jiutai Rural Commercial Bank (Jiutai - China)
Jimoto Holdings,Sendai - Japan,Jimoto Holdings (Sendai - Japan)
Jincheng Bank,Jincheng - China,Jincheng Bank (Jincheng - China)
Jingzhou City Commercial Bank,Jingzhou - China,Jingzhou City Commercial Bank (Jingzhou - China)
Jining City Commercial Bank,Jining - China,Jining City Commercial Bank (Jining - China)
Jinshang Bank,Shanxi - China,Jinshang Bank (Shanxi - China)
Jinzhou City Commercial Bank,Jinzhou - China,Jinzhou City Commercial Bank (Jinzhou - China)
Jiujiang City Commercial Bank,Jiujiang - China,Jiujiang City Commercial Bank (Jiujiang - China)
JMMB Bank Trinidad & Tobago,Chaguanas - Trinidad and Tobago,JMMB Bank Trinidad & Tobago (Chaguanas - Trinidad and Tobago)
JMMB Merchant Bank,Kingston - Jamaica,JMMB Merchant Bank (Kingston - Jamaica)
JN Bank,Kingston - Jamaica,JN Bank (Kingston - Jamaica)
John Hancock Holdings,Wilmington (DE,John Hancock Holdings (Wilmington (DE) - US)
Johnan Shinkin Bank,Tokyo - Japan,Johnan Shinkin Bank (Tokyo - Japan)
Johnson Financial Group,Racine (WI,Johnson Financial Group (Racine (WI) - US)
Jordan Ahli Bank,Amman - Jordan,Jordan Ahli Bank (Amman - Jordan)
Jordan Commercial Bank,Amman - Jordan,Jordan Commercial Bank (Amman - Jordan)
Jordan International Bank,London - UK,Jordan International Bank (London - GB)
Jordan Islamic Bank,Amman - Jordan,Jordan Islamic Bank (Amman - Jordan)
Jordan Kuwait Bank,Amman - Jordan,Jordan Kuwait Bank (Amman - Jordan)
Joyo Bank,Mito - Japan,Joyo Bank (Mito - Japan)
JP Morgan & Co,New York (NY,JP Morgan & Co (New York (NY) - US)
JP Morgan Chase & Co,New York (NY,JP Morgan Chase & Co (New York (NY) - US)
JP Morgan Chase Bank Argentina,Buenos Aires - Argentina,JP Morgan Chase Bank Argentina (Buenos Aires - Argentina)
JP Morgan Chase Bank Chile,Santiago - Chile,JP Morgan Chase Bank Chile (Santiago - Chile)
JP Morgan Chase bank Indonesia,Jakarta - Indonesia,JP Morgan Chase bank Indonesia (Jakarta - Indonesia)
JP Morgan Chase Bank Malaysia,Kuala Lumpur - Malaysia,JP Morgan Chase Bank Malaysia (Kuala Lumpur - Malaysia)
JP Morgan Chase Bank Mexico,Mexico City - Mexico,JP Morgan Chase Bank Mexico (Mexico City - Mexico)
JP Morgan Chase Bank Thailand,Bangkok - Thailand,JP Morgan Chase Bank Thailand (Bangkok - Thailand)
JP Morgan Chase Bank Turkey,Istanbul - Turkey,JP Morgan Chase Bank Turkey (Istanbul - Turkey)
JP Morgan Colombia,Bogotá D.C. - Colombia,JP Morgan Colombia (Bogotá D.C. - Colombia)
JP Morgan Germany,Frankfurt am Main - Germany,JP Morgan Germany (Frankfurt am Main - Germany)
JP Morgan International Bank,London - UK,JP Morgan International Bank (London - GB)
JP Morgan International Bank Russia,Moscow - Russia,JP Morgan International Bank Russia (Moscow - Russia)
JS Bank,Karachi - Pakistan,JS Bank (Karachi - Pakistan)
JSIB AcademKhimBank,Moscow - Russia,JSIB AcademKhimBank (Moscow - Russia)
Judo Bank,Melbourne - Australia,Judo Bank (Melbourne - Australia)
Jugobanka AD Beograd,Belgrade - Serbia,Jugobanka AD Beograd (Belgrade - Serbia)
Jugobanka DD Beograd,Belgrade - Serbia,Jugobanka DD Beograd (Belgrade - Serbia)
Jugra Bank,Megion - Russia,Jugra Bank (Megion - Russia)
Julian Hodge Bank,Cardiff - UK,Julian Hodge Bank (Cardiff - GB)
Julius Baer Group,Zurich - Switzerland,Julius Baer Group (Zurich - Switzerland)
Juroku Bank,Gifu - Japan,Juroku Bank (Gifu - Japan)
Jyske Bank,Silkeborg	- Denmark,Jyske Bank (Silkeborg	- Denmark)
K Bank,Seoul - South Korea,K Bank (Seoul - South Korea)
Kagawa Bank,Takamatsu - Japan,Kagawa Bank (Takamatsu - Japan)
Kagoshima Bank,Kagoshima - Japan,Kagoshima Bank (Kagoshima - Japan)
KakaoBank,Seongnam - South Korea,KakaoBank (Seongnam - South Korea)
Kaluga Bank,Kaluga - Russia,Kaluga Bank (Kaluga - Russia)
Kanagawa Bank,Yokohama - Japan,Kanagawa Bank (Yokohama - Japan)
Kanbawza Bank,Yangon - Myanmar,Kanbawza Bank (Yangon - Myanmar)
Kansai Sawayaka Bank,Osaka - Japan,Kansai Sawayaka Bank (Osaka - Japan)
Kansai Urban Banking Corporation,Osaka - Japan,Kansai Urban Banking Corporation (Osaka - Japan)
Kansas Natural Gas,Hays (KS,Kansas Natural Gas (Hays (KS) - US)
Kansas State Bank of Manhattan,Manhattan (KS,Kansas State Bank of Manhattan (Manhattan (KS) - US)
Kapital Bank,Baku - Azerbaijan,Kapital Bank (Baku - Azerbaijan)
KapitalBank,Tashkent - Uzbekistan,KapitalBank (Tashkent - Uzbekistan)
Karafarin Bank,Tehran - Iran,Karafarin Bank (Tehran - Iran)
Karlovacka Banka,Karlovac - Croatia,Karlovacka Banka (Karlovac - Croatia)
Karnataka Bank,Mangalore - India,Karnataka Bank (Mangalore - India)
Karntner Sparkasse,Klagenfurt - Austria,Karntner Sparkasse (Klagenfurt - Austria)
Karur Vysya Bank,Karur - India,Karur Vysya Bank (Karur - India)
Kas Bank,Amsterdam - Netherlands,Kas Bank (Amsterdam - Netherlands)
KASB Bank,Karachi - Pakistan,KASB Bank (Karachi - Pakistan)
Kasikornbank,Bangkok - Thailand,Kasikornbank (Bangkok - Thailand)
Kaspi Bank,Almaty - Kazakhstan,Kaspi Bank (Almaty - Kazakhstan)
Kaupthing Bank,Reykjavik - Iceland,Kaupthing Bank (Reykjavik - Iceland)
Kaupthing Bank,Reykjavik - Iceland,Kaupthing Bank (Reykjavik - Iceland)
Kaupthing Bank Sverige,Stockholm - Sweden,Kaupthing Bank Sverige (Stockholm - Sweden)
Kauthar Bank,Baku - Azerbaijan,Kauthar Bank (Baku - Azerbaijan)
Kazakhstan Ziraat International Bank,Almaty - Kazakhstan,Kazakhstan Ziraat International Bank (Almaty - Kazakhstan)
Kazinvestbank,Almaty - Kazakhstan,Kazinvestbank (Almaty - Kazakhstan)
Kazkommertsbank,Almaty - Kazakhstan,Kazkommertsbank (Almaty - Kazakhstan)
Kazkommertsbank Kyrgyzstan,Bishkek - Kyrgyzstan,Kazkommertsbank Kyrgyzstan (Bishkek - Kyrgyzstan)
KB Bank,Jakarta - Indonesia,KB Bank (Jakarta - Indonesia)
KB Bukopin Sharia,Jakarta - Indonesia,KB Bukopin Sharia (Jakarta - Indonesia)
KB Financial Group,Seoul - South Korea,KB Financial Group (Seoul - South Korea)
KBC Bank Bulgaria,Sofia - Bulgaria,KBC Bank Bulgaria (Sofia - Bulgaria)
KBC Bank Ireland,Dublin - Ireland,KBC Bank Ireland (Dublin - Ireland)
KBC Group,Brussels - Belgium,KBC Group (Brussels - Belgium)
KBS Banka,Maribor - Slovenia,KBS Banka (Maribor - Slovenia)
KCB Group,Nairobi - Kenya,KCB Group (Nairobi - Kenya)
KCB South Sudan,Khartoum - Sudan,KCB South Sudan (Khartoum - Sudan)
Kearny Bank,Fairfield - US,Kearny Bank (Fairfield - US)
KEB Hana Bank Canada,Toronto - Canada,KEB Hana Bank Canada (Toronto - Canada)
KEB Hana Bank Indonesia,Jakarta - Indonesia,KEB Hana Bank Indonesia (Jakarta - Indonesia)
KEB Hana Bank Panama,Panama City - Panama,KEB Hana Bank Panama (Panama City - Panama)
KEB Hana Bank USA,Fort Lee (NJ,KEB Hana Bank USA (Fort Lee (NJ) - US)
Keiyo Bank,Chiba - Japan,Keiyo Bank (Chiba - Japan)
Kemerovo Bank,Kemerovo - Russia,Kemerovo Bank (Kemerovo - Russia)
Kentucky Bank,Lexington (KY,Kentucky Bank (Lexington (KY) - US)
Keppel Tatlee Bank,Singapore - Singapore,Keppel Tatlee Bank (Singapore - Singapore)
Keremet Bank,Bishkek - Kyrgyzstan,Keremet Bank (Bishkek - Kyrgyzstan)
Kereskedelmi es Hitelbank Bank,Budapest - Hungary,Kereskedelmi es Hitelbank Bank (Budapest - Hungary)
KeyCorp,Cleveland (OH,KeyCorp (Cleveland (OH) - US)
Keystone Bank,Lagos - Nigeria,Keystone Bank (Lagos - Nigeria)
Keystone Financial,Harrisburg (PA,Keystone Financial (Harrisburg (PA) - US)
KGI Bank,Taipei - Taiwan,KGI Bank (Taipei - Taiwan)
Khaleeji Commercial Bank,Manama - Bahrain,Khaleeji Commercial Bank (Manama - Bahrain)
Khan Bank of Mongolia,Ulaanbataar - Mongolia,Khan Bank of Mongolia (Ulaanbataar - Mongolia)
Khanty-Mansiysk Bank,Khanty-Mansiysk - Russia,Khanty-Mansiysk Bank (Khanty-Mansiysk - Russia)
Khushhali Bank,Islamabad - Pakistan,Khushhali Bank (Islamabad - Pakistan)
Kiatnakin Bank,Bangkok - Thailand,Kiatnakin Bank (Bangkok - Thailand)
Kienlong Bank,Rach Gia City - Vietnam,Kienlong Bank (Rach Gia City - Vietnam)
Kincheng Banking Corp,Hong Kong - Hong Kong,Kincheng Banking Corp (Hong Kong - Hong Kong S.A.R.)
Kingdom Bank,Nottingham - UK,Kingdom Bank (Nottingham - GB)
Kingdom Bank,Nairobi - Kenya,Kingdom Bank (Nairobi - Kenya)
Kingdom Bank,Harare - Zimbabwe,Kingdom Bank (Harare - Zimbabwe)
King's Town Bank,Tainan - Taiwan,King's Town Bank (Tainan - Taiwan)
Kinki Osaka Bank,Osaka - Japan,Kinki Osaka Bank (Osaka - Japan)
Kirayaka Bank,Yamagata (Yamagata,Kirayaka Bank (Yamagata (Yamagata) - Japan)
Kish Bank,Belleville (PA,Kish Bank (Belleville (PA) - US)
Kislak Financial Corporation,Miami Lakes (FL,Kislak Financial Corporation (Miami Lakes (FL) - US)
KIT Finance Investment Bank,St Petersburg - Russia,KIT Finance Investment Bank (St Petersburg - Russia)
Kita Nippon Bank,Morioka - Japan,Kita Nippon Bank (Morioka - Japan)
Kiwibank,Wellington - New Zealand,Kiwibank (Wellington - New Zealand)
Kiyo Bank,Wakayama - Japan,Kiyo Bank (Wakayama - Japan)
Kiyo Bank,Wakayama - Japan,Kiyo Bank (Wakayama - Japan)
Klarna Bank,Stockholm - Sweden,Klarna Bank (Stockholm - Sweden)
Klein Bancshares,Houston (TX,Klein Bancshares (Houston (TX) - US)
Klein Financial,Chaska (MN,Klein Financial (Chaska (MN) - US)
Knab,Amsterdam - Netherlands,Knab (Amsterdam - Netherlands)
KNBT Bancorp,Bethlehem (PA,KNBT Bancorp (Bethlehem (PA) - US)
Kokumin Bank,Tokyo - Japan,Kokumin Bank (Tokyo - Japan)
Komercijalna banka ad Podgorica,Podgorica - Montenegro,Komercijalna banka ad Podgorica (Podgorica - Montenegro)
Komercijalna Banka AD Skopje,Skopje - Macedonia,Komercijalna Banka AD Skopje (Skopje - Macedonia)
Komercijalno Investiciona Banka,Velika Kladusa - Bosnia-Herzegovina,Komercijalno Investiciona Banka (Velika Kladusa - Bosnia and Herzegovina)
Komercni banka,Prague - Czech Republic,Komercni banka (Prague - Czech Republic)
Komercni Banka Bratislava,Bratislava - Slovakia,Komercni Banka Bratislava (Bratislava - Slovakia)
Komisotsbank,Syktyvkar - Russia,Komisotsbank (Syktyvkar - Russia)
Kommunalkredit Austria,Vienna - Austria,Kommunalkredit Austria (Vienna - Austria)
Konzumbank Commercial Bank,Budapest - Hungary,Konzumbank Commercial Bank (Budapest - Hungary)
Kookmin Bank Cambodia,Phnom Penh - Cambodia,Kookmin Bank Cambodia (Phnom Penh - Cambodia)
Kookmin Bank International,London - UK,Kookmin Bank International (London - GB)
Korea Development Bank,Seoul - South Korea,Korea Development Bank (Seoul - South Korea)
Korea Exchange Bank,Seoul - South Korea,Korea Exchange Bank (Seoul - South Korea)
Korea Exchange Bank Indonesia,Jakarta - Indonesia,Korea Exchange Bank Indonesia (Jakarta - Indonesia)
Korea Merchant Banking Corporation,Seoul - South Korea,Korea Merchant Banking Corporation (Seoul - South Korea)
Korean Development Bank Asia,Hong Kong - Hong Kong,Korean Development Bank Asia (Hong Kong - Hong Kong S.A.R.)
Korean Development Bank Europe,Budapest - Hungary,Korean Development Bank Europe (Budapest - Hungary)
Korean Development Bank Uzbekistan,Tashkent - Uzbekistan,Korean Development Bank Uzbekistan (Tashkent - Uzbekistan)
Kotak Mahindra Bank,Mumbai - India,Kotak Mahindra Bank (Mumbai - India)
Krasbank,Moscow - Russia,Krasbank (Moscow - Russia)
Kreditno Exportna Banka,Belgrade - Serbia,Kreditno Exportna Banka (Belgrade - Serbia)
Kreditprombank,Kiev - Ukraine,Kreditprombank (Kiev - Ukraine)
Kredittbanken,Aalesund - Norway,Kredittbanken (Aalesund - Norway)
KredoBank,Baku - Azerbaijan,KredoBank (Baku - Azerbaijan)
KredoBank Ukraine,Lviv - Ukraine,KredoBank Ukraine (Lviv - Ukraine)
Kredyt Bank,Warsaw - Poland,Kredyt Bank (Warsaw - Poland)
Kredyt Bank Ukraine,Lviv - Ukraine,Kredyt Bank Ukraine (Lviv - Ukraine)
Kreis Sparkasse Northeim,Northeim - Germany,Kreis Sparkasse Northeim (Northeim - Germany)
Kreis und Stadtsparkasse Dillingen ad Donau,Dillingen - Germany,Kreis und Stadtsparkasse Dillingen ad Donau (Dillingen - Germany)
Kreis und Stadtsparkasse Erding,Erding - Germany,Kreis und Stadtsparkasse Erding (Erding - Germany)
Kreis und Stadtsparkasse Hof,Hof - Germany,Kreis und Stadtsparkasse Hof (Hof - Germany)
Kreis und Stadtsparkasse Kaufbeuren,Kaufbeuren - Germany,Kreis und Stadtsparkasse Kaufbeuren (Kaufbeuren - Germany)
Kreis und Stadtsparkasse Speyer,Speyer - Germany,Kreis und Stadtsparkasse Speyer (Speyer - Germany)
Kreis und Stadtsparkasse Wasserburg am Inn,Wasserburg - Germany,Kreis und Stadtsparkasse Wasserburg am Inn (Wasserburg - Germany)
Kreissparkasse Ahrweiler,Bad Neuenahr-Ahrweiler - Germany,Kreissparkasse Ahrweiler (Bad Neuenahr-Ahrweiler - Germany)
Kreissparkasse Altenkirchen,Altenkirchen - Germany,Kreissparkasse Altenkirchen (Altenkirchen - Germany)
Kreissparkasse Altotting Burghausen,Altötting - Germany,Kreissparkasse Altotting Burghausen (Altötting - Germany)
Kreissparkasse Aue Schwarzenberg,Aue - Germany,Kreissparkasse Aue Schwarzenberg (Aue - Germany)
Kreissparkasse Augsburg,Augsburg - Germany,Kreissparkasse Augsburg (Augsburg - Germany)
Kreissparkasse Bad Aibling,Bad Aibling - Germany,Kreissparkasse Bad Aibling (Bad Aibling - Germany)
Kreissparkasse Bautzen,Bautzen - Germany,Kreissparkasse Bautzen (Bautzen - Germany)
Kreissparkasse Bersenbruck,Bersenbrück - Germany,Kreissparkasse Bersenbruck (Bersenbrück - Germany)
Kreissparkasse Biberach,Biberach - Germany,Kreissparkasse Biberach (Biberach - Germany)
Kreissparkasse Birkenfeld,Idar-Oberstein - Germany,Kreissparkasse Birkenfeld (Idar-Oberstein - Germany)
Kreissparkasse Bitburg Prum,Bitburg - Germany,Kreissparkasse Bitburg Prum (Bitburg - Germany)
Kreissparkasse Bitterfeld,Bitterfeld - Germany,Kreissparkasse Bitterfeld (Bitterfeld - Germany)
Kreissparkasse Boeblingen,Böblingen - Germany,Kreissparkasse Boeblingen (Böblingen - Germany)
Kreissparkasse Ebersberg,Ebersberg - Germany,Kreissparkasse Ebersberg (Ebersberg - Germany)
Kreissparkasse Esslingen Nurtingen,Esslingen am Neckar - Germany,Kreissparkasse Esslingen Nurtingen (Esslingen am Neckar - Germany)
Kreissparkasse Euskirchen,Euskirchen - Germany,Kreissparkasse Euskirchen (Euskirchen - Germany)
Kreissparkasse Fallingbostel in Walsrode,Walsrode - Germany,Kreissparkasse Fallingbostel in Walsrode (Walsrode - Germany)
Kreissparkasse Freiberg,Freiburg - Germany,Kreissparkasse Freiberg (Freiburg - Germany)
Kreissparkasse Freudenstadt,Freudenstadt - Germany,Kreissparkasse Freudenstadt (Freudenstadt - Germany)
Kreissparkasse Garmisch Partenkirchen,Garmisch-Partenkirchen - Germany,Kreissparkasse Garmisch Partenkirchen (Garmisch-Partenkirchen - Germany)
Kreissparkasse Goppingen,Göppingen - Germany,Kreissparkasse Goppingen (Göppingen - Germany)
Kreissparkasse Grafschaft Bentheim zu Nordhorn,Nordhorn - Germany,Kreissparkasse Grafschaft Bentheim zu Nordhorn (Nordhorn - Germany)
Kreissparkasse Grafschaft Diepholz,Diepholz - Germany,Kreissparkasse Grafschaft Diepholz (Diepholz - Germany)
Kreissparkasse Gross Gerau,Gross-Gerau - Germany,Kreissparkasse Gross Gerau (Gross-Gerau - Germany)
Kreissparkasse Hannover,Hannover - Germany,Kreissparkasse Hannover (Hannover - Germany)
Kreissparkasse Heilbronn,Heilbronn - Germany,Kreissparkasse Heilbronn (Heilbronn - Germany)
Kreissparkasse Heinsberg,Erkelenz - Germany,Kreissparkasse Heinsberg (Erkelenz - Germany)
Kreissparkasse Herzogtum Lauenburg,Ratzeburg - Germany,Kreissparkasse Herzogtum Lauenburg (Ratzeburg - Germany)
Kreissparkasse in Siegburg,Siegburg - Germany,Kreissparkasse in Siegburg (Siegburg - Germany)
Kreissparkasse Kaiserslautern,Kaiserslautern - Germany,Kreissparkasse Kaiserslautern (Kaiserslautern - Germany)
Kreissparkasse Kelheim,Kelheim - Germany,Kreissparkasse Kelheim (Kelheim - Germany)
Kreissparkasse Koln,Cologne - Germany,Kreissparkasse Koln (Cologne - Germany)
Kreissparkasse Kusel,Kusel - Germany,Kreissparkasse Kusel (Kusel - Germany)
Kreissparkasse Lichtenfels,Lichtenfels - Germany,Kreissparkasse Lichtenfels (Lichtenfels - Germany)
Kreissparkasse Limburg,Limburg - Germany,Kreissparkasse Limburg (Limburg - Germany)
Kreissparkasse Lobau Zittau,Zittau - Germany,Kreissparkasse Lobau Zittau (Zittau - Germany)
Kreissparkasse Ludwigsburg,Ludwigsburg - Germany,Kreissparkasse Ludwigsburg (Ludwigsburg - Germany)
Kreissparkasse Ludwigshafen,Ludwigshafen - Germany,Kreissparkasse Ludwigshafen (Ludwigshafen - Germany)
Kreissparkasse Mayen,Mayen - Germany,Kreissparkasse Mayen (Mayen - Germany)
Kreissparkasse Meißen,Meißen - Germany,Kreissparkasse Meißen (Meißen - Germany)
Kreissparkasse Melle,Melle - Germany,Kreissparkasse Melle (Melle - Germany)
Kreissparkasse Miesbach Tegernsee,Tegernsee - Germany,Kreissparkasse Miesbach Tegernsee (Tegernsee - Germany)
Kreissparkasse Mittleres Erzgebirge,Zschopau - Germany,Kreissparkasse Mittleres Erzgebirge (Zschopau - Germany)
Kreissparkasse Mittweida,Mittweida - Germany,Kreissparkasse Mittweida (Mittweida - Germany)
Kreissparkasse Muhldorf,Mühldorf - Germany,Kreissparkasse Muhldorf (Mühldorf - Germany)
Kreissparkasse Munchen Starnberg,Munich - Germany,Kreissparkasse Munchen Starnberg (Munich - Germany)
Kreissparkasse Nordhausen,Nordhausen - Germany,Kreissparkasse Nordhausen (Nordhausen - Germany)
Kreissparkasse Ostalb,Aalen - Germany,Kreissparkasse Ostalb (Aalen - Germany)
Kreissparkasse Osterholz,Osterholz-Scharmbeck - Germany,Kreissparkasse Osterholz (Osterholz-Scharmbeck - Germany)
Kreissparkasse Peine,Peine - Germany,Kreissparkasse Peine (Peine - Germany)
Kreissparkasse Ravensburg,Ravensburg - Germany,Kreissparkasse Ravensburg (Ravensburg - Germany)
Kreissparkasse Reutlingen,Reutlingen - Germany,Kreissparkasse Reutlingen (Reutlingen - Germany)
Kreissparkasse Rhein Hunsruck,Simmern - Germany,Kreissparkasse Rhein Hunsruck (Simmern - Germany)
Kreissparkasse Riesa Großenhain,Riesa - Germany,Kreissparkasse Riesa Großenhain (Riesa - Germany)
Kreissparkasse Rottweil,Rottweil - Germany,Kreissparkasse Rottweil (Rottweil - Germany)
Kreissparkasse Saarlouis,Saarlouis - Germany,Kreissparkasse Saarlouis (Saarlouis - Germany)
Kreissparkasse Saarpfalz,Hamburg - Germany,Kreissparkasse Saarpfalz (Hamburg - Germany)
Kreissparkasse Schwalm Eder,Melsungen - Germany,Kreissparkasse Schwalm Eder (Melsungen - Germany)
Kreissparkasse Schweinfurt,Schweinfurt - Germany,Kreissparkasse Schweinfurt (Schweinfurt - Germany)
Kreissparkasse Soltau,Soltau - Germany,Kreissparkasse Soltau (Soltau - Germany)
Kreissparkasse St.Wendel,St. Wendel - Germany,Kreissparkasse St.Wendel (St. Wendel - Germany)
Kreissparkasse Stade,Stade - Germany,Kreissparkasse Stade (Stade - Germany)
Kreissparkasse Steinfurt,Ibbenbürren - Germany,Kreissparkasse Steinfurt (Ibbenbürren - Germany)
Kreissparkasse Steinfurt,Steinfurt - Germany,Kreissparkasse Steinfurt (Steinfurt - Germany)
Kreissparkasse Sudholstein,Bad Segeberg - Germany,Kreissparkasse Sudholstein (Bad Segeberg - Germany)
Kreissparkasse Syke,Syke - Germany,Kreissparkasse Syke (Syke - Germany)
Kreissparkasse Traunstein Trostberg,Traunstein - Germany,Kreissparkasse Traunstein Trostberg (Traunstein - Germany)
Kreissparkasse Tubingen,Tübingen - Germany,Kreissparkasse Tubingen (Tübingen - Germany)
Kreissparkasse Tuttlingen,Tuttlingen - Germany,Kreissparkasse Tuttlingen (Tuttlingen - Germany)
Kreissparkasse Verden,Verden - Germany,Kreissparkasse Verden (Verden - Germany)
Kreissparkasse Waiblingen,Waiblingen - Germany,Kreissparkasse Waiblingen (Waiblingen - Germany)
Kreissparkasse Weilburg,Weilburg - Germany,Kreissparkasse Weilburg (Weilburg - Germany)
Kreissparkasse Wiedenbruck,Rheda-Wiedenbrück - Germany,Kreissparkasse Wiedenbruck (Rheda-Wiedenbrück - Germany)
Krey Co,Pratt (KS,Krey Co (Pratt (KS) - US)
Kroo Bank,London - UK,Kroo Bank (London - GB)
Krung Thai Bank,Bangkok - Thailand,Krung Thai Bank (Bangkok - Thailand)
KT Bank,Frankfurt am Main - Germany,KT Bank (Frankfurt am Main - Germany)
Kumamoto Bank,Kumamoto - Japan,Kumamoto Bank (Kumamoto - Japan)
Kumari Bank,Kathmandu - Nepal,Kumari Bank (Kathmandu - Nepal)
Kunmimg City Commercial Bank,Kunmimg - China,Kunmimg City Commercial Bank (Kunmimg - China)
Kurdistan International Bank,Erbil - Iraq,Kurdistan International Bank (Erbil - Iraq)
Kurulush,Bishkek - Kyrgyzstan,Kurulush (Bishkek - Kyrgyzstan)
Kutxabank,Bilbao - Spain,Kutxabank (Bilbao - Spain)
Kuveyt Turk Katilim Bankasi,Istanbul - Turkey,Kuveyt Turk Katilim Bankasi (Istanbul - Turkey)
Kuwait Finance House,Safat - Kuwait,Kuwait Finance House (Safat - Kuwait)
Kuwait Finance House Malaysia,Kuala Lumpur - Malaysia,Kuwait Finance House Malaysia (Kuala Lumpur - Malaysia)
Kuwait International Bank,Safat - Kuwait,Kuwait International Bank (Safat - Kuwait)
Kvika Bank,Reykjavik - Iceland,Kvika Bank (Reykjavik - Iceland)
Kwangju Bank,Kwangju - South Korea,Kwangju Bank (Kwangju - South Korea)
Kwangtung Provincial Bank,Hong Kong - Hong Kong,Kwangtung Provincial Bank (Hong Kong - Hong Kong S.A.R.)
Kyiv Bank,Kiev - Ukraine,Kyiv Bank (Kiev - Ukraine)
Kyongnam Bank,Masan - South Korea,Kyongnam Bank (Masan - South Korea)
Kyoto Chuo Shinkin Bank,Kyoto - Japan,Kyoto Chuo Shinkin Bank (Kyoto - Japan)
Kyoto Financial Group,Kyoto - Japan,Kyoto Financial Group (Kyoto - Japan)
Kyoto Shinkin Bank,Kyoto - Japan,Kyoto Shinkin Bank (Kyoto - Japan)
Kyrghyzpromstroybank,Bishkek - Kyrgyzstan,Kyrghyzpromstroybank (Bishkek - Kyrgyzstan)
Kyrgyz Investment and Credit Bank,Bishkek - Kyrgyzstan,Kyrgyz Investment and Credit Bank (Bishkek - Kyrgyzstan)
Kyushu Bank,Sasebo - Japan,Kyushu Bank (Sasebo - Japan)
Kyushu Financial Group,Kagoshima - Japan,Kyushu Financial Group (Kagoshima - Japan)
La Congolaise de Banque,Brazzaville - Republic of Congo,La Congolaise de Banque (Brazzaville - Congo)
Laiki Bank,Thessaloniki - Greece,Laiki Bank (Thessaloniki - Greece)
Laishang Bank,Jinan - China,Laishang Bank (Jinan - China)
Laiwu City Commercial Bank,Laiwu - China,Laiwu City Commercial Bank (Laiwu - China)
Lake Hamilton Enterprises,Little Rock (AR,Lake Hamilton Enterprises (Little Rock (AR) - US)
Lake Michigan Financial Corporation,Holland (MI,Lake Michigan Financial Corporation (Holland (MI) - US)
Lake Sunapee Bank,Newport (NH,Lake Sunapee Bank (Newport (NH) - US)
Lakeland Bancorp,Oak Ridge (NJ,Lakeland Bancorp (Oak Ridge (NJ) - US)
Lakeland Financial Corporation,Warsaw (IN,Lakeland Financial Corporation (Warsaw (IN) - US)
Lakeside Bancorp,Chicago (IL,Lakeside Bancorp (Chicago (IL) - US)
Lakshmi Vilas Bank,Karur - India,Lakshmi Vilas Bank (Karur - India)
Lan & Spar Bank,Copenhagen - Denmark,Lan & Spar Bank (Copenhagen - Denmark)
Land and House Bank,Bangkok - Thailand,Land and House Bank (Bangkok - Thailand)
Land Bank of Taiwan,Taipei - Taiwan,Land Bank of Taiwan (Taipei - Taiwan)
Land Bank Philippines,Manila - Philippines,Land Bank Philippines (Manila - Philippines)
Landesbank Baden Wurttemberg,LBBW,Landesbank Baden Wurttemberg (LBBW) (Stuttgart - Germany)
Landesbank Berlin Holding,LBB,Landesbank Berlin Holding (LBB) (Berlin - Germany)
Landesbank Saar Girozentrale,Saarbrücken - Germany,Landesbank Saar Girozentrale (Saarbrücken - Germany)
Landesbank Sachsen Girozentrale,Leipzig - Germany,Landesbank Sachsen Girozentrale (Leipzig - Germany)
Landessparkasse zu Oldenburg,Oldenburg - Germany,Landessparkasse zu Oldenburg (Oldenburg - Germany)
Landmark National Bank,Manhattan (KS,Landmark National Bank (Manhattan (KS) - US)
Landrum Company,Columbia (MO,Landrum Company (Columbia (MO) - US)
Landsbankinn hf.,Reykjavik - Iceland,Landsbankinn hf. (Reykjavik - Iceland)
Landshypotek Bank,Stockholm - Sweden,Landshypotek Bank (Stockholm - Sweden)
Landwirtschaftliche Rentenbank,Frankfurt am Main - Germany,Landwirtschaftliche Rentenbank (Frankfurt am Main - Germany)
Lansforsakringar Bank,Stockholm - Sweden,Lansforsakringar Bank (Stockholm - Sweden)
Lanta Bank,Moscow - Russia,Lanta Bank (Moscow - Russia)
Lanzhou City Commercial Bank,Lanzhou - China,Lanzhou City Commercial Bank (Lanzhou - China)
Laredo National Bancshares,Laredo (TX,Laredo National Bancshares (Laredo (TX) - US)
Latvijas Krajbanka,Riga - Latvia,Latvijas Krajbanka (Riga - Latvia)
Laurel Capital Group,Allison Park (PA,Laurel Capital Group (Allison Park (PA) - US)
Laurentian Bank of Canada,Montreal - Canada,Laurentian Bank of Canada (Montreal - Canada)
Lauritzen Corporation,Omaha (NE,Lauritzen Corporation (Omaha (NE) - US)
Laxmi Bank,Kathmandu - Nepal,Laxmi Bank (Kathmandu - Nepal)
Lazard,New York (NY,Lazard (New York (NY) - US)
Lazard & Co Holdings,London - UK,Lazard & Co Holdings (London - GB)
LBS Bank,New York (NY,LBS Bank (New York (NY) - US)
LCL Banque,Paris - France,LCL Banque (Paris - France)
LCNB Corp,Lebanon (OH,LCNB Corp (Lebanon (OH) - US)
Learner Financial Corporation,Walnut Creek (CA,Learner Financial Corporation (Walnut Creek (CA) - US)
Lebanese Canadian Bank,Beirut - Lebanon,Lebanese Canadian Bank (Beirut - Lebanon)
Lebanon and Gulf Bank,Beirut - Lebanon,Lebanon and Gulf Bank (Beirut - Lebanon)
Leeds Building Society,Leeds - UK,Leeds Building Society (Leeds - GB)
Leek United Building Society,Leek - UK,Leek United Building Society (Leek - GB)
Lefco Bank,Moscow - Russia,Lefco Bank (Moscow - Russia)
Legacy Bancorp,Pittsfield (MA,Legacy Bancorp (Pittsfield (MA) - US)
LegacyTexas Group,Plano (TX,LegacyTexas Group (Plano (TX) - US)
Lenawee Bancorp,Adrian (MI,Lenawee Bancorp (Adrian (MI) - US)
Leonia Bank,Helsinki - Finland,Leonia Bank (Helsinki - Finland)
Lesha Bank,Doha - Qatar,Lesha Bank (Doha - Qatar)
Leshan City Commercial Bank,Leshan - China,Leshan City Commercial Bank (Leshan - China)
Lesotho Post Bank,Maseru - Lesotho,Lesotho Post Bank (Maseru - Lesotho)
Letshego Bank Eswatini,Manzini - Eswatini,Letshego Bank Eswatini (Manzini - Swaziland)
Letshego Bank Lesotho,Maseru - Lesotho,Letshego Bank Lesotho (Maseru - Lesotho)
Letshego Bank Namibia,Windhoek - Namibia,Letshego Bank Namibia (Windhoek - Namibia)
Letshego Bank Rwanda,Kigali - Rwanda,Letshego Bank Rwanda (Kigali - Rwanda)
Letshego Holdings,Gabarone - Botswana,Letshego Holdings (Gabarone - Botswana)
Leumi Private Bank,Zurich - Switzerland,Leumi Private Bank (Zurich - Switzerland)
Lexicon Bank,Las Vegas (NV,Lexicon Bank (Las Vegas (NV) - US)
LG Bank Landesgirokasse,Stuttgart - Germany,LG Bank Landesgirokasse (Stuttgart - Germany)
LGT Group,Vaduz - Liechtenstein,LGT Group (Vaduz - Liechtenstein)
Liberbank Group,Madrid - Spain,Liberbank Group (Madrid - Spain)
Liberty Bancorp Inc,Oklahoma City (OK,Liberty Bancorp Inc (Oklahoma City (OK) - US)
Liberty Bancshares,Springfield (MO,Liberty Bancshares (Springfield (MO) - US)
Liberty Bancshares,Jonesboro (AR,Liberty Bancshares (Jonesboro (AR) - US)
Liberty Bank,Tbilisi - Georgia,Liberty Bank (Tbilisi - Georgia)
Libra Internet Bank,Bucharest - Romania,Libra Internet Bank (Bucharest - Romania)
Libyan Foreign Bank,Tripoli - Libya,Libyan Foreign Bank (Tripoli - Libya)
Liechtensteinische Landesbank,Vaduz - Liechtenstein,Liechtensteinische Landesbank (Vaduz - Liechtenstein)
LienViet Post Bank,Vi Thanh City - Vietnam,LienViet Post Bank (Vi Thanh City - Vietnam)
Limassol Turkish Cooperative Bank,Limassol - Cyprus,Limassol Turkish Cooperative Bank (Limassol - Cyprus)
Limestone Bancorp,Louisville (KY,Limestone Bancorp (Louisville (KY) - US)
Lincoln Savings Bank,Lincoln (IA,Lincoln Savings Bank (Lincoln (IA) - US)
Linshang Bank,Linyi - China,Linshang Bank (Linyi - China)
Linyi City Commercial Bank,Linyi - China,Linyi City Commercial Bank (Linyi - China)
Lion International Bank,Addis Ababa - Ethiopia,Lion International Bank (Addis Ababa - Ethiopia)
Lippo Bank,Tangerang - Indonesia,Lippo Bank (Tangerang - Indonesia)
Live Oak Bank,Wilmington (NC,Live Oak Bank (Wilmington (NC) - US)
Livi Bank,Hong Kong - Hong Kong,Livi Bank (Hong Kong - Hong Kong S.A.R.)
Lloyds Bank,London - UK,Lloyds Bank (London - GB)
Lloyds Banking Group,London - UK,Lloyds Banking Group (London - GB)
Lloyds TSB Bank,Quito - Ecuador,Lloyds TSB Bank (Quito - Ecuador)
Lloyds TSB Bank Uruguay,Montevideo - Uruguay,Lloyds TSB Bank Uruguay (Montevideo - Uruguay)
LNB Bancorp,Lorain (OH,LNB Bancorp (Lorain (OH) - US)
Local Financial Corporation,Oklahoma City (OK,Local Financial Corporation (Oklahoma City (OK) - US)
LocalTapiola Bank,Espoo - Finland,LocalTapiola Bank (Espoo - Finland)
Locko Bank,Moscow - Russia,Locko Bank (Moscow - Russia)
Lombard Bank Malta,Valletta - Malta,Lombard Bank Malta (Valletta - Malta)
London Scottish Bank,Manchester - UK,London Scottish Bank (Manchester - GB)
Lone Star National Bancshares - Texas,McAllen (TX,Lone Star National Bancshares - Texas (McAllen (TX) - US)
Longjiang Bank,Harbin - China,Longjiang Bank (Harbin - China)
Longview Financial Corporation,Longview (TX,Longview Financial Corporation (Longview (TX) - US)
Lotus Bank,Lagos - Nigeria,Lotus Bank (Lagos - Nigeria)
Loughborough Building Society,Loughborough - UK,Loughborough Building Society (Loughborough - GB)
Lowell Five Bancorp,Lowell (MA,Lowell Five Bancorp (Lowell (MA) - US)
LSB Corp,North Andover (MA,LSB Corp (North Andover (MA) - US)
Lubbock National Bank,Lubbock (TX,Lubbock National Bank (Lubbock (TX) - US)
Lumbini Bank,Narayangarh - Nepal,Lumbini Bank (Narayangarh - Nepal)
Luminor Bank Estonia,Tallin - Estonia,Luminor Bank Estonia (Tallin - Estonia)
Luminor Bank Latvia,Riga - Latvia,Luminor Bank Latvia (Riga - Latvia)
Luminor Bank Lithuania,Vilnius - Lithuania,Luminor Bank Lithuania (Vilnius - Lithuania)
Lunar Bank,Aarhus - Denmark,Lunar Bank (Aarhus - Denmark)
Luso International Banking,Macau - Macau,Luso International Banking (Macau - Macau S.A.R.)
Luther Burbank Savings,Santa Rosa (CA,Luther Burbank Savings (Santa Rosa (CA) - US)
Luzerner Kantonalbank,Lucerne - Switzerland,Luzerner Kantonalbank (Lucerne - Switzerland)
Luzerner Regiobank,Lucerne - Switzerland,Luzerner Regiobank (Lucerne - Switzerland)
Luzhou Bank,Jiangyang - China,Luzhou Bank (Jiangyang - China)
M M Warburg & Co,Hamburg - Germany,M M Warburg & Co (Hamburg - Germany)
M Oriental Commercial Bank,Nairobi - Kenya,M Oriental Commercial Bank (Nairobi - Kenya)
M&T Bank Corporation,Buffalo (NY,M&T Bank Corporation (Buffalo (NY) - US)
Ma'anshan Rural Commercial Bank,Maanshan - China,Ma'anshan Rural Commercial Bank (Maanshan - China)
Macatawa Bank Corporation,Holland (MI,Macatawa Bank Corporation (Holland (MI) - US)
Macau Chinese Bank,Macau - Macau,Macau Chinese Bank (Macau - Macau S.A.R.)
Machhapuchhre Bank,Pokhara - Nepal,Machhapuchhre Bank (Pokhara - Nepal)
Machias Bancorp,Machias (ME,Machias Bancorp (Machias (ME) - US)
Mackinac Financial Corporation,Traverse City (MI,Mackinac Financial Corporation (Traverse City (MI) - US)
Macon Bancorp,Franklin (NC,Macon Bancorp (Franklin (NC) - US)
Macoto Bank,Taipei - Taiwan,Macoto Bank (Taipei - Taiwan)
Macquarie Bank International,London - UK,Macquarie Bank International (London - GB)
Macquarie Group,Sydney - Australia,Macquarie Group (Sydney - Australia)
Maduro & Curiel's Bank,Willemstad - Netherlands Antilles,Maduro & Curiel's Bank (Willemstad - Netherlands Antilles)
Maerki Bumann,Zurich - Switzerland,Maerki Bumann (Zurich - Switzerland)
Magna Group,Brentwood - US,Magna Group (Brentwood - US)
MagNet Hungarian Community Bank,Budapest - Hungary,MagNet Hungarian Community Bank (Budapest - Hungary)
Magnetiq Bank,Riga - Latvia,Magnetiq Bank (Riga - Latvia)
Magnolia Banking Corporation,Magnolia (AR,Magnolia Banking Corporation (Magnolia (AR) - US)
Maharashtra State Cooperative Bank,Mumbai - India,Maharashtra State Cooperative Bank (Mumbai - India)
Main Street Banks,Atlanta (GA,Main Street Banks (Atlanta (GA) - US)
Main Street Trust,Champaign (IL,Main Street Trust (Champaign (IL) - US)
Mainsource Financial Group,Greensburg (IN,Mainsource Financial Group (Greensburg (IN) - US)
Mainstreet Bank,Lagos - Nigeria,Mainstreet Bank (Lagos - Nigeria)
Mainstreet Financial Corp,Martinsville - US,Mainstreet Financial Corp (Martinsville - US)
Maitland Mutual Building Society,Maitland - Australia,Maitland Mutual Building Society (Maitland - Australia)
Maiwand Bank,Kabul - Afghanistan,Maiwand Bank (Kabul - Afghanistan)
Makedonska Banka,Skopje - Macedonia,Makedonska Banka (Skopje - Macedonia)
Malayan Banking Berhad,Kuala Lumpur - Malaysia,Malayan Banking Berhad (Kuala Lumpur - Malaysia)
Malaysia Building Society,Kuala Lumpur - Malaysia,Malaysia Building Society (Kuala Lumpur - Malaysia)
Malaysian International Merchant Bankers,Kuala Lumpur - Malaysia,Malaysian International Merchant Bankers (Kuala Lumpur - Malaysia)
Maldives Islamic Bank,Male - Maldives,Maldives Islamic Bank (Male - Maldives)
Manasquan Bank,Wall Township (NJ,Manasquan Bank (Wall Township (NJ) - US)
Manchester Building Society,Manchester - UK,Manchester Building Society (Manchester - GB)
Mansfield Building Society,Mansfield - UK,Mansfield Building Society (Mansfield - GB)
Manulife Bank of Canada,Waterloo - Canada,Manulife Bank of Canada (Waterloo - Canada)
Maple Bank,Frankfurt - Germany,Maple Bank (Frankfurt - Germany)
Marathon Banking Corporation,New York (NY,Marathon Banking Corporation (New York (NY) - US)
Marfin Laiki Popular Bank Public,MPB,Marfin Laiki Popular Bank Public (MPB) (Nicosia - Cyprus)
MariBank,Singapore - Singapore,MariBank (Singapore - Singapore)
Marin National Bancorp,Las Vegas (NV,Marin National Bancorp (Las Vegas (NV) - US)
Maritime Bank,Moscow - Russia,Maritime Bank (Moscow - Russia)
Maritime Bank,Hanoi - Vietnam,Maritime Bank (Hanoi - Vietnam)
Mark Twain Bancshares,Saint Louis (MO,Mark Twain Bancshares (Saint Louis (MO) - US)
Market Harborough Building Society,Leicestershire - UK,Market Harborough Building Society (Leicestershire - GB)
Marlin Business Services Corp,Mount Laurel - US,Marlin Business Services Corp (Mount Laurel - US)
Marquette Financial Companies,Minneapolis (MN,Marquette Financial Companies (Minneapolis (MN) - US)
Marquette National Corporation,Chicago (IL,Marquette National Corporation (Chicago (IL) - US)
Marsden Building Society,Lancashire - UK,Marsden Building Society (Lancashire - GB)
Marshall & Ilsley Corp,Milwaukee (WI,Marshall & Ilsley Corp (Milwaukee (WI) - US)
Marshall Bankfirst Corporation,Minneapolis (MN,Marshall Bankfirst Corporation (Minneapolis (MN) - US)
Marshfield Investment Co,Springfield (MO,Marshfield Investment Co (Springfield (MO) - US)
Maruhan Japan Bank Lao,Vientiane - Laos,Maruhan Japan Bank Lao (Vientiane - Laos)
Mascoma Savings Bank,Lebanon (NH,Mascoma Savings Bank (Lebanon (NH) - US)
Mashreqbank,Dubai - United Arab Emirates,Mashreqbank (Dubai - United Arab Emirates)
Masraf Al Rayan,Doha - Qatar,Masraf Al Rayan (Doha - Qatar)
Massbank Corp,Reading (MA,Massbank Corp (Reading (MA) - US)
Masterbank,Moscow - Russia,Masterbank (Moscow - Russia)
Masthaven Bank,London - UK,Masthaven Bank (London - GB)
MauBank,Port Louis - Mauritius,MauBank (Port Louis - Mauritius)
Mauritius Commercial Bank Madagascar,Antananarivo - Madagascar,Mauritius Commercial Bank Madagascar (Antananarivo - Madagascar)
Mauritius Commercial Bank Maldives,Male - Maldives,Mauritius Commercial Bank Maldives (Male - Maldives)
Mauritius Commercial Bank Seychelles,Victoria - Seychelles,Mauritius Commercial Bank Seychelles (Victoria - Seychelles)
Max Banka,Prague - Czech Republic,Max Banka (Prague - Czech Republic)
Maya Bank,Manila - Philippines,Maya Bank (Manila - Philippines)
Maybank Cambodia,Phnom Penh - Cambodia,Maybank Cambodia (Phnom Penh - Cambodia)
Maybank Indonesia,Jakarta - Indonesia,Maybank Indonesia (Jakarta - Indonesia)
Maybank Islamic Berhad,Kuala Lumpur - Malaysia,Maybank Islamic Berhad (Kuala Lumpur - Malaysia)
Maybank Philippines,Manila - Philippines,Maybank Philippines (Manila - Philippines)
Maybank Singapore,Singapore - Singapore,Maybank Singapore (Singapore - Singapore)
Maybank Syariah Indonesia,Jakarta - Indonesia,Maybank Syariah Indonesia (Jakarta - Indonesia)
MB Financial,Chicago (IL,MB Financial (Chicago (IL) - US)
MB Mutual Holding Co,Wall Township (NJ,MB Mutual Holding Co (Wall Township (NJ) - US)
mBank,Warsaw - Poland,mBank (Warsaw - Poland)
MBH Bank,Budapest - Hungary,MBH Bank (Budapest - Hungary)
MBNA Corp,Wilmington (DE,MBNA Corp (Wilmington (DE) - US)
MBSB Bank Berhad,Kuala Lumpur - Malaysia,MBSB Bank Berhad (Kuala Lumpur - Malaysia)
MBT Financial Corp,Monroe (MI,MBT Financial Corp (Monroe (MI) - US)
MCB Bank,Lahore - Pakistan,MCB Bank (Lahore - Pakistan)
MCB Group,Port Louis - Mauritius,MCB Group (Port Louis - Mauritius)
MCB Sri Lanka,Colombo - Sri Lanka,MCB Sri Lanka (Colombo - Sri Lanka)
MDM Bank,Novosibirsk - Russia,MDM Bank (Novosibirsk - Russia)
Mebuki Financial Group,Mito - Japan,Mebuki Financial Group (Mito - Japan)
Mechanics Financial Corporation,Mansfield (OH,Mechanics Financial Corporation (Mansfield (OH) - US)
Medford Bancorp,Medford (MA,Medford Bancorp (Medford (MA) - US)
Medicinos Bankas,Vilnius - Lithuania,Medicinos Bankas (Vilnius - Lithuania)
Medimurska Banka,Cakovec - Croatia,Medimurska Banka (Cakovec - Croatia)
Mediobanca,Milano - Italy,Mediobanca (Milano - Italy)
Mediobanca International,Luxembourg - Luxembourg,Mediobanca International (Luxembourg - Luxembourg)
Mediocredito Centrale,Roma - Italy,Mediocredito Centrale (Roma - Italy)
Mediolanum,Milano - Italy,Mediolanum (Milano - Italy)
Medirect Bank,Valletta - Malta,Medirect Bank (Valletta - Malta)
Mediterranean Corporate Bank,Sliema - Malta,Mediterranean Corporate Bank (Sliema - Malta)
Meeg Bank,East London - South Africa,Meeg Bank (East London - South Africa)
Meezan Bank,Karachi - Pakistan,Meezan Bank (Karachi - Pakistan)
Mega Bank Nepal,Kathmandu - Nepal,Mega Bank Nepal (Kathmandu - Nepal)
Mega International Bank Panama,Panama City - Panama,Mega International Bank Panama (Panama City - Panama)
Mega International Commercial Bank,Taipei - Taiwan,Mega International Commercial Bank (Taipei - Taiwan)
Mega International Commercial Bank Thailand,Bangkok - Thailand,Mega International Commercial Bank Thailand (Bangkok - Thailand)
Megabank,Kharkiv - Ukraine,Megabank (Kharkiv - Ukraine)
Meghna Bank,Dhaka - Bangladesh,Meghna Bank (Dhaka - Bangladesh)
Mekong Development Bank,An Giang - Vietnam,Mekong Development Bank (An Giang - Vietnam)
Mekong Housing Bank,Ho Chi Minh City - Vietnam,Mekong Housing Bank (Ho Chi Minh City - Vietnam)
Mellat Bank Armenia,Yerevan - Armenia,Mellat Bank Armenia (Yerevan - Armenia)
Melli Bank,London - UK,Melli Bank (London - GB)
Mellon Financial Corp,Pittsburgh (PA,Mellon Financial Corp (Pittsburgh (PA) - US)
Melton Mowbray Building Society,Melton Mowbray - UK,Melton Mowbray Building Society (Melton Mowbray - GB)
Members Equity Bank,Melbourne - Australia,Members Equity Bank (Melbourne - Australia)
Mengshang Bank,Baotou - China,Mengshang Bank (Baotou - China)
Mercantil Holding Financiero Internacional,David (Chiriquí,Mercantil Holding Financiero Internacional (David (Chiriquí) - Panama)
Mercantil Servicios Financieros,Caracas - Venezuela,Mercantil Servicios Financieros (Caracas - Venezuela)
Mercantile Bancorporation,Saint Louis (MO,Mercantile Bancorporation (Saint Louis (MO) - US)
Mercantile Bank,Dhaka - Bangladesh,Mercantile Bank (Dhaka - Bangladesh)
Mercantile Bank Corporation,Grand Rapids (MI,Mercantile Bank Corporation (Grand Rapids (MI) - US)
Mercantile Bank Holdings,Sandton - South Africa,Mercantile Bank Holdings (Sandton - South Africa)
Mercantile Bankshares Corp,Baltimore (MD,Mercantile Bankshares Corp (Baltimore (MD) - US)
Merchants & Farmers Bank,Tupelo (MS,Merchants & Farmers Bank (Tupelo (MS) - US)
Merchants & Manufacturers Bancorporation,Brookfield (WI,Merchants & Manufacturers Bancorporation (Brookfield (WI) - US)
Merchants Bancorp,Hillsboro (OH,Merchants Bancorp (Hillsboro (OH) - US)
Merchants Bancorp,Carmel (IN,Merchants Bancorp (Carmel (IN) - US)
Merchants Bancshares,South Burlington (VT,Merchants Bancshares (South Burlington (VT) - US)
Merchants Financial Group,Winona (MN,Merchants Financial Group (Winona (MN) - US)
Merck Finck & Co,Munich - Germany,Merck Finck & Co (Munich - Germany)
Meridian Bancorp,Reading (MA,Meridian Bancorp (Reading (MA) - US)
Meridian Financial Services,East Boston (MA,Meridian Financial Services (East Boston (MA) - US)
Meritz Investment Bank,Seoul - South Korea,Meritz Investment Bank (Seoul - South Korea)
Merkanti Bank,Sliema - Malta,Merkanti Bank (Sliema - Malta)
Merrill Lynch Bank & Trust,Plainsboro (NJ,Merrill Lynch Bank & Trust (Plainsboro (NJ) - US)
Merrill Lynch Bank USA,Salt Lake City (UT,Merrill Lynch Bank USA (Salt Lake City (UT) - US)
Merrill Lynch International Bank,Dublin - Ireland,Merrill Lynch International Bank (Dublin - Ireland)
Merrill Lynch International Bank,London - UK,Merrill Lynch International Bank (London - GB)
Merrill Lynch Luxembourg,Luxembourg - Luxembourg,Merrill Lynch Luxembourg (Luxembourg - Luxembourg)
Metallinvestbank,Moscow - Russia,Metallinvestbank (Moscow - Russia)
Metbank,Harare - Zimbabwe,Metbank (Harare - Zimbabwe)
Metlife,New York (NY,Metlife (New York (NY) - US)
Metro Bancorp,Harrisburg (PA,Metro Bancorp (Harrisburg (PA) - US)
Metro Bank,London - UK,Metro Bank (London - GB)
Metrobank,Panama City - Panama,Metrobank (Panama City - Panama)
Metrocorp,East Moline (IL,Metrocorp (East Moline (IL) - US)
Metrocorp Bancshares,Houston (TX,Metrocorp Bancshares (Houston (TX) - US)
Metropolitan Bank & Trust Company,Makati City - Philippines,Metropolitan Bank & Trust Company (Makati City - Philippines)
MezhBusinessBank,Moscow - Russia,MezhBusinessBank (Moscow - Russia)
Mezhtopenergobank,Moscow - Russia,Mezhtopenergobank (Moscow - Russia)
Mi Banco,Barquesimeto - Venezuela,Mi Banco (Barquesimeto - Venezuela)
Mianyang City Commercial Bank,Mianyang - China,Mianyang City Commercial Bank (Mianyang - China)
Mibanco,Panama City - Panama,Mibanco (Panama City - Panama)
Mibanco,Lima - Peru,Mibanco (Lima - Peru)
Mibanco,Bogotá D.C. - Colombia,Mibanco (Bogotá D.C. - Colombia)
Michinoku Bank,Aomori - Japan,Michinoku Bank (Aomori - Japan)
Microcreditbank,Tashkent - Uzbekistan,Microcreditbank (Tashkent - Uzbekistan)
Mid America Bancorp,Louisville (KY,Mid America Bancorp (Louisville (KY) - US)
Mid Illinois Bancorp,Peoria (IL,Mid Illinois Bancorp (Peoria (IL) - US)
Mid Penn Bancorp,Millersburg (PA,Mid Penn Bancorp (Millersburg (PA) - US)
Mid State Bancshares,Arroyo Grande (CA,Mid State Bancshares (Arroyo Grande (CA) - US)
Mid Wisconsin Financial Services,Medford (WI,Mid Wisconsin Financial Services (Medford (WI) - US)
MidAmerica Financial Corporation,Des Moines (IA,MidAmerica Financial Corporation (Des Moines (IA) - US)
Midcountry Bank,Marion - US,Midcountry Bank (Marion - US)
Middle East & Africa Bank,Beirut - Lebanon,Middle East & Africa Bank (Beirut - Lebanon)
Middle East Bank Kenya,Nairobi - Kenya,Middle East Bank Kenya (Nairobi - Kenya)
Middleburg Financial Corporation,Middleburg (VA,Middleburg Financial Corporation (Middleburg (VA) - US)
Middlesex Bancorp,Natick (MA,Middlesex Bancorp (Natick (MA) - US)
Middletown Valley Bank,Fairmont (WV,Middletown Valley Bank (Fairmont (WV) - US)
Midland Bank,Dhaka - Bangladesh,Midland Bank (Dhaka - Bangladesh)
Midland Financial Co,Oklahoma City (OK,Midland Financial Co (Oklahoma City (OK) - US)
Midland States Bancorp,Effingham - US,Midland States Bancorp (Effingham - US)
Midsouth Bancorp,Lafayette (LA,Midsouth Bancorp (Lafayette (LA) - US)
Midwest Banc Holdings,Melrose Park (IL,Midwest Banc Holdings (Melrose Park (IL) - US)
Midwest Bankcentre,St Louis (MO,Midwest Bankcentre (St Louis (MO) - US)
Midwest Independent Bank,Jefferson City (MO,Midwest Independent Bank (Jefferson City (MO) - US)
Midwestone Financial Group,Iowa City (IA,Midwestone Financial Group (Iowa City (IA) - US)
Midwestone Financial Group,Iowa City (IA,Midwestone Financial Group (Iowa City (IA) - US)
Mie bank,Yokkaichi - Japan,Mie bank (Yokkaichi - Japan)
Migrosbank,Zurich - Switzerland,Migrosbank (Zurich - Switzerland)
Military Bank,Hanoi - Vietnam,Military Bank (Hanoi - Vietnam)
Milleis Banque,Paris - France,Milleis Banque (Paris - France)
Millennium Banco Internacional de Mozambique,Maputo - Mozambique,Millennium Banco Internacional de Mozambique (Maputo - Mozambique)
Millennium bank Greece,Kallithea - Greece,Millennium bank Greece (Kallithea - Greece)
Millennium Bank Poland,Warsaw - Poland,Millennium Bank Poland (Warsaw - Poland)
Millennium bcp,Porto Salvo - Portugal,Millennium bcp (Porto Salvo - Portugal)
Minami Nippon Bank,Kagoshima - Japan,Minami Nippon Bank (Kagoshima - Japan)
Minato Bank,Kobe - Japan,Minato Bank (Kobe - Japan)
Minnehaha Banshares,Sioux Falls (SD,Minnehaha Banshares (Sioux Falls (SD) - US)
Minnwest Corporation,Minnetonka (MN,Minnwest Corporation (Minnetonka (MN) - US)
Minsk Transit Bank,Minsk - Belarus,Minsk Transit Bank (Minsk - Belarus)
Misr Bank Europe,Frankfurt am Main - Germany,Misr Bank Europe (Frankfurt am Main - Germany)
Misr International Bank,Cairo - Egypt,Misr International Bank (Cairo - Egypt)
Mississippi Valley Bancshares,Saint Louis (MO,Mississippi Valley Bancshares (Saint Louis (MO) - US)
Misto Bank,Odessa - Ukraine,Misto Bank (Odessa - Ukraine)
Mitsubishi UFJ Financial Group,Tokyo - Japan,Mitsubishi UFJ Financial Group (Tokyo - Japan)
Mitsubishi UFJ Trust & Banking Corporation,Tokyo - Japan,Mitsubishi UFJ Trust & Banking Corporation (Tokyo - Japan)
Miyazaki Bank,Miyazaki - Japan,Miyazaki Bank (Miyazaki - Japan)
Miyazaki Taiyo Bank,Miyazaki - Japan,Miyazaki Taiyo Bank (Miyazaki - Japan)
Mizrahi Tefahot Bank,Ramat Gan - Israel,Mizrahi Tefahot Bank (Ramat Gan - Israel)
Mizuho Americas,New York (NY,Mizuho Americas (New York (NY) - US)
Mizuho Bank China,Shanghai - China,Mizuho Bank China (Shanghai - China)
Mizuho Bank Indonesia,Jakarta - Indonesia,Mizuho Bank Indonesia (Jakarta - Indonesia)
Mizuho Bank Malaysia,Kuala Lumpur - Malaysia,Mizuho Bank Malaysia (Kuala Lumpur - Malaysia)
Mizuho Bank Mexico,Mexico City - Mexico,Mizuho Bank Mexico (Mexico City - Mexico)
Mizuho Bank Thailand,Bangkok - Thailand,Mizuho Bank Thailand (Bangkok - Thailand)
Mizuho Financial Group,Tokyo - Japan,Mizuho Financial Group (Tokyo - Japan)
Mizuho International,London - UK,Mizuho International (London - GB)
Mizuho Trust and Banking,Tokyo - Japan,Mizuho Trust and Banking (Tokyo - Japan)
MKB Nextebank,Bucharest - Romania,MKB Nextebank (Bucharest - Romania)
MKB Unionbank,Sofia - Bulgaria,MKB Unionbank (Sofia - Bulgaria)
MMG Bank & Trust,Nassau - Bahamas,MMG Bank & Trust (Nassau - Bahamas)
MMG Bank Panama,Panama City - Panama,MMG Bank Panama (Panama City - Panama)
MNB Corporation,Bangor (PA,MNB Corporation (Bangor (PA) - US)
Mobi Banka,Belgrade - Serbia,Mobi Banka (Belgrade - Serbia)
Modulbank,Kostroma - Russia,Modulbank (Kostroma - Russia)
Moldindconbank,Chisinau - Moldova,Moldindconbank (Chisinau - Moldova)
Moldova Agroindbank,Chisinau - Moldova,Moldova Agroindbank (Chisinau - Moldova)
Momiji Bank,Hiroshima - Japan,Momiji Bank (Hiroshima - Japan)
Monarch financial Holdings,CHESAPEAKE - US,Monarch financial Holdings (CHESAPEAKE - US)
MONETA Money Bank,Prague - Czech Republic,MONETA Money Bank (Prague - Czech Republic)
Mongol Post Bank,Ulaanbataar - Mongolia,Mongol Post Bank (Ulaanbataar - Mongolia)
Monmouthshire Building Society,Newport - UK,Monmouthshire Building Society (Newport - GB)
Monroe Bancorp,Bloomington (IN,Monroe Bancorp (Bloomington (IN) - US)
MontazhSpetsBank,Moscow - Russia,MontazhSpetsBank (Moscow - Russia)
Monte Paschi Banque,Paris - France,Monte Paschi Banque (Paris - France)
Montecito Bancorp,Santa Barbara (CA,Montecito Bancorp (Santa Barbara (CA) - US)
Montgomery Bancorporation,Sikeston (MO,Montgomery Bancorporation (Sikeston (MO) - US)
Monument Bank,London - UK,Monument Bank (London - GB)
Monzo Bank,London - UK,Monzo Bank (London - GB)
Moody Bancshares,Galveston (TX,Moody Bancshares (Galveston (TX) - US)
Mora Banc Grup,Andorra la Vella - Andorra,Mora Banc Grup (Andorra la Vella - Andorra)
Mordovpromstroybank,Saransk - Russia,Mordovpromstroybank (Saransk - Russia)
Morgan Stanley,New York (NY,Morgan Stanley (New York (NY) - US)
Morgan Stanley Bank International,London - UK,Morgan Stanley Bank International (London - GB)
Morgan Stanley BV,Amsterdam - Netherlands,Morgan Stanley BV (Amsterdam - Netherlands)
Morgan Stanley Europe Holding,Frankfurt am Main - Germany,Morgan Stanley Europe Holding (Frankfurt am Main - Germany)
Morgan Stanley Russia,Moscow - Russia,Morgan Stanley Russia (Moscow - Russia)
Morrill Bancshares,Merriam - US,Morrill Bancshares (Merriam - US)
Morskoy Transportny Bank,Illichivsk - Ukraine,Morskoy Transportny Bank (Illichivsk - Ukraine)
Moscomprivatbank,Moscow - Russia,Moscomprivatbank (Moscow - Russia)
Moscow City Bank,Moscow - Russia,Moscow City Bank (Moscow - Russia)
Moscow Industrial Bank,Moscow - Russia,Moscow Industrial Bank (Moscow - Russia)
Moskommertsbank,Moscow - Russia,Moskommertsbank (Moscow - Russia)
Mosstroieconombank,Moscow - Russia,Mosstroieconombank (Moscow - Russia)
Mountain Home Bancshares,Mountain Home (AR,Mountain Home Bancshares (Mountain Home (AR) - US)
Mountain States Bancorporation,Denver (CO,Mountain States Bancorporation (Denver (CO) - US)
Mountainone Financial Partners,North Adams (MA,Mountainone Financial Partners (North Adams (MA) - US)
Mox Bank,Hong Kong - Hong Kong,Mox Bank (Hong Kong - Hong Kong S.A.R.)
Moza Banco,Maputo - Mozambique,Moza Banco (Maputo - Mozambique)
Mriya Bank,Kiev - Ukraine,Mriya Bank (Kiev - Ukraine)
MT Bank,Kremenchuk - Ukraine,MT Bank (Kremenchuk - Ukraine)
MTB,Budapest - Hungary,MTB (Budapest - Hungary)
MTS Bank,Moscow - Russia,MTS Bank (Moscow - Russia)
MUFG America Holdings Corporation,San Francisco (CA,MUFG America Holdings Corporation (San Francisco (CA) - US)
Multibank,Panama City - Panama,Multibank (Panama City - Panama)
Multitude Bank,Gzira - Malta,Multitude Bank (Gzira - Malta)
Munchener Hypothekenbank,Munich - Germany,Munchener Hypothekenbank (Munich - Germany)
Municipal Bank,Sofia - Bulgaria,Municipal Bank (Sofia - Bulgaria)
Musashino Bank,Saitama - Japan,Musashino Bank (Saitama - Japan)
Mutual Trust Bank,Dhaka - Bangladesh,Mutual Trust Bank (Dhaka - Bangladesh)
MutualFirst Financial,Muncie (IN,MutualFirst Financial (Muncie (IN) - US)
Mutuelles Congolaises d’Epargne et de Credit,Brazzaville - Republic of Congo,Mutuelles Congolaises d’Epargne et de Credit (Brazzaville - Congo)
Myanmar Citizens Bank,Yangon - Myanmar,Myanmar Citizens Bank (Yangon - Myanmar)
Myanmar Investment and Commercial Bank,Yangon - Myanmar,Myanmar Investment and Commercial Bank (Yangon - Myanmar)
Myanmar Oriental Bank,Yangon - Myanmar,Myanmar Oriental Bank (Yangon - Myanmar)
Mybank,Quetta - Pakistan,Mybank (Quetta - Pakistan)
MYBank,Hangzhou - China,MYBank (Hangzhou - China)
MyBucks,Blantyre - Malawi,MyBucks (Blantyre - Malawi)
Myers Bancshares,Alva (OK,Myers Bancshares (Alva (OK) - US)
Mystic Financial,Medford (MA,Mystic Financial (Medford (MA) - US)
N M Rothschild & Sons,London - UK,N M Rothschild & Sons (London - GB)
N W Services Corporation,Ringgold (GA,N W Services Corporation (Ringgold (GA) - US)
Nabil Bank,Kathmandu - Nepal,Nabil Bank (Kathmandu - Nepal)
Nacional Financiera,Mexico City - Mexico,Nacional Financiera (Mexico City - Mexico)
Nadra Bank,Kiev - Ukraine,Nadra Bank (Kiev - Ukraine)
Nagano Bank,Matsumoto - Japan,Nagano Bank (Matsumoto - Japan)
Nainital Bank,Nainital - India,Nainital Bank (Nainital - India)
Nam A Commercial Bank,Ho Chi Minh City - Vietnam,Nam A Commercial Bank (Ho Chi Minh City - Vietnam)
Namihaya Bank,Osaka - Japan,Namihaya Bank (Osaka - Japan)
Nanning City Commercial Bank,Nanning - China,Nanning City Commercial Bank (Nanning - China)
Nanto Bank,Nara - Japan,Nanto Bank (Nara - Japan)
Nantong Rural Commercial Bank,Nantong - China,Nantong Rural Commercial Bank (Nantong - China)
Nanxun Bank,Anshan - China,Nanxun Bank (Anshan - China)
Nanyang Commercial Bank,Hong Kong - Hong Kong,Nanyang Commercial Bank (Hong Kong - Hong Kong S.A.R.)
Nanyang Commercial Bank China,Shanghai - China,Nanyang Commercial Bank China (Shanghai - China)
Narragansett Financial Corp,Fall River (MA,Narragansett Financial Corp (Fall River (MA) - US)
Nasa Banka,Mostar - Bosnia-Herzegovina,Nasa Banka (Mostar - Bosnia and Herzegovina)
Nassauische Sparkasse,Wiesbaden - Germany,Nassauische Sparkasse (Wiesbaden - Germany)
Natcom Bancshares,Superior (WI,Natcom Bancshares (Superior (WI) - US)
Natexis Banque Populaires,Paris - France,Natexis Banque Populaires (Paris - France)
National Americas Holdings,New York (NY,National Americas Holdings (New York (NY) - US)
National Australia Bank,Melbourne - Australia,National Australia Bank (Melbourne - Australia)
National Bancorp of Alaska,Anchorage (AK,National Bancorp of Alaska (Anchorage (AK) - US)
National Bancshares Corporation,Orrville (OH,National Bancshares Corporation (Orrville (OH) - US)
National Bank,Dhaka - Bangladesh,National Bank (Dhaka - Bangladesh)
National Bank,Essen - Germany,National Bank (Essen - Germany)
National Bank for Foreign Economic Activity of the Republic of Uzbekistan,Tashkent - Uzbekistan,National Bank for Foreign Economic Activity of the Republic of Uzbekistan (Tashkent - Uzbekistan)
National Bank Holdings Corporation,Greenwood Village (CO,National Bank Holdings Corporation (Greenwood Village (CO) - US)
National Bank of Abu Dhabi Malaysia,Kuala Lumpur - Malaysia,National Bank of Abu Dhabi Malaysia (Kuala Lumpur - Malaysia)
National Bank of Anguilla,The Valley - Anguilla,National Bank of Anguilla (The Valley - Anguilla)
National Bank of Bahrain,Manama - Bahrain,National Bank of Bahrain (Manama - Bahrain)
National Bank of Belize,Belmopan City - Belize,National Bank of Belize (Belmopan City - Belize)
National Bank of Canada,Montreal - Canada,National Bank of Canada (Montreal - Canada)
National Bank of Commerce,Dar Es Salaam - Tanzania,National Bank of Commerce (Dar Es Salaam - Tanzania)
National Bank of Dominica,Roseau - Dominica,National Bank of Dominica (Roseau - Dominica)
National Bank of Dubai,Dubai - United Arab Emirates,National Bank of Dubai (Dubai - United Arab Emirates)
National Bank of Egypt,Cairo - Egypt,National Bank of Egypt (Cairo - Egypt)
National Bank of Egypt UK,London - UK,National Bank of Egypt UK (London - GB)
National Bank of Fujairah,Fujairah - United Arab Emirates,National Bank of Fujairah (Fujairah - United Arab Emirates)
National Bank of Greece,Athens - Greece,National Bank of Greece (Athens - Greece)
National Bank of Greece Cyprus,Nicosia - Cyprus,National Bank of Greece Cyprus (Nicosia - Cyprus)
National Bank of Greece Malta,Sliema - Malta,National Bank of Greece Malta (Sliema - Malta)
National Bank of Indianapolis Corporation,Indianapolis (IN,National Bank of Indianapolis Corporation (Indianapolis (IN) - US)
National Bank of Kenya,Nairobi - Kenya,National Bank of Kenya (Nairobi - Kenya)
National Bank of Kuwait,NBK,National Bank of Kuwait (NBK) (Sharq - Kuwait)
National Bank of Kuwait Egypt,Giza - Egypt,National Bank of Kuwait Egypt (Giza - Egypt)
National Bank of Kuwait International,London - UK,National Bank of Kuwait International (London - GB)
National Bank of Kuwait Lebanon,Beirut - Lebanon,National Bank of Kuwait Lebanon (Beirut - Lebanon)
National Bank of Malawi,Blantyre - Malawi,National Bank of Malawi (Blantyre - Malawi)
National Bank of Oman,Ruwi - Oman,National Bank of Oman (Ruwi - Oman)
National Bank of Pakistan,Karachi - Pakistan,National Bank of Pakistan (Karachi - Pakistan)
National Bank of Pakistan Afghanistan,Kabul - Afghanistan,National Bank of Pakistan Afghanistan (Kabul - Afghanistan)
National Bank of Ras Al-Khaimah,Ras Al-Khaimah - United Arab Emirates,National Bank of Ras Al-Khaimah (Ras Al-Khaimah - United Arab Emirates)
National Bank of Umm Al Qaiwain,Umm Al-Qaiwain - United Arab Emirates,National Bank of Umm Al Qaiwain (Umm Al-Qaiwain - United Arab Emirates)
National Bank of Yemen,Aden - Yemen,National Bank of Yemen (Aden - Yemen)
National Bankshares,Blacksburg (VA,National Bankshares (Blacksburg (VA) - US)
National Citizen Commercial,Ho Chi Minh City - Vietnam,National Citizen Commercial (Ho Chi Minh City - Vietnam)
National City Bancorp,Minneapolis (MN,National City Bancorp (Minneapolis (MN) - US)
National City Corp,Cleveland (OH,National City Corp (Cleveland (OH) - US)
National Commerce Financial Corporation,Memphis (TN,National Commerce Financial Corporation (Memphis (TN) - US)
National Commercial Bank,Hong Kong - Hong Kong,National Commercial Bank (Hong Kong - Hong Kong S.A.R.)
National Commercial Bank,Al Bayda - Libya,National Commercial Bank (Al Bayda - Libya)
National Commercial Bank Jamaica,Kingston - Jamaica,National Commercial Bank Jamaica (Kingston - Jamaica)
National Consumer Cooperative Bank,Washington (DC,National Consumer Cooperative Bank (Washington (DC) - US)
National Counties Building Society,Epsom - UK,National Counties Building Society (Epsom - GB)
National Credit & Commerce Bank,Dhaka - Bangladesh,National Credit & Commerce Bank (Dhaka - Bangladesh)
National Credit Bank,Kiev - Ukraine,National Credit Bank (Kiev - Ukraine)
National Development Bank PLC,Colombo - Sri Lanka,National Development Bank PLC (Colombo - Sri Lanka)
National Housing & Savings Bank,Monrovia - Liberia,National Housing & Savings Bank (Monrovia - Liberia)
National Industrial Credit Bank,Nairobi - Kenya,National Industrial Credit Bank (Nairobi - Kenya)
National Investment Industrial Bank,Moscow - Russia,National Investment Industrial Bank (Moscow - Russia)
National Islamic Bank,Baghdad - Iraq,National Islamic Bank (Baghdad - Iraq)
National Microfinance Bank,Dar Es Salaam - Tanzania,National Microfinance Bank (Dar Es Salaam - Tanzania)
National Penn Bancshares,Boyertown (PA,National Penn Bancshares (Boyertown (PA) - US)
National Reserve Bank,Moscow - Russia,National Reserve Bank (Moscow - Russia)
National Trust,Toronto - Canada,National Trust (Toronto - Canada)
National Westminster Bank,London - UK,National Westminster Bank (London - GB)
National Westminster Bank,London - UK,National Westminster Bank (London - GB)
Nations Trust Bank,Colombo - Sri Lanka,Nations Trust Bank (Colombo - Sri Lanka)
NationsBank,Charlotte (NC,NationsBank (Charlotte (NC) - US)
Nationwide Building Society,Northampton - UK,Nationwide Building Society (Northampton - GB)
Natixis,Paris - France,Natixis (Paris - France)
NatWest Group,Edinburgh - UK,NatWest Group (Edinburgh - GB)
NatWest Markets India,Mumbai - India,NatWest Markets India (Mumbai - India)
NatWest Markets NV,Amsterdam - Netherlands,NatWest Markets NV (Amsterdam - Netherlands)
NB&T Financial Group,Wilmington (OH,NB&T Financial Group (Wilmington (OH) - US)
NBC Bank,Baku - Azerbaijan,NBC Bank (Baku - Azerbaijan)
NBD Bank,Nizhny Novgorod - Russia,NBD Bank (Nizhny Novgorod - Russia)
NBH Holdings Corp,Boston (MA,NBH Holdings Corp (Boston (MA) - US)
NBM Corporation,McAlester (OK,NBM Corporation (McAlester (OK) - US)
NBS Bank,Blantyre - Malawi,NBS Bank (Blantyre - Malawi)
NBT Bancorp,Norwich (NY,NBT Bancorp (Norwich (NY) - US)
NCBA,Nairobi - Kenya,NCBA (Nairobi - Kenya)
NCBA Rwanda,Kigali - Rwanda,NCBA Rwanda (Kigali - Rwanda)
NCBA Tanzania,Dar Es Salaam - Tanzania,NCBA Tanzania (Dar Es Salaam - Tanzania)
NCBA Uganda,Kampala - Uganda,NCBA Uganda (Kampala - Uganda)
Near East Bank,Lefkosha - Northern Cyprus,Near East Bank (Lefkosha - Northern Cyprus)
NEB Corp,Fond du Lac (WI,NEB Corp (Fond du Lac (WI) - US)
Nedbank Eswatini,Mbabane - Eswatini,Nedbank Eswatini (Mbabane - Swaziland)
Nedbank Group,Johannesburg - South Africa,Nedbank Group (Johannesburg - South Africa)
Nedbank Lesotho,Maseru - Lesotho,Nedbank Lesotho (Maseru - Lesotho)
Nedbank Mozambique,Maputo - Mozambique,Nedbank Mozambique (Maputo - Mozambique)
Nedbank Namibia,Windhoek - Namibia,Nedbank Namibia (Windhoek - Namibia)
Nedbank Private Wealth,Douglas - UK,Nedbank Private Wealth (Douglas - GB)
Nedbank Zimbabwe,Harare - Zimbabwe,Nedbank Zimbabwe (Harare - Zimbabwe)
Nederlandse Waterschapsbank,The Hague - Netherlands,Nederlandse Waterschapsbank (The Hague - Netherlands)
Nelnet Bank,Draper (UT,Nelnet Bank (Draper (UT) - US)
Neo Bank Asia,Minsk - Belarus,Neo Bank Asia (Minsk - Belarus)
Nepal Bangladesh Bank,Kathmandu - Nepal,Nepal Bangladesh Bank (Kathmandu - Nepal)
Nepal Bank,Kathmandu - Nepal,Nepal Bank (Kathmandu - Nepal)
Nepal Credit and Commerce Bank,Siddhartha Nagar - Nepal,Nepal Credit and Commerce Bank (Siddhartha Nagar - Nepal)
Nepal Investment Mega Bank,Kathmandu - Nepal,Nepal Investment Mega Bank (Kathmandu - Nepal)
Nepal SBI Bank,Kathmandu - Nepal,Nepal SBI Bank (Kathmandu - Nepal)
Nest Bank,Warsaw - Poland,Nest Bank (Warsaw - Poland)
Neue Privat Bank,Zurich - Switzerland,Neue Privat Bank (Zurich - Switzerland)
New Hampshire Mutual Bancorp,Manchester - US,New Hampshire Mutual Bancorp (Manchester - US)
New Kabul Bank,Kabul - Afghanistan,New Kabul Bank (Kabul - Afghanistan)
New Symbol Bank,Moscow - Russia,New Symbol Bank (Moscow - Russia)
New York Community Bancorp,Westbury (NY,New York Community Bancorp (Westbury (NY) - US)
New York Private Bank & Trust Corporation,New York (NY,New York Private Bank & Trust Corporation (New York (NY) - US)
NewAlliance Bancshares,New Haven (CT,NewAlliance Bancshares (New Haven (CT) - US)
Newbridge Bancorp,Greensboro - US,Newbridge Bancorp (Greensboro - US)
Newbury Building Society,Newbury - UK,Newbury Building Society (Newbury - GB)
Newburyport Five Cents Bancorp,Newburyport - US,Newburyport Five Cents Bancorp (Newburyport - US)
Newcastle Building Society,Newcastle-upon-Tyne - UK,Newcastle Building Society (Newcastle-upon-Tyne - GB)
Newcastle Greater Mutual Group,Newcastle West - Australia,Newcastle Greater Mutual Group (Newcastle West - Australia)
Newfield Bancorp,Newfield (NJ,Newfield Bancorp (Newfield (NJ) - US)
Newmil Bancorp,New Milford (CT,Newmil Bancorp (New Milford (CT) - US)
NexBank,Dallas (TX,NexBank (Dallas (TX) - US)
Nextier Incorporated,Butler - US,Nextier Incorporated (Butler - US)
NI Bancshares Corporation,Sycamore (IL,NI Bancshares Corporation (Sycamore (IL) - US)
NIB Bank,Karachi - Pakistan,NIB Bank (Karachi - Pakistan)
NIB International Bank,Addis Ababa - Ethiopia,NIB International Bank (Addis Ababa - Ethiopia)
NIBC Holding,The Hague - Netherlands,NIBC Holding (The Hague - Netherlands)
NIC Bank Asia,Kathmandu - Nepal,NIC Bank Asia (Kathmandu - Nepal)
Nicolet Bankshares,Green Bay (WI,Nicolet Bankshares (Green Bay (WI) - US)
Nidwaldner Kantonalbank,Stans - Switzerland,Nidwaldner Kantonalbank (Stans - Switzerland)
Niederosterreichische Landesbank Hypothekenbank,Vienna - Austria,Niederosterreichische Landesbank Hypothekenbank (Vienna - Austria)
Nikko Bank,London - UK,Nikko Bank (London - GB)
NIKoil IBG Bank,Moscow - Russia,NIKoil IBG Bank (Moscow - Russia)
Nile Bank Egypt,Cairo - Egypt,Nile Bank Egypt (Cairo - Egypt)
Nile Bank Uganda,Kampala - Uganda,Nile Bank Uganda (Kampala - Uganda)
Ningbo Commerce Bank,Ningbo - China,Ningbo Commerce Bank (Ningbo - China)
Ningbo Yinzhou Rural Cooperative Bank,Ningbo - China,Ningbo Yinzhou Rural Cooperative Bank (Ningbo - China)
Nishi Nippon City Bank,Fukuoka - Japan,Nishi Nippon City Bank (Fukuoka - Japan)
Nizhegorodpromstroibank,Nizhny Novgorod - Russia,Nizhegorodpromstroibank (Nizhny Novgorod - Russia)
NLB Bank Podgorica,Podgorica - Montenegro,NLB Bank Podgorica (Podgorica - Montenegro)
NLB Banka Beograd,Belgrade - Serbia,NLB Banka Beograd (Belgrade - Serbia)
NLB Continental Banka a.d. Novi Sad,Novi Sad - Serbia,NLB Continental Banka a.d. Novi Sad (Novi Sad - Serbia)
NLB Komercijalna Banka,Belgrade - Serbia,NLB Komercijalna Banka (Belgrade - Serbia)
NLB LHB Banka Beograd,Belgrade - Serbia,NLB LHB Banka Beograd (Belgrade - Serbia)
NLB Prishtina,Pristina - Kosovo,NLB Prishtina (Pristina - Kosovo)
NLB Razvojna Banka a.d. Banja Luka,Mostar - Bosnia-Herzegovina,NLB Razvojna Banka a.d. Banja Luka (Mostar - Bosnia and Herzegovina)
NLB Sarajevo,Sarajevo - Bosnia-Herzegovina,NLB Sarajevo (Sarajevo - Bosnia and Herzegovina)
NLB Tutunska Banka,Skopje - Macedonia,NLB Tutunska Banka (Skopje - Macedonia)
NMB Bank,Kathmandu - Nepal,NMB Bank (Kathmandu - Nepal)
NMBZ Holdings,Harare - Zimbabwe,NMBZ Holdings (Harare - Zimbabwe)
NNIL Commercial,Kaduna - Nigeria,NNIL Commercial (Kaduna - Nigeria)
NOBA Bank,Stockholm - Sweden,NOBA Bank (Stockholm - Sweden)
Noble Grossart,Edinburgh - UK,Noble Grossart (Edinburgh - GB)
Nomura Bank International,London - UK,Nomura Bank International (London - GB)
Nomura Bank Nederland,Amsterdam - Netherlands,Nomura Bank Nederland (Amsterdam - Netherlands)
Nomura Holdings,Tokyo - Japan,Nomura Holdings (Tokyo - Japan)
NongHyup Financial Group,Seoul - South Korea,NongHyup Financial Group (Seoul - South Korea)
Noor Bank,Dubai - United Arab Emirates,Noor Bank (Dubai - United Arab Emirates)
Nord Ostsee Sparkasse,Schleswig - Germany,Nord Ostsee Sparkasse (Schleswig - Germany)
Norddeutsche Landesbank,Hannover - Germany,Norddeutsche Landesbank (Hannover - Germany)
Norddeutsche Landesbank Luxembourg,Luxembourg - Luxembourg,Norddeutsche Landesbank Luxembourg (Luxembourg - Luxembourg)
Nordea Bank Denmark,Copenhagen - Denmark,Nordea Bank Denmark (Copenhagen - Denmark)
Nordea Bank Finland,Helsinki - Finland,Nordea Bank Finland (Helsinki - Finland)
Nordea Bank Luxembourg,Luxembourg - Luxembourg,Nordea Bank Luxembourg (Luxembourg - Luxembourg)
Nordea Bank Norge ASA,Oslo - Norway,Nordea Bank Norge ASA (Oslo - Norway)
Nordea Bank Polska,Gdynia - Poland,Nordea Bank Polska (Gdynia - Poland)
Nordea Bank Russia,Moscow - Russia,Nordea Bank Russia (Moscow - Russia)
Nordea Bank Sweden,Stockholm - Sweden,Nordea Bank Sweden (Stockholm - Sweden)
Nordea Group,Helsinki - Finland,Nordea Group (Helsinki - Finland)
Nordjyske Bank,Frederikshavn - Denmark,Nordjyske Bank (Frederikshavn - Denmark)
Nordlandsbanken,NB,Nordlandsbanken (NB) (Bodø - Norway)
Norinchukin Bank,Tokyo - Japan,Norinchukin Bank (Tokyo - Japan)
Norisbank,Nuremberg - Germany,Norisbank (Nuremberg - Germany)
Norresundby Bank,Nørresundby - Denmark,Norresundby Bank (Nørresundby - Denmark)
North Africa Commercial Bank,Beirut - Lebanon,North Africa Commercial Bank (Beirut - Lebanon)
North Africa International Bank,Tunis - Tunisia,North Africa International Bank (Tunis - Tunisia)
North American Bancshares,Sherman (TX,North American Bancshares (Sherman (TX) - US)
North American Savings Bank,Grandview (MO,North American Savings Bank (Grandview (MO) - US)
North Fork Bancorporation,Melville - US,North Fork Bancorporation (Melville - US)
North Pacific Bank,Sapporo - Japan,North Pacific Bank (Sapporo - Japan)
North Pacific Bank,Sapporo - Japan,North Pacific Bank (Sapporo - Japan)
North Valley Bancorp,Redding (CA,North Valley Bancorp (Redding (CA) - US)
Northeast Bancorp,Lewiston (ME,Northeast Bancorp (Lewiston (ME) - US)
Northern Bank,Abington (MA,Northern Bank (Abington (MA) - US)
Northern Empire Bancshares,Santa Rosa (CA,Northern Empire Bancshares (Santa Rosa (CA) - US)
Northern States Financial Corporation,Waukegan (IL,Northern States Financial Corporation (Waukegan (IL) - US)
Northern Trust Corporation,Chicago (IL,Northern Trust Corporation (Chicago (IL) - US)
Northfield Bancorp,Woodbridge (NJ,Northfield Bancorp (Woodbridge (NJ) - US)
Northrim Bancorp,Anchorage (AK,Northrim Bancorp (Anchorage (AK) - US)
Northwest Bancshares,Warren (PA,Northwest Bancshares (Warren (PA) - US)
Northwest Financial Corp,Arnolds Park (IA,Northwest Financial Corp (Arnolds Park (IA) - US)
Northwest Indiana Bancorp,Munster (IN,Northwest Indiana Bancorp (Munster (IN) - US)
Norway Bancorp,Norway (ME,Norway Bancorp (Norway (ME) - US)
Norwich and Peterborough Building Society,Peterborough - UK,Norwich and Peterborough Building Society (Peterborough - GB)
Norwood Financial Corp,Honesdale (PA,Norwood Financial Corp (Honesdale (PA) - US)
Nossa Caixa,São Paulo - Brazil,Nossa Caixa (São Paulo - Brazil)
NOTA Bank,Moscow - Russia,NOTA Bank (Moscow - Russia)
Nottingham Building Society,Nottingham - UK,Nottingham Building Society (Nottingham - GB)
Nova banka a.d. Banja Luka,Mostar - Bosnia-Herzegovina,Nova banka a.d. Banja Luka (Mostar - Bosnia and Herzegovina)
Nova Ljubljanska Banka,NLB,Nova Ljubljanska Banka (NLB) (Ljubljana - Slovenia)
Novikombank,Moscow - Russia,Novikombank (Moscow - Russia)
Novo Banco,Lisbon - Portugal,Novo Banco (Lisbon - Portugal)
Novo Banco Continental,Porto Alegre - Brazil,Novo Banco Continental (Porto Alegre - Brazil)
Novo Banco Venezuela,Caracas - Venezuela,Novo Banco Venezuela (Caracas - Venezuela)
NRB Bank,Dhaka - Bangladesh,NRB Bank (Dhaka - Bangladesh)
NRBC Bank,Dhaka - Bangladesh,NRBC Bank (Dhaka - Bangladesh)
NRBC Holding Corporation,Chicago (IL,NRBC Holding Corporation (Chicago (IL) - US)
NS Bancorp,Chicago - Uzbekistan,NS Bancorp (Chicago - Uzbekistan)
NSB Holding Corp,Staten Island (NY,NSB Holding Corp (Staten Island (NY) - US)
NSIA Bank Benin,Cotonou - Benin,NSIA Bank Benin (Cotonou - Benin)
NSIA Bank Senegal,Dakar - Senegal,NSIA Bank Senegal (Dakar - Senegal)
NSIA Bank Togo,Lomé - Togo,NSIA Bank Togo (Lomé - Togo)
NSIA Banque,Abidjan - Côte d`Ivoire,NSIA Banque (Abidjan - Cote D'Ivoire)
Nubank,São Paulo - Brazil,Nubank (São Paulo - Brazil)
Nuevo Banco Bisel,Santa Fe - Argentina,Nuevo Banco Bisel (Santa Fe - Argentina)
Nuevo Banco de Entre Rios,Parana - Argentina,Nuevo Banco de Entre Rios (Parana - Argentina)
Nuevo Banco de Santa Fe,Santa Fe - Argentina,Nuevo Banco de Santa Fe (Santa Fe - Argentina)
Nuevo Banco del Chaco,Chaco - Argentina,Nuevo Banco del Chaco (Chaco - Argentina)
Nurbank,Almaty - Kazakhstan,Nurbank (Almaty - Kazakhstan)
NVE Bancorp,Englewood (NJ,NVE Bancorp (Englewood (NJ) - US)
Nykredit,Copenhagen - Denmark,Nykredit (Copenhagen - Denmark)
OAK Financial Corporation,Byron Center (MI,OAK Financial Corporation (Byron Center (MI) - US)
Oak Hill Financial,Jackson (OH,Oak Hill Financial (Jackson (OH) - US)
OakNorth Bank,London - UK,OakNorth Bank (London - GB)
O-Bank,Taipei - Taiwan,O-Bank (Taipei - Taiwan)
Oberbank,Linz - Austria,Oberbank (Linz - Austria)
Oberbank Slovakia,Bratislava - Slovakia,Oberbank Slovakia (Bratislava - Slovakia)
Obwaldner Kantonalbank,Sarnen - Switzerland,Obwaldner Kantonalbank (Sarnen - Switzerland)
OCBC Al-Amin Bank,Kuala Lumpur - Malaysia,OCBC Al-Amin Bank (Kuala Lumpur - Malaysia)
OCBC Bank Malaysia,Kuala Lumpur - Malaysia,OCBC Bank Malaysia (Kuala Lumpur - Malaysia)
OCBC Wing Hang Bank,Macau - Macau,OCBC Wing Hang Bank (Macau - Macau S.A.R.)
OCBC Wing Hang Bank,Hong Kong - Hong Kong,OCBC Wing Hang Bank (Hong Kong - Hong Kong S.A.R.)
Occidental Bank Barbados,St Michael - Barbados,Occidental Bank Barbados (St Michael - Barbados)
Ocean Bank,Hai Duong - Vietnam,Ocean Bank (Hai Duong - Vietnam)
Ocean Bankshares,Miami (FL,Ocean Bankshares (Miami (FL) - US)
OceanFirst Bank,Toms River - US,OceanFirst Bank (Toms River - US)
Oceanic Bank,Abuja - Nigeria,Oceanic Bank (Abuja - Nigeria)
Oceanpoint Financial Partners,Newport(RI,Oceanpoint Financial Partners (Newport(RI) - US)
Odea Bank,Istanbul - Turkey,Odea Bank (Istanbul - Turkey)
OFG Bancorp,San Juan - Puerto Rico,OFG Bancorp (San Juan - Puerto Rico)
Ogaki Kyoritsu Bank,Ogaki - Japan,Ogaki Kyoritsu Bank (Ogaki - Japan)
Ogres Komercbanka,Riga - Latvia,Ogres Komercbanka (Riga - Latvia)
Ohio Valley Banc Corp,Gallipolis (OH,Ohio Valley Banc Corp (Gallipolis (OH) - US)
Ohnward Bancshares,Maquoketa (IA,Ohnward Bancshares (Maquoketa (IA) - US)
Ohridska banka AD Skopje,Skopje - Macedonia,Ohridska banka AD Skopje (Skopje - Macedonia)
Oita Bank,Oita - Japan,Oita Bank (Oita - Japan)
Okazaki Shinkin Bank,Okazaki - Japan,Okazaki Shinkin Bank (Okazaki - Japan)
Okinawa Financial Group,Naha - Japan,Okinawa Financial Group (Naha - Japan)
Okinawa Kaiho Bank,Naha - Japan,Okinawa Kaiho Bank (Naha - Japan)
Old Florida Bancshares,Orlando - US,Old Florida Bancshares (Orlando - US)
Old Kent Financial Corp,Grand Rapids (MI,Old Kent Financial Corp (Grand Rapids (MI) - US)
Old Line Bancshares,Bowie (MD,Old Line Bancshares (Bowie (MD) - US)
Old National Bancorp,Evansville (IN,Old National Bancorp (Evansville (IN) - US)
Old Point Financial Corporation,Hampton (VA,Old Point Financial Corporation (Hampton (VA) - US)
Old Second Bancorp,Aurora (IL,Old Second Bancorp (Aurora (IL) - US)
Oldenburgische Landesbank,Oldenburg - Germany,Oldenburgische Landesbank (Oldenburg - Germany)
Olney Bancshares of Texas,Olney (TX,Olney Bancshares of Texas (Olney (TX) - US)
Olympic Bancorp,Port Orchard (WA,Olympic Bancorp (Port Orchard (WA) - US)
Olympiysky Bank,Moscow - Russia,Olympiysky Bank (Moscow - Russia)
Oman Arab Bank,Ruwi - Oman,Oman Arab Bank (Ruwi - Oman)
Omdurman National Bank,Khartoum - Sudan,Omdurman National Bank (Khartoum - Sudan)
Omega Financial Corp,State College (PA,Omega Financial Corp (State College (PA) - US)
Omni Finance,Abidjan - Côte d`Ivoire,Omni Finance (Abidjan - Cote D'Ivoire)
OmniBSIC Bank,Accra - Ghana,OmniBSIC Bank (Accra - Ghana)
Onbancorp,Syracuse - US,Onbancorp (Syracuse - US)
One American Corp,Vacherie (LA,One American Corp (Vacherie (LA) - US)
One Bank,Dhaka - Bangladesh,One Bank (Dhaka - Bangladesh)
One Swiss Bank,Geneva - Switzerland,One Swiss Bank (Geneva - Switzerland)
One Valley Bancorp,Charleston (WV,One Valley Bancorp (Charleston (WV) - US)
OneSavings Bank,Chatham - UK,OneSavings Bank (Chatham - GB)
OP Financial Group,Helsinki - Finland,OP Financial Group (Helsinki - Finland)
Opportunity Bank of Malawi,Lilongwe - Malawi,Opportunity Bank of Malawi (Lilongwe - Malawi)
Optima Bank,Athens - Greece,Optima Bank (Athens - Greece)
Optima Bank,Bishkek - Kyrgyzstan,Optima Bank (Bishkek - Kyrgyzstan)
Orabank,Lomé - Togo,Orabank (Lomé - Togo)
Orabank Benin,Cotonou - Benin,Orabank Benin (Cotonou - Benin)
Orabank Burkina,Ougadougou - Burkina Faso,Orabank Burkina (Ougadougou - Burkina Faso)
Orabank Chad,N`Djamena - Chad,Orabank Chad (N`Djamena - Chad)
Orabank Gabon,Libreville - Gabon,Orabank Gabon (Libreville - Gabon)
Orabank Guinea,Conakry - Guinea,Orabank Guinea (Conakry - Guinea)
Orabank Ivory Coast,Abidjan - Côte d`Ivoire,Orabank Ivory Coast (Abidjan - Cote D'Ivoire)
Orabank Mauritania,Noukachott - Mauritania,Orabank Mauritania (Noukachott - Mauritania)
Orange Bank,Paris - France,Orange Bank (Paris - France)
Orco Bank,Willemstad - Netherlands Antilles,Orco Bank (Willemstad - Netherlands Antilles)
Ordos Bank,Ordos - China,Ordos Bank (Ordos - China)
Orienbank,Dushanbe - Tajikistan,Orienbank (Dushanbe - Tajikistan)
Orient Bank,Ho Chi Minh City - Vietnam,Orient Bank (Ho Chi Minh City - Vietnam)
Orient Express Bank,Blagoveschensk - Russia,Orient Express Bank (Blagoveschensk - Russia)
Orient Finans Bank,Tashkent - Uzbekistan,Orient Finans Bank (Tashkent - Uzbekistan)
Oriental Bank,Kuala Lumpur - Malaysia,Oriental Bank (Kuala Lumpur - Malaysia)
Oriental Bank of Commerce,New Delhi - India,Oriental Bank of Commerce (New Delhi - India)
Origin Bancorp,Ruston - US,Origin Bancorp (Ruston - US)
Orion Bancorp,Naples (FL,Orion Bancorp (Naples (FL) - US)
Oritani Financial Bancorp,Township of Washington - US,Oritani Financial Bancorp (Township of Washington - US)
ORIX Asia,Hong Kong - Hong Kong,ORIX Asia (Hong Kong - Hong Kong S.A.R.)
Oromia International Bank,Addis Ababa - Ethiopia,Oromia International Bank (Addis Ababa - Ethiopia)
Orrstown Financial Services,Shippensburg - US,Orrstown Financial Services (Shippensburg - US)
Osterreichische Volksbanken,Vienna - Austria,Osterreichische Volksbanken (Vienna - Austria)
Ostsee Sparkasse Rostock,Rostock - Germany,Ostsee Sparkasse Rostock (Rostock - Germany)
Otkritie,Moscow - Russia,Otkritie (Moscow - Russia)
Otkritie Financial Corporation Bank,Moscow - Russia,Otkritie Financial Corporation Bank (Moscow - Russia)
OTP Bank,Budapest - Hungary,OTP Bank (Budapest - Hungary)
OTP Bank Croatia,Zagreb - Croatia,OTP Bank Croatia (Zagreb - Croatia)
OTP Bank Moldova,Chisinau - Moldova,OTP Bank Moldova (Chisinau - Moldova)
OTP Bank Romania,Bucharest - Romania,OTP Bank Romania (Bucharest - Romania)
OTP Bank Russia,Moscow - Russia,OTP Bank Russia (Moscow - Russia)
OTP Bank Serbia,Belgrade - Serbia,OTP Bank Serbia (Belgrade - Serbia)
OTP Bank Slovakia,Bratislava - Slovakia,OTP Bank Slovakia (Bratislava - Slovakia)
OTP Bank Ukraine,Kiev - Ukraine,OTP Bank Ukraine (Kiev - Ukraine)
OTP Banka Slovenia,Maribor - Slovenia,OTP Banka Slovenia (Maribor - Slovenia)
Ottawa Bancshares,Salina (KS,Ottawa Bancshares (Salina (KS) - US)
Ottoman Bank,Istanbul - Turkey,Ottoman Bank (Istanbul - Turkey)
Oversea Chinese Banking Corporation,OCBC,Oversea Chinese Banking Corporation (OCBC) (Singapore - Singapore)
Overseas Union Bank,Singapore - Singapore,Overseas Union Bank (Singapore - Singapore)
OWH SE i.L.,Frankfurt am Main - Germany,OWH SE i.L. (Frankfurt am Main - Germany)
Oxford Bank Corporation,Oxford (MI,Oxford Bank Corporation (Oxford (MI) - US)
Oyak Bank,Istanbul - Turkey,Oyak Bank (Istanbul - Turkey)
P&N Bank,Perth - Australia,P&N Bank (Perth - Australia)
PAB Bankshares,Valdosta (GA,PAB Bankshares (Valdosta (GA) - US)
Pacific Bank,Kuala Lumpur - Malaysia,Pacific Bank (Kuala Lumpur - Malaysia)
Pacific Bank,Panama City - Panama,Pacific Bank (Panama City - Panama)
Pacific Capital Bancorp,Santa Barbara (CA,Pacific Capital Bancorp (Santa Barbara (CA) - US)
Pacific Continental Corporation,Eugene (OR,Pacific Continental Corporation (Eugene (OR) - US)
Pacific Mercantile Bancorp,Costa Mesa (CA,Pacific Mercantile Bancorp (Costa Mesa (CA) - US)
Pacific NorthWest Bancorp,Seattle (WA,Pacific NorthWest Bancorp (Seattle (WA) - US)
Pacific Premier Bancorp,Irvine (CA,Pacific Premier Bancorp (Irvine (CA) - US)
Pacwest Bancorp,San Diego (CA,Pacwest Bancorp (San Diego (CA) - US)
Palestine Islamic Bank,Ramallah - Palestine,Palestine Islamic Bank (Ramallah - Palestinian Territory Occupied)
Palm Bancorp,Palmerton (PA,Palm Bancorp (Palmerton (PA) - US)
Palmetto Bancshares,Greenville (SC,Palmetto Bancshares (Greenville (SC) - US)
Pan Asia Banking Corporation,Colombo - Sri Lanka,Pan Asia Banking Corporation (Colombo - Sri Lanka)
Pancretan Cooperative Bank,Heraklion - Greece,Pancretan Cooperative Bank (Heraklion - Greece)
Panellinia Bank,Holargos - Greece,Panellinia Bank (Holargos - Greece)
Panin Dubai Syariah Bank,Jakarta - Indonesia,Panin Dubai Syariah Bank (Jakarta - Indonesia)
Panjin City Commercial Bank,Panjin - China,Panjin City Commercial Bank (Panjin - China)
Panonska Banka,Novi Sad - Serbia,Panonska Banka (Novi Sad - Serbia)
Panzhihua City Commercial Bank,Panzhihua - China,Panzhihua City Commercial Bank (Panzhihua - China)
Parabank,Baku - Azerbaijan,Parabank (Baku - Azerbaijan)
Paragon Bank,Raleigh (NC,Paragon Bank (Raleigh (NC) - US)
Paragon Banking Group,Solihull - UK,Paragon Banking Group (Solihull - GB)
Paramount Universal Bank,Nairobi - Kenya,Paramount Universal Bank (Nairobi - Kenya)
Parana Banco,Paraná - Brazil,Parana Banco (Paraná - Brazil)
Paritetbank,Minsk - Belarus,Paritetbank (Minsk - Belarus)
Park National Corp,Newark (OH,Park National Corp (Newark (OH) - US)
Park Sterling Corporation,Charlotte (NC,Park Sterling Corporation (Charlotte (NC) - US)
Parke Bancorp,Sewell - US,Parke Bancorp (Sewell - US)
Parkway Bancorp,Harwood Heights (IL,Parkway Bancorp (Harwood Heights (IL) - US)
Parsian Bank,Tehran - Iran,Parsian Bank (Tehran - Iran)
Partner Banka,Zagreb - Croatia,Partner Banka (Zagreb - Croatia)
Partners Trust Financial Group,Utica - US,Partners Trust Financial Group (Utica - US)
Pasha Bank,Baku - Azerbaijan,Pasha Bank (Baku - Azerbaijan)
Pasha Bank Georgia,Tbilisi - Georgia,Pasha Bank Georgia (Tbilisi - Georgia)
Pasha Bank Turkey,Istanbul - Turkey,Pasha Bank Turkey (Istanbul - Turkey)
Pashtany Bank,Kabul - Afghanistan,Pashtany Bank (Kabul - Afghanistan)
Passumpsic Bancorp,Saint Johnsbury (VT,Passumpsic Bancorp (Saint Johnsbury (VT) - US)
Pathward Financial,Sioux City (IA,Pathward Financial (Sioux City (IA) - US)
Patria Bank,Bucharest - Romania,Patria Bank (Bucharest - Romania)
Patriot Bancshares,Houston (TX,Patriot Bancshares (Houston (TX) - US)
Peace Bank of Korea,Seoul - South Korea,Peace Bank of Korea (Seoul - South Korea)
Peapack-Gladstone Financial Corporation,Gladstone (NJ,Peapack-Gladstone Financial Corporation (Gladstone (NJ) - US)
Penn Community Bank,Perkasie (PA,Penn Community Bank (Perkasie (PA) - US)
Pennrock Financial Services Corp,Blue Ball (PA,Pennrock Financial Services Corp (Blue Ball (PA) - US)
Penns Woods Bancorp,Jersey Shore (PA,Penns Woods Bancorp (Jersey Shore (PA) - US)
Penrith Building Society,Penrith - UK,Penrith Building Society (Penrith - GB)
Penseco Financial Services Corporation,Scranton (PA,Penseco Financial Services Corporation (Scranton (PA) - US)
People First Bank,Toowoomba - Australia,People First Bank (Toowoomba - Australia)
Peoples,Colorado Springs (CO,Peoples (Colorado Springs (CO) - US)
Peoples Bancorp,Marietta (OH,Peoples Bancorp (Marietta (OH) - US)
Peoples Bancorp of North Carolina,Newton (NC,Peoples Bancorp of North Carolina (Newton (NC) - US)
Peoples Bancorporation,Easley (SC,Peoples Bancorporation (Easley (SC) - US)
Peoples Banctrust Co,Selma (AL,Peoples Banctrust Co (Selma (AL) - US)
Peoples Bank,Lynden (WA,Peoples Bank (Lynden (WA) - US)
People's Bank,Colombo - Sri Lanka,People's Bank (Colombo - Sri Lanka)
People's Bank of Zanzibar,Zanzibar - Tanzania,People's Bank of Zanzibar (Zanzibar - Tanzania)
Peoples Financial Corp,Ford City (PA,Peoples Financial Corp (Ford City (PA) - US)
Peoples Financial Corporation,Biloxi (MS,Peoples Financial Corporation (Biloxi (MS) - US)
Peoples Financial Services Corp,Hallstead (PA,Peoples Financial Services Corp (Hallstead (PA) - US)
Peoples National Bank,Mount Vernon (IL,Peoples National Bank (Mount Vernon (IL) - US)
People's United Financial,Bridgeport (CT,People's United Financial (Bridgeport (CT) - US)
People's Utah Bancorp,American Fork (UT,People's Utah Bancorp (American Fork (UT) - US)
PeoplesBancorp,Holyoke (MA,PeoplesBancorp (Holyoke (MA) - US)
Permanent TSB Group Holdings,Dublin - Ireland,Permanent TSB Group Holdings (Dublin - Ireland)
Persia International Bank,London - UK,Persia International Bank (London - GB)
Petrolimex Group Bank,Hanoi - Vietnam,Petrolimex Group Bank (Hanoi - Vietnam)
Petrovskiy Narodniy Bank,St Petersburg - Russia,Petrovskiy Narodniy Bank (St Petersburg - Russia)
PhileoAllied Bank,Kuala Lumpur - Malaysia,PhileoAllied Bank (Kuala Lumpur - Malaysia)
Philippine Bank of Communications,Makati City - Philippines,Philippine Bank of Communications (Makati City - Philippines)
Philippine National Bank,Pasay City - Philippines,Philippine National Bank (Pasay City - Philippines)
Philippine National Bank Europe,London - UK,Philippine National Bank Europe (London - GB)
Philippine Veterans Bank,Makati City - Philippines,Philippine Veterans Bank (Makati City - Philippines)
Philippines Business Bank,Caloocan City - Philippines,Philippines Business Bank (Caloocan City - Philippines)
PhillipBank,Phnom Penh - Cambodia,PhillipBank (Phnom Penh - Cambodia)
Philtrust Bank,Manila - Philippines,Philtrust Bank (Manila - Philippines)
Phnom Penh Commercial Bank,Phnom Penh - Cambodia,Phnom Penh Commercial Bank (Phnom Penh - Cambodia)
Phongsavanh Bank,Vientiane - Laos,Phongsavanh Bank (Vientiane - Laos)
Pictet,Geneva - Switzerland,Pictet (Geneva - Switzerland)
Pictet & Cie Europe,Luxembourg - Luxembourg,Pictet & Cie Europe (Luxembourg - Luxembourg)
Piedmont Community Bank Holdings,Raleigh (NC,Piedmont Community Bank Holdings (Raleigh (NC) - US)
Piermont Bank,New York (NY,Piermont Bank (New York (NY) - US)
Piguet Galland,Geneva - Switzerland,Piguet Galland (Geneva - Switzerland)
Ping An Bank,Shenzhen - China,Ping An Bank (Shenzhen - China)
Ping An Bank,Shenzhen - China,Ping An Bank (Shenzhen - China)
Ping An OneConnect Bank,Hong Kong - Hong Kong,Ping An OneConnect Bank (Hong Kong - Hong Kong S.A.R.)
Pinnacle Bancorp,Central City (NE,Pinnacle Bancorp (Central City (NE) - US)
Pinnacle Financial Corporation,Elberton (GA,Pinnacle Financial Corporation (Elberton (GA) - US)
Pinnacle Financial Partners,Nashville (TN,Pinnacle Financial Partners (Nashville (TN) - US)
Pinnacle Financial Services,St Joseph - US,Pinnacle Financial Services (St Joseph - US)
Piraeus Bank Bulgaria,Sofia - Bulgaria,Piraeus Bank Bulgaria (Sofia - Bulgaria)
Piraeus Bank Serbia,Belgrade - Serbia,Piraeus Bank Serbia (Belgrade - Serbia)
Piraeus Bank Ukraine,Kiev - Ukraine,Piraeus Bank Ukraine (Kiev - Ukraine)
Piraeus Financial Holdings Group,Athens - Greece,Piraeus Financial Holdings Group (Athens - Greece)
Pivdennyi Bank,Odessa - Ukraine,Pivdennyi Bank (Odessa - Ukraine)
PKB Banca Panama,Panama City - Panama,PKB Banca Panama (Panama City - Panama)
PKB Bank,Lugano - Switzerland,PKB Bank (Lugano - Switzerland)
Placer Sierra Bancshares,Sacramento (CA,Placer Sierra Bancshares (Sacramento (CA) - US)
Plains Bancorp,Dimmitt (TX,Plains Bancorp (Dimmitt (TX) - US)
PlainsCapital Corporation,Dallas (TX,PlainsCapital Corporation (Dallas (TX) - US)
Planters Holding Co,Indianola (MS,Planters Holding Co (Indianola (MS) - US)
Platte Valley Bank,Scottsbluff (NE,Platte Valley Bank (Scottsbluff (NE) - US)
Plaza Bank,Irvine (CA,Plaza Bank (Irvine (CA) - US)
PNB Banka,Riga - Latvia,PNB Banka (Riga - Latvia)
PNC Financial Services Group,Pittsburgh (PA,PNC Financial Services Group (Pittsburgh (PA) - US)
PNC Funding Corporation,Pittsburgh (PA,PNC Funding Corporation (Pittsburgh (PA) - US)
Po Sang Bank,Hong Kong - Hong Kong,Po Sang Bank (Hong Kong - Hong Kong S.A.R.)
Podgoricka Bank,Podgorica - Montenegro,Podgoricka Bank (Podgorica - Montenegro)
Podravska Banka,Koprivnica - Croatia,Podravska Banka (Koprivnica - Croatia)
Pointe Financial Corporation,Boca Raton (FL,Pointe Financial Corporation (Boca Raton (FL) - US)
Polaris Bank,Lagos - Nigeria,Polaris Bank (Lagos - Nigeria)
Police Bank,Sydney - Australia,Police Bank (Sydney - Australia)
Policombank,Chernivtsi - Ukraine,Policombank (Chernivtsi - Ukraine)
Popular,San Juan - Puerto Rico,Popular (San Juan - Puerto Rico)
Popular Bank,Panama City - Panama,Popular Bank (Panama City - Panama)
Port Financial Corp,Brighton - US,Port Financial Corp (Brighton - US)
Portigon AG,Düsseldorf - Germany,Portigon AG (Düsseldorf - Germany)
Post Bank of Iran,Tehran - Iran,Post Bank of Iran (Tehran - Iran)
Post Oak Bank,Houston (TX,Post Oak Bank (Houston (TX) - US)
Postabank es Takarekpenztar,Budapest - Hungary,Postabank es Takarekpenztar (Budapest - Hungary)
Postal Bank Skopje,Skopje - Macedonia,Postal Bank Skopje (Skopje - Macedonia)
Postal Savings Bank of China,Beijing - China,Postal Savings Bank of China (Beijing - China)
Postbanken,Oslo - Norway,Postbanken (Oslo - Norway)
Postgirot Bank,Stockholm - Sweden,Postgirot Bank (Stockholm - Sweden)
Postna banka Slovenije,Ljubljana - Slovenia,Postna banka Slovenije (Ljubljana - Slovenia)
Powszechna Kasa Oszczednosci Bank Polski,Warsaw - Poland,Powszechna Kasa Oszczednosci Bank Polski (Warsaw - Poland)
Powszechny Bank Kredytowy SA w Warszawie,Warsaw - Poland,Powszechny Bank Kredytowy SA w Warszawie (Warsaw - Poland)
PPF banka,Prague - Czech Republic,PPF banka (Prague - Czech Republic)
Prabhu Bank,Kathmandu - Nepal,Prabhu Bank (Kathmandu - Nepal)
Pravex Bank,Kiev - Ukraine,Pravex Bank (Kiev - Ukraine)
Preferred Bank,Los Angeles (CA,Preferred Bank (Los Angeles (CA) - US)
Premier Bancshares,Atlanta (GA,Premier Bancshares (Atlanta (GA) - US)
Premier Bank,Dhaka - Bangladesh,Premier Bank (Dhaka - Bangladesh)
Premier Bank Kenya,Nairobi - Kenya,Premier Bank Kenya (Nairobi - Kenya)
Premier Financial Bancorp,Huntington (WV,Premier Financial Bancorp (Huntington (WV) - US)
Premier Financial Corp,Defiance (OH,Premier Financial Corp (Defiance (OH) - US)
Premier National Bancorp,Lagrange (GA,Premier National Bancorp (Lagrange (GA) - US)
Premierbank,Dnipropetrovsk - Ukraine,Premierbank (Dnipropetrovsk - Ukraine)
Premium Bank,Baku - Azerbaijan,Premium Bank (Baku - Azerbaijan)
Prima Banka Slovensko,Zilina - Slovakia,Prima Banka Slovensko (Zilina - Slovakia)
Prime Bank,Nairobi - Kenya,Prime Bank (Nairobi - Kenya)
Prime Bank,Dhaka - Bangladesh,Prime Bank (Dhaka - Bangladesh)
Prime Commercial Bank,Kathmandu - Nepal,Prime Commercial Bank (Kathmandu - Nepal)
Prime Commercial Bank,Lahore - Pakistan,Prime Commercial Bank (Lahore - Pakistan)
Primer Banco de Ahorro y Prestamo para la Vivienda Familiar,Guatemala City - Guatemala,Primer Banco de Ahorro y Prestamo para la Vivienda Familiar (Guatemala City - Guatemala)
Primer Banco del Istmo,Panama City - Panama,Primer Banco del Istmo (Panama City - Panama)
Primorska Banka,Rijecka - Croatia,Primorska Banka (Rijecka - Croatia)
Primsotsbank,Vladivostok - Russia,Primsotsbank (Vladivostok - Russia)
Prince Bank,Phnom Penh - Cambodia,Prince Bank (Phnom Penh - Cambodia)
Princeton National Bancorp,Princeton (IL,Princeton National Bancorp (Princeton (IL) - US)
Principality Building Society,Cardiff - UK,Principality Building Society (Cardiff - GB)
Priorbank JSC,Minsk - Belarus,Priorbank JSC (Minsk - Belarus)
Prival Bank,Panama City - Panama,Prival Bank (Panama City - Panama)
Prival Bank Costa Rica,San José - Costa Rica,Prival Bank Costa Rica (San José - Costa Rica)
PrivatBank,Dnipropetrovsk - Ukraine,PrivatBank (Dnipropetrovsk - Ukraine)
Privatbank Bellerive,Zurich - Switzerland,Privatbank Bellerive (Zurich - Switzerland)
PrivatBank Latvia,Riga - Latvia,PrivatBank Latvia (Riga - Latvia)
Privatbanka,Bratislava - Slovakia,Privatbanka (Bratislava - Slovakia)
Privatbanken,Oslo - Norway,Privatbanken (Oslo - Norway)
Private Bank & Trust Co,London - UK,Private Bank & Trust Co (London - GB)
Privatebancorp,Chicago (IL,Privatebancorp (Chicago (IL) - US)
Privredna Banka Beograd,Belgrade - Serbia,Privredna Banka Beograd (Belgrade - Serbia)
Privredna banka Pancevo,Pancevo - Serbia,Privredna banka Pancevo (Pancevo - Serbia)
Privredna Banka Zagreb,Zagreb - Croatia,Privredna Banka Zagreb (Zagreb - Croatia)
Probank,Athens - Greece,Probank (Athens - Greece)
Probanka,Maribor - Slovenia,Probanka (Maribor - Slovenia)
Probusinessbank,Moscow - Russia,Probusinessbank (Moscow - Russia)
Procrea Holdings,Aomori - Japan,Procrea Holdings (Aomori - Japan)
ProCredit Bank Albania,Tirana - Albania,ProCredit Bank Albania (Tirana - Albania)
ProCredit Bank Armenia,Yerevan - Armenia,ProCredit Bank Armenia (Yerevan - Armenia)
ProCredit Bank Bosnia-Herzegovina,Sarajevo - Bosnia-Herzegovina,ProCredit Bank Bosnia-Herzegovina (Sarajevo - Bosnia and Herzegovina)
ProCredit Bank Bulgaria,Sofia - Bulgaria,ProCredit Bank Bulgaria (Sofia - Bulgaria)
ProCredit Bank Georgia,Tbilisi - Georgia,ProCredit Bank Georgia (Tbilisi - Georgia)
ProCredit Bank Kosovo,Pristina - Kosovo,ProCredit Bank Kosovo (Pristina - Kosovo)
ProCredit Bank Macedonia,Skopje - Macedonia,ProCredit Bank Macedonia (Skopje - Macedonia)
ProCredit Bank Moldova,Chisinau - Moldova,ProCredit Bank Moldova (Chisinau - Moldova)
ProCredit Bank Romania,Bucharest - Romania,ProCredit Bank Romania (Bucharest - Romania)
ProCredit Bank Serbia,Belgrade - Serbia,ProCredit Bank Serbia (Belgrade - Serbia)
ProCredit Bank Ukraine,Kiev - Ukraine,ProCredit Bank Ukraine (Kiev - Ukraine)
ProCredit Holding,Frankfurt am Main - Germany,ProCredit Holding (Frankfurt am Main - Germany)
ProCredit Savings and Loans Company,Accra - Ghana,ProCredit Savings and Loans Company (Accra - Ghana)
ProduBanco,Quito - Ecuador,ProduBanco (Quito - Ecuador)
Produbank Panama,Panama City - Panama,Produbank Panama (Panama City - Panama)
Profin Bank,Donetsk - Ukraine,Profin Bank (Donetsk - Ukraine)
Progressive Building Society,Belfast - UK,Progressive Building Society (Belfast - GB)
Project Financing Bank,Moscow - Russia,Project Financing Bank (Moscow - Russia)
Prominvestbank,Kiev - Ukraine,Prominvestbank (Kiev - Ukraine)
Promistar Financial Corp,Johnstown (PA,Promistar Financial Corp (Johnstown (PA) - US)
Promsvyazbank,Moscow - Russia,Promsvyazbank (Moscow - Russia)
Prosperity Bancshares,Houston (TX,Prosperity Bancshares (Houston (TX) - US)
Provident Bankshares Corp,Baltimore (MD,Provident Bankshares Corp (Baltimore (MD) - US)
Provident Financial Group,Cincinnati (OH,Provident Financial Group (Cincinnati (OH) - US)
Provident Financial Services,Jersey City (NJ,Provident Financial Services (Jersey City (NJ) - US)
Providus Bank,Lagos - Nigeria,Providus Bank (Lagos - Nigeria)
Prudential Bancorp,Philadelphia (PA,Prudential Bancorp (Philadelphia (PA) - US)
Prudential Bank,Accra - Ghana,Prudential Bank (Accra - Ghana)
Prva Banka Crne Gore,Niksic - Montenegro,Prva Banka Crne Gore (Niksic - Montenegro)
PSB Bancorp,Philadelphia (PA,PSB Bancorp (Philadelphia (PA) - US)
PSK Banking Group,Vienna - Austria,PSK Banking Group (Vienna - Austria)
PT Bank QNB Kesawan,Jakarta - Indonesia,PT Bank QNB Kesawan (Jakarta - Indonesia)
PT Bank Syariah BNI,Jakarta - Indonesia,PT Bank Syariah BNI (Jakarta - Indonesia)
PT Bank Syariah Mandiri,Jakarta - Indonesia,PT Bank Syariah Mandiri (Jakarta - Indonesia)
PT MNC Bank International,Jakarta - Indonesia,PT MNC Bank International (Jakarta - Indonesia)
Pubali Bank,Dhaka - Bangladesh,Pubali Bank (Dhaka - Bangladesh)
Public Bank,Kuala Lumpur - Malaysia,Public Bank (Kuala Lumpur - Malaysia)
Public Bank Hong Kong,Hong Kong - Hong Kong,Public Bank Hong Kong (Hong Kong - Hong Kong S.A.R.)
Public Bank Vietnam,Hanoi - Vietnam,Public Bank Vietnam (Hanoi - Vietnam)
Public Islamic Bank,Kuala Lumpur - Malaysia,Public Islamic Bank (Kuala Lumpur - Malaysia)
Punjab & Sind Bank,New Delhi - India,Punjab & Sind Bank (New Delhi - India)
Punjab National Bank,New Delhi - India,Punjab National Bank (New Delhi - India)
Punjab National Bank International,London - UK,Punjab National Bank International (London - GB)
PVcomBank,Hanoi - Vietnam,PVcomBank (Hanoi - Vietnam)
Qarz Al-Hasaneh Mehr Iran Bank,Tehran - Iran,Qarz Al-Hasaneh Mehr Iran Bank (Tehran - Iran)
Qatar International Islamic Bank,QIIB,Qatar International Islamic Bank (QIIB) (Doha - Qatar)
Qatar Islamic Bank,QIB,Qatar Islamic Bank (QIB) (Doha - Qatar)
Qatar Islamic Bank UK,London - UK,Qatar Islamic Bank UK (London - GB)
Qatar National Bank,Doha - Qatar,Qatar National Bank (Doha - Qatar)
Qatar National Bank Switzerland,Geneva - Switzerland,Qatar National Bank Switzerland (Geneva - Switzerland)
Qazaq Banki,Almaty - Kazakhstan,Qazaq Banki (Almaty - Kazakhstan)
QBank,Brisbane - Australia,QBank (Brisbane - Australia)
QCR Holdings,Moline (IL,QCR Holdings (Moline (IL) - US)
Qilu Bank,Jinan - China,Qilu Bank (Jinan - China)
Qingdao Rural Commercial Bank,Qingdao - China,Qingdao Rural Commercial Bank (Qingdao - China)
Qishang Bank,Zibo - China,Qishang Bank (Zibo - China)
QNB Alahli Bank,Cairo - Egypt,QNB Alahli Bank (Cairo - Egypt)
QNB Corp,Quakertown (PA,QNB Corp (Quakertown (PA) - US)
QNB Finansbank,Istanbul - Turkey,QNB Finansbank (Istanbul - Turkey)
Qudos Bank,Mascot - Australia,Qudos Bank (Mascot - Australia)
Quintet Private Bank,Luxembourg - Luxembourg,Quintet Private Bank (Luxembourg - Luxembourg)
R&G,Hato Rey - Puerto Rico,R&G (Hato Rey - Puerto Rico)
R. Raphael & Sons,London - UK,R. Raphael & Sons (London - GB)
Rabitabank,Baku - Azerbaijan,Rabitabank (Baku - Azerbaijan)
Rabobank Brasil,São Paulo - Brazil,Rabobank Brasil (São Paulo - Brazil)
Rabobank Chile,Santiago - Chile,Rabobank Chile (Santiago - Chile)
Rabobank Group,Utrecht - Netherlands,Rabobank Group (Utrecht - Netherlands)
Rabobank Indonesia,Jakarta - Indonesia,Rabobank Indonesia (Jakarta - Indonesia)
Rabobank New Zealand,Wellington - New Zealand,Rabobank New Zealand (Wellington - New Zealand)
Radabank,Dnipropetrovsk - Ukraine,Radabank (Dnipropetrovsk - Ukraine)
Radobank,Skopje - Macedonia,Radobank (Skopje - Macedonia)
Raiffeisen Bank Albania,Tirana - Albania,Raiffeisen Bank Albania (Tirana - Albania)
Raiffeisen Bank Aval Ukraine,Kiev - Ukraine,Raiffeisen Bank Aval Ukraine (Kiev - Ukraine)
Raiffeisen Bank Bosnia Herzegovina,Sarajevo - Bosnia-Herzegovina,Raiffeisen Bank Bosnia Herzegovina (Sarajevo - Bosnia and Herzegovina)
Raiffeisen Bank Croatia,Zagreb - Croatia,Raiffeisen Bank Croatia (Zagreb - Croatia)
Raiffeisen Bank Hungary,Budapest - Hungary,Raiffeisen Bank Hungary (Budapest - Hungary)
Raiffeisen Bank International,Vienna - Austria,Raiffeisen Bank International (Vienna - Austria)
Raiffeisen Bank Kosovo,Pristina - Kosovo,Raiffeisen Bank Kosovo (Pristina - Kosovo)
Raiffeisen Bank Polska,Warsaw - Poland,Raiffeisen Bank Polska (Warsaw - Poland)
Raiffeisen Bank Romania,Bucharest - Romania,Raiffeisen Bank Romania (Bucharest - Romania)
Raiffeisen Banka Beograd,Belgrade - Serbia,Raiffeisen Banka Beograd (Belgrade - Serbia)
Raiffeisen Landesbank Steiermark,Graz - Austria,Raiffeisen Landesbank Steiermark (Graz - Austria)
Raiffeisen Landesbank Tirol,Innsbruck - Austria,Raiffeisen Landesbank Tirol (Innsbruck - Austria)
Raiffeisen Switzerland,St Gall - Switzerland,Raiffeisen Switzerland (St Gall - Switzerland)
Raiffeisen Zentralbank Oesterreich,RZB,Raiffeisen Zentralbank Oesterreich (RZB) (Vienna - Austria)
Raiffeisenbank a.s.,Prague - Czech Republic,Raiffeisenbank a.s. (Prague - Czech Republic)
Raiffeisenlandesbank Niederoesterreich-Wien,Vienna - Austria,Raiffeisenlandesbank Niederoesterreich-Wien (Vienna - Austria)
Raiffeisenlandesbank Oberosterreich Aktiengesellschaft,Linz - Austria,Raiffeisenlandesbank Oberosterreich Aktiengesellschaft (Linz - Austria)
Raiffeisenverband Salzburg,Salzburg - Austria,Raiffeisenverband Salzburg (Salzburg - Austria)
Rainier Pacific Financial Group,Tacoma (WA,Rainier Pacific Financial Group (Tacoma (WA) - US)
Rakuten Bank,Tokyo - Japan,Rakuten Bank (Tokyo - Japan)
Rand Merchant Bank Nigeria,Lagos - Nigeria,Rand Merchant Bank Nigeria (Lagos - Nigeria)
Rasheed Bank,Baghdad - Iraq,Rasheed Bank (Baghdad - Iraq)
Rastriya Baniya Bank,RBB,Rastriya Baniya Bank (RBB) (Kathmandu - Nepal)
Rawbank,Kinshasa - DRC Congo,Rawbank (Kinshasa - Democratic Republic of the Congo)
Raymond James Financial,St Petersburg - US,Raymond James Financial (St Petersburg - US)
Razvojna Banka Jugoistocne Evrope,Mostar - Bosnia-Herzegovina,Razvojna Banka Jugoistocne Evrope (Mostar - Bosnia and Herzegovina)
RBB Bancorp,Los Angeles (CA,RBB Bancorp (Los Angeles (CA) - US)
RBC Financial Caribbean,Port of Spain - Trinidad and Tobago,RBC Financial Caribbean (Port of Spain - Trinidad and Tobago)
RBC USA Holdco Corporation,New York (NY,RBC USA Holdco Corporation (New York (NY) - US)
RBL Bank,Kolhapur - India,RBL Bank (Kolhapur - India)
RBTT Bank Antilles,Willemstad - Netherlands Antilles,RBTT Bank Antilles (Willemstad - Netherlands Antilles)
RBTT Bank Barbados,Bridgetown - Barbados,RBTT Bank Barbados (Bridgetown - Barbados)
RBTT Bank Grenada,St George`s - Grenada,RBTT Bank Grenada (St George`s - Grenada)
RBTT Bank Jamaica,Kingston - Jamaica,RBTT Bank Jamaica (Kingston - Jamaica)
RCB Bank,Limassol - Cyprus,RCB Bank (Limassol - Cyprus)
RCB Corporation,Sacremento (CA,RCB Corporation (Sacremento (CA) - US)
RCB Holding Company,Claremore (OK,RCB Holding Company (Claremore (OK) - US)
Real Bank,Kharkiv - Ukraine,Real Bank (Kharkiv - Ukraine)
Real Estate Bank,Damascus - Syria,Real Estate Bank (Damascus - Syria)
ReBank Netherlands Antilles,Willemstad - Netherlands Antilles,ReBank Netherlands Antilles (Willemstad - Netherlands Antilles)
Red River Bancshares,Alexandria(LA,Red River Bancshares (Alexandria(LA) - US)
Redwood Bank,Letchworth Garden City - UK,Redwood Bank (Letchworth Garden City - GB)
Regional Australia Bank,Armidale - Australia,Regional Australia Bank (Armidale - Australia)
Regionala Investiciju Banka,Riga - Latvia,Regionala Investiciju Banka (Riga - Latvia)
Regions Financial Corp,Birmingham (AL,Regions Financial Corp (Birmingham (AL) - US)
Reliable Community Bancshares,Perryville (MO,Reliable Community Bancshares (Perryville (MO) - US)
Reliance Bancshares,Des Peres (MO,Reliance Bancshares (Des Peres (MO) - US)
Reliance Bank,London - UK,Reliance Bank (London - GB)
Renaissance Credit,Moscow - Russia,Renaissance Credit (Moscow - Russia)
Renasant Corporation,Tupelo (MS,Renasant Corporation (Tupelo (MS) - US)
Republic Bancorp,Louisville (KY,Republic Bancorp (Louisville (KY) - US)
Republic Bancorp,Owosso - US,Republic Bancorp (Owosso - US)
Republic Bancorp Co,Oak Brook (IL,Republic Bancorp Co (Oak Brook (IL) - US)
Republic Bancshares,St Petersburg - US,Republic Bancshares (St Petersburg - US)
Republic Bank Anguilla,The Valley - Anguilla,Republic Bank Anguilla (The Valley - Anguilla)
Republic Bank Barbados,Bridgetown - Barbados,Republic Bank Barbados (Bridgetown - Barbados)
Republic Bank Dominican Republic,Santo Domingo - Dominican Republic,Republic Bank Dominican Republic (Santo Domingo - Dominican Republic)
Republic Bank Ghana,Accra - Ghana,Republic Bank Ghana (Accra - Ghana)
Republic Bank Grenada,St George`s - Grenada,Republic Bank Grenada (St George`s - Grenada)
Republic Bank Guyana,Georgetown - Guyana,Republic Bank Guyana (Georgetown - Guyana)
Republic Bank St. Lucia,Castries - St Lucia,Republic Bank St. Lucia (Castries - Saint Lucia)
Republic Financial Holdings,Port of Spain - Trinidad and Tobago,Republic Financial Holdings (Port of Spain - Trinidad and Tobago)
Republic First Bancorp,Philadelphia (PA,Republic First Bancorp (Philadelphia (PA) - US)
Republic New York Corp,New York (NY,Republic New York Corp (New York (NY) - US)
Republic Security Financial Corp,West Palm Beach - US,Republic Security Financial Corp (West Palm Beach - US)
Resona Holdings,Osaka - Japan,Resona Holdings (Osaka - Japan)
Reverta,Riga - Latvia,Reverta (Riga - Latvia)
Revolut,London - UK,Revolut (London - GB)
Revolut Bank UAB,Vilnius - Lithuania,Revolut Bank UAB (Vilnius - Lithuania)
Revolut EEA Group,Vilnius - Lithuania,Revolut EEA Group (Vilnius - Lithuania)
REYL & Cie,Geneva - Switzerland,REYL & Cie (Geneva - Switzerland)
RHB Bank Berhad,Kuala Lumpur - Malaysia,RHB Bank Berhad (Kuala Lumpur - Malaysia)
RHB Bank Cambodia,Phnom Penh - Cambodia,RHB Bank Cambodia (Phnom Penh - Cambodia)
RHB Islamic Bank,Kuala Lumpur - Malaysia,RHB Islamic Bank (Kuala Lumpur - Malaysia)
Rheinland Pfalz Bank,Mainz - Germany,Rheinland Pfalz Bank (Mainz - Germany)
Rietumu Banka,Riga - Latvia,Rietumu Banka (Riga - Latvia)
Rigensis Bank,Riga - Latvia,Rigensis Bank (Riga - Latvia)
Riggs National Corp,Washington (DC,Riggs National Corp (Washington (DC) - US)
Ringkjobing Landbobank,Ringkøbing - Denmark,Ringkjobing Landbobank (Ringkøbing - Denmark)
Riverside Bank of Dublin,Akron (OH,Riverside Bank of Dublin (Akron (OH) - US)
Riverside Banking Co,Fort Pierce (FL,Riverside Banking Co (Fort Pierce (FL) - US)
Riyad Bank,Riyadh - Saudi Arabia,Riyad Bank (Riyadh - Saudi Arabia)
Rizal Commercial Banking Corp,RCBC,Rizal Commercial Banking Corp (RCBC) (Makati City - Philippines)
Robinsons Bank,Quezon City - Philippines,Robinsons Bank (Quezon City - Philippines)
RockPointBank,Chattanooga (TN,RockPointBank (Chattanooga (TN) - US)
Rockville Financial,Rockville (CT,Rockville Financial (Rockville (CT) - US)
Rodovid Bank,Kiev - Ukraine,Rodovid Bank (Kiev - Ukraine)
Rogers Bancshares,Little Rock (AR,Rogers Bancshares (Little Rock (AR) - US)
Rokel Commercial Bank,Freetown - Sierra Leone,Rokel Commercial Bank (Freetown - Sierra Leone)
Rolo Banca 1472,Bologna - Italy,Rolo Banca 1472 (Bologna - Italy)
Rome,Rome (NY,Rome (Rome (NY) - US)
Roosevelt Financial Group,Chesterfield - US,Roosevelt Financial Group (Chesterfield - US)
Rosbank,Moscow - Russia,Rosbank (Moscow - Russia)
Rosdorbank,Moscow - Russia,Rosdorbank (Moscow - Russia)
RosEvroBank,Moscow - Russia,RosEvroBank (Moscow - Russia)
Rosgosstrakh Bank,Moscow - Russia,Rosgosstrakh Bank (Moscow - Russia)
Rosinterbank,Moscow - Russia,Rosinterbank (Moscow - Russia)
Roskilde Bank,Roskilde - Denmark,Roskilde Bank (Roskilde - Denmark)
Roslyn Bancorp,Jerico - US,Roslyn Bancorp (Jerico - US)
Rossiyskiy Kredit Bank,Moscow - Russia,Rossiyskiy Kredit Bank (Moscow - Russia)
Rost Bank,Moscow - Russia,Rost Bank (Moscow - Russia)
Royal Bancshares of Pennsylvania,Narberth (PA,Royal Bancshares of Pennsylvania (Narberth (PA) - US)
Royal Bank of Canada,Toronto - Canada,Royal Bank of Canada (Toronto - Canada)
Royal Bank of Canada Europe,London - UK,Royal Bank of Canada Europe (London - GB)
Royal Bank of Canada N.V.,Philipsburg - Netherlands Antilles,Royal Bank of Canada N.V. (Philipsburg - Netherlands Antilles)
Royal Bank of Scotland Argentina,Buenos Aires - Argentina,Royal Bank of Scotland Argentina (Buenos Aires - Argentina)
Royal Bank of Scotland China,Beijing - China,Royal Bank of Scotland China (Beijing - China)
Royal Bank of Scotland Indonesia,Jakarta - Indonesia,Royal Bank of Scotland Indonesia (Jakarta - Indonesia)
Royal Bank of Scotland Kazakhstan,Almaty - Kazakhstan,Royal Bank of Scotland Kazakhstan (Almaty - Kazakhstan)
Royal Bank of Scotland Malaysia,Kuala Lumpur - Malaysia,Royal Bank of Scotland Malaysia (Kuala Lumpur - Malaysia)
Royal Bank of Scotland Romania,Bucharest - Romania,Royal Bank of Scotland Romania (Bucharest - Romania)
Royal Bank of Scotland Russia,Moscow - Russia,Royal Bank of Scotland Russia (Moscow - Russia)
Royal Bank of Scotland Turkey,Istanbul - Turkey,Royal Bank of Scotland Turkey (Istanbul - Turkey)
Royal Bank of Scotland Venezuela,Caracas - Venezuela,Royal Bank of Scotland Venezuela (Caracas - Venezuela)
RoyalBank,Baku - Azerbaijan,RoyalBank (Baku - Azerbaijan)
Rupali Bank,Dhaka - Bangladesh,Rupali Bank (Dhaka - Bangladesh)
Rural Bank,Adelaide - Australia,Rural Bank (Adelaide - Australia)
Rurban Financial Corp,Defiance (OH,Rurban Financial Corp (Defiance (OH) - US)
Russian Agricultural Bank,Moscow - Russia,Russian Agricultural Bank (Moscow - Russia)
Russian Commercial & Industrial Bank,Vsevolozhsk - Russia,Russian Commercial & Industrial Bank (Vsevolozhsk - Russia)
Russian Land Bank,Moscow - Russia,Russian Land Bank (Moscow - Russia)
Russian National Commercial Bank,Moscow - Russia,Russian National Commercial Bank (Moscow - Russia)
Russian Property Trust Bank,Moscow - Russia,Russian Property Trust Bank (Moscow - Russia)
Russian Regional Development Bank,Moscow - Russia,Russian Regional Development Bank (Moscow - Russia)
Russian Standard Bank,Moscow - Russia,Russian Standard Bank (Moscow - Russia)
Russky Slaviansky Bank,Moscow - Russia,Russky Slaviansky Bank (Moscow - Russia)
S Bank,Helsinki - Finland,S Bank (Helsinki - Finland)
S Banken,Bergen - Norway,S Banken (Bergen - Norway)
S Y Bank,Louisville (KY,S Y Bank (Louisville (KY) - US)
S&C Banco,New Richmond (WI,S&C Banco (New Richmond (WI) - US)
S&T Bancorp,Indiana (PA,S&T Bancorp (Indiana (PA) - US)
Sa Nostra Caixa de Baleares,Palma de Mallorca - Spain,Sa Nostra Caixa de Baleares (Palma de Mallorca - Spain)
Saambou Bank,Alkantrant - South Africa,Saambou Bank (Alkantrant - South Africa)
Saba Islamic Bank,Sana`a - Yemen,Saba Islamic Bank (Sana`a - Yemen)
Sabanci Bank,London - UK,Sabanci Bank (London - GB)
Safa Bank,Ramallah - Palestine,Safa Bank (Ramallah - Palestinian Territory Occupied)
Saffron Building Society,Saffron Walden - UK,Saffron Building Society (Saffron Walden - GB)
Safra National Bank of New York,New York (NY,Safra National Bank of New York (New York (NY) - US)
Safwa Islamic Bank,Amman - Jordan,Safwa Islamic Bank (Amman - Jordan)
Saga Kyoei Bank,Saga - Japan,Saga Kyoei Bank (Saga - Japan)
Sagicor Bank Jamaica,Kingston - Jamaica,Sagicor Bank Jamaica (Kingston - Jamaica)
Sahara Bank,Tripoli - Libya,Sahara Bank (Tripoli - Libya)
Saigon Bank for Industry and Trade,SGB,Saigon Bank for Industry and Trade (SGB) (Ho Chi Minh City - Vietnam)
Saigon Commercial Bank,SCB,Saigon Commercial Bank (SCB) (Ho Chi Minh City - Vietnam)
Saigon Hanoi Bank,SHB,Saigon Hanoi Bank (SHB) (Hanoi - Vietnam)
Saigon Thuong Tin Bank Cambodia,Phnom Penh - Cambodia,Saigon Thuong Tin Bank Cambodia (Phnom Penh - Cambodia)
Saigon Thuong Tin Commercial Bank,Ho Chi Minh City - Vietnam,Saigon Thuong Tin Commercial Bank (Ho Chi Minh City - Vietnam)
Saikyo Bank,Tokushima - Japan,Saikyo Bank (Tokushima - Japan)
Sainsbury's Bank,London - UK,Sainsbury's Bank (London - GB)
Saint Petersburg Bank for Reconstruction and Dev.,St Petersburg - Russia,Saint Petersburg Bank for Reconstruction and Dev. (St Petersburg - Russia)
Sakha Yakutia Bank,Yakutsk - Russia,Sakha Yakutia Bank (Yakutsk - Russia)
Sal Oppenheim Jr. & Cie. Komm. auf Aktien,Cologne - Germany,Sal Oppenheim Jr. & Cie. Komm. auf Aktien (Cologne - Germany)
Salem Five Bancorp,Salem (MA,Salem Five Bancorp (Salem (MA) - US)
Salin Bancshares,Indianapolis (IN,Salin Bancshares (Indianapolis (IN) - US)
Salisbury Bank,Lakeville (CT,Salisbury Bank (Lakeville (CT) - US)
Saman Bank,Tehran - Iran,Saman Bank (Tehran - Iran)
Samba Bank Pakistan,Karachi - Pakistan,Samba Bank Pakistan (Karachi - Pakistan)
Samba Financial Group,Riyadh - Saudi Arabia,Samba Financial Group (Riyadh - Saudi Arabia)
Sampath Bank,Colombo - Sri Lanka,Sampath Bank (Colombo - Sri Lanka)
Sampo Banka,Riga - Latvia,Sampo Banka (Riga - Latvia)
San ju San Financial Group,Matsusaka - Japan,San ju San Financial Group (Matsusaka - Japan)
Sandnes Sparebank,Sandnes - Norway,Sandnes Sparebank (Sandnes - Norway)
Sandy Spring Bancorp,Olney (MD,Sandy Spring Bancorp (Olney (MD) - US)
Sanima Bank,Kathmandu - Nepal,Sanima Bank (Kathmandu - Nepal)
Sanpaolo Bank,Luxembourg - Luxembourg,Sanpaolo Bank (Luxembourg - Luxembourg)
SanPaolo IMI,Turin - Italy,SanPaolo IMI (Turin - Italy)
Santander Bank Polska,Wroclaw - Poland,Santander Bank Polska (Wroclaw - Poland)
Santander Consumer Bank Germany,Mönchengladbach - Germany,Santander Consumer Bank Germany (Mönchengladbach - Germany)
Santander Consumer Bank Italy,Turin - Italy,Santander Consumer Bank Italy (Turin - Italy)
Santander Consumer Bank Nordic,Aalesund - Norway,Santander Consumer Bank Nordic (Aalesund - Norway)
Santander Consumer Bank Poland,Warsaw - Poland,Santander Consumer Bank Poland (Warsaw - Poland)
Santander Holdings USA,Boston (MA,Santander Holdings USA (Boston (MA) - US)
Santander UK,London - UK,Santander UK (London - GB)
Sapporo Bank,Sapporo - Japan,Sapporo Bank (Sapporo - Japan)
Sapporo Hokuyo Holdings,Sapporo - Japan,Sapporo Hokuyo Holdings (Sapporo - Japan)
Saradar Bank,Beirut - Lebanon,Saradar Bank (Beirut - Lebanon)
Sarov Business Bank,Sarov - Russia,Sarov Business Bank (Sarov - Russia)
Sasfin Bank,Waverley - South Africa,Sasfin Bank (Waverley - South Africa)
Sathapana Bank,Phnom Penh - Cambodia,Sathapana Bank (Phnom Penh - Cambodia)
Saudi Awwal Bank,Riyadh - Saudi Arabia,Saudi Awwal Bank (Riyadh - Saudi Arabia)
Saudi Cairo Bank,Riyadh - Saudi Arabia,Saudi Cairo Bank (Riyadh - Saudi Arabia)
Saudi Investment Bank,Riyadh - Saudi Arabia,Saudi Investment Bank (Riyadh - Saudi Arabia)
Saudi National Bank,Jeddah - Saudi Arabia,Saudi National Bank (Jeddah - Saudi Arabia)
Saudi Sudanese Bank,Khartoum - Sudan,Saudi Sudanese Bank (Khartoum - Sudan)
Savannah Bancorp,Savannah (GA,Savannah Bancorp (Savannah (GA) - US)
Savings & Social Development Bank,Khartoum - Sudan,Savings & Social Development Bank (Khartoum - Sudan)
Savings Bank,Ulaanbataar - Mongolia,Savings Bank (Ulaanbataar - Mongolia)
Savings Bank Group,Espoo - Finland,Savings Bank Group (Espoo - Finland)
Savings Institute Bank & Trust,Willimantic (CT,Savings Institute Bank & Trust (Willimantic (CT) - US)
Saxo Bank Group,Hellerup - Denmark,Saxo Bank Group (Hellerup - Denmark)
SBAB Bank,Stockholm - Sweden,SBAB Bank (Stockholm - Sweden)
SBC Inc,Countryside (IL,SBC Inc (Countryside (IL) - US)
Sberbank,Moscow - Russia,Sberbank (Moscow - Russia)
Sberbank a.d.Banja Luka,Mostar - Bosnia-Herzegovina,Sberbank a.d.Banja Luka (Mostar - Bosnia and Herzegovina)
Sberbank Belarus,Minsk - Belarus,Sberbank Belarus (Minsk - Belarus)
Sberbank Bosnia Herzegovina,Sarajevo - Bosnia-Herzegovina,Sberbank Bosnia Herzegovina (Sarajevo - Bosnia and Herzegovina)
Sberbank Croatia,Zagreb - Croatia,Sberbank Croatia (Zagreb - Croatia)
Sberbank CZ,Prague - Czech Republic,Sberbank CZ (Prague - Czech Republic)
Sberbank Europe,Vienna - Austria,Sberbank Europe (Vienna - Austria)
Sberbank Serbia,Belgrade - Serbia,Sberbank Serbia (Belgrade - Serbia)
Sberbank Slovenia,Ljubljana - Slovenia,Sberbank Slovenia (Ljubljana - Slovenia)
Sberbank Slovensko,Bratislava - Slovakia,Sberbank Slovensko (Bratislava - Slovakia)
Sberbank Ukraine,Kiev - Ukraine,Sberbank Ukraine (Kiev - Ukraine)
SBI Commerce & International Bank,Mumbai - India,SBI Commerce & International Bank (Mumbai - India)
SBI Mauritius,Port Louis - Mauritius,SBI Mauritius (Port Louis - Mauritius)
SBI Shinsei Bank,Tokyo - Japan,SBI Shinsei Bank (Tokyo - Japan)
SBI Sumishin Net Bank,Tokyo - Japan,SBI Sumishin Net Bank (Tokyo - Japan)
SBM Bank Kenya,Nairobi - Kenya,SBM Bank Kenya (Nairobi - Kenya)
SBM Bank Seychelles,Victoria - Seychelles,SBM Bank Seychelles (Victoria - Seychelles)
SBS Agro,Moscow - Russia,SBS Agro (Moscow - Russia)
SBT Bancshares,Dallas (TX,SBT Bancshares (Dallas (TX) - US)
Schaffhauser Kantonalbank,Schaffausen - Switzerland,Schaffhauser Kantonalbank (Schaffausen - Switzerland)
Schelhammer Capital Bank,Vienna - Austria,Schelhammer Capital Bank (Vienna - Austria)
Schoellerbank,Vienna - Austria,Schoellerbank (Vienna - Austria)
Schroders,London - UK,Schroders (London - GB)
Schwyzer Kantonalbank,Schwyz - Switzerland,Schwyzer Kantonalbank (Schwyz - Switzerland)
Scotiabank,Toronto - Canada,Scotiabank (Toronto - Canada)
Scotiabank Bahamas,Nassau - Bahamas,Scotiabank Bahamas (Nassau - Bahamas)
Scotiabank Barbados,Bridgetown - Barbados,Scotiabank Barbados (Bridgetown - Barbados)
Scotiabank Belize,Belize City - Belize,Scotiabank Belize (Belize City - Belize)
Scotiabank Brasil,São Paulo - Brazil,Scotiabank Brasil (São Paulo - Brazil)
Scotiabank Chile,Santiago - Chile,Scotiabank Chile (Santiago - Chile)
Scotiabank Colombia,Bogotá D.C. - Colombia,Scotiabank Colombia (Bogotá D.C. - Colombia)
Scotiabank Costa Rica,San José - Costa Rica,Scotiabank Costa Rica (San José - Costa Rica)
Scotiabank de Puerto Rico,Hato Rey - Puerto Rico,Scotiabank de Puerto Rico (Hato Rey - Puerto Rico)
Scotiabank Dominican Republic,Santo Domingo - Dominican Republic,Scotiabank Dominican Republic (Santo Domingo - Dominican Republic)
Scotiabank El Salvador,San Salvador - El Salvador,Scotiabank El Salvador (San Salvador - El Salvador)
Scotiabank Europe,London - UK,Scotiabank Europe (London - GB)
Scotiabank Guyana,Georgetown - Guyana,Scotiabank Guyana (Georgetown - Guyana)
Scotiabank Haiti,Port-au-Prince - Haiti,Scotiabank Haiti (Port-au-Prince - Haiti)
Scotiabank Jamaica Limited,Kingston - Jamaica,Scotiabank Jamaica Limited (Kingston - Jamaica)
Scotiabank Malaysia,Kuala Lumpur - Malaysia,Scotiabank Malaysia (Kuala Lumpur - Malaysia)
Scotiabank Panama,Panama City - Panama,Scotiabank Panama (Panama City - Panama)
Scotiabank Panama,Panama City - Panama,Scotiabank Panama (Panama City - Panama)
Scotiabank Peru,Lima - Peru,Scotiabank Peru (Lima - Peru)
Scotiabank Trinidad and Tobago,Port of Spain - Trinidad and Tobago,Scotiabank Trinidad and Tobago (Port of Spain - Trinidad and Tobago)
Scotiabank Uruguay,Montevideo - Uruguay,Scotiabank Uruguay (Montevideo - Uruguay)
Scottish Building Society,Edinburgh - UK,Scottish Building Society (Edinburgh - GB)
SDM Bank,Moscow - Russia,SDM Bank (Moscow - Russia)
Seacoast Banking Corporation of Florida,Stuart (FL,Seacoast Banking Corporation of Florida (Stuart (FL) - US)
Seacoast Financial Services Corp,New Bedford - US,Seacoast Financial Services Corp (New Bedford - US)
Seaside National Bank & Trust,Orlando - US,Seaside National Bank & Trust (Orlando - US)
Seaway Bancshares,Chicago (IL,Seaway Bancshares (Chicago (IL) - US)
SEB Banka,Riga - Latvia,SEB Banka (Riga - Latvia)
SEB Germany,Frankfurt am Main - Germany,SEB Germany (Frankfurt am Main - Germany)
Secure Trust Bank,Solihull - UK,Secure Trust Bank (Solihull - GB)
Security Bancorp of Tennessee,Halls (TN,Security Bancorp of Tennessee (Halls (TN) - US)
Security Bank Corporation,Macon (GA,Security Bank Corporation (Macon (GA) - US)
Security Bank Corporation,Makati City - Philippines,Security Bank Corporation (Makati City - Philippines)
Security Capital Corp,Milwaukee (WI,Security Capital Corp (Milwaukee (WI) - US)
Security Capital Corporation,Batesville (MS,Security Capital Corporation (Batesville (MS) - US)
Security Holding Company,Fredericksburg (TX,Security Holding Company (Fredericksburg (TX) - US)
Security National Corporation,Dakota Dunes (SD,Security National Corporation (Dakota Dunes (SD) - US)
Security Star Bank,MIdland (TX,Security Star Bank (MIdland (TX) - US)
Seera Investment Bank,Manama - Bahrain,Seera Investment Bank (Manama - Bahrain)
Sekerbank,Istanbul - Turkey,Sekerbank (Istanbul - Turkey)
Senagat Bank,Ashgabat - Turkmenistan,Senagat Bank (Ashgabat - Turkmenistan)
Sendai Bank,Sendai - Japan,Sendai Bank (Sendai - Japan)
Sense Bank,Kiev - Ukraine,Sense Bank (Kiev - Ukraine)
Senshu Bank,Kishiwada - Japan,Senshu Bank (Kishiwada - Japan)
Senshu Ikeda Bank,Osaka - Japan,Senshu Ikeda Bank (Osaka - Japan)
Serbian Bank,Belgrade - Serbia,Serbian Bank (Belgrade - Serbia)
ServisFirst Bancshares,Birmingham (AL,ServisFirst Bancshares (Birmingham (AL) - US)
Setouchi Bank,Kure-shi - Japan,Setouchi Bank (Kure-shi - Japan)
Seven Bank,Tokyo - Japan,Seven Bank (Tokyo - Japan)
Severn Savings Bank,Annapolis (MD,Severn Savings Bank (Annapolis (MD) - US)
Seychelles Commercial Bank,Victoria - Seychelles,Seychelles Commercial Bank (Victoria - Seychelles)
Seychelles International Mercantile Banking Corporation,Victoria - Seychelles,Seychelles International Mercantile Banking Corporation (Victoria - Seychelles)
Seylan Bank,Colombo - Sri Lanka,Seylan Bank (Colombo - Sri Lanka)
SG Kleinwort Hambros Bank,London - UK,SG Kleinwort Hambros Bank (London - GB)
SG Ruegg Bank,Zurich - Switzerland,SG Ruegg Bank (Zurich - Switzerland)
SGB Bank,Poznan - Poland,SGB Bank (Poznan - Poland)
Shahjalal Islami Bank,Dhaka - Bangladesh,Shahjalal Islami Bank (Dhaka - Bangladesh)
Shamil Bank of Bahrain,Manama - Bahrain,Shamil Bank of Bahrain (Manama - Bahrain)
Shamil Bank of Yemen and Bahrain,Sana`a - Yemen,Shamil Bank of Yemen and Bahrain (Sana`a - Yemen)
Shanghai Commercial Bank,Hong Kong - Hong Kong,Shanghai Commercial Bank (Hong Kong - Hong Kong S.A.R.)
Shanghai Pudong Development Bank,Shanghai - China,Shanghai Pudong Development Bank (Shanghai - China)
Shanghai Rural Commercial Bank,Shanghai - China,Shanghai Rural Commercial Bank (Shanghai - China)
Shanxi Yaodu Rural Commercial Bank,Beijing - China,Shanxi Yaodu Rural Commercial Bank (Beijing - China)
Sharjah Islamic Bank,Sharjah - United Arab Emirates,Sharjah Islamic Bank (Sharjah - United Arab Emirates)
Shawbrook Bank,Manchester - UK,Shawbrook Bank (Manchester - GB)
Shebelle Bank,Addis Ababa - Ethiopia,Shebelle Bank (Addis Ababa - Ethiopia)
Shengjing Bank,Shenyang - China,Shengjing Bank (Shenyang - China)
Shenmu Rural Commercial Bank,Shemu - China,Shenmu Rural Commercial Bank (Shemu - China)
Shenzhen Development Bank,Shenzhen - China,Shenzhen Development Bank (Shenzhen - China)
Shenzhen Rural Commercial Bank,Shenzhen - China,Shenzhen Rural Commercial Bank (Shenzhen - China)
Shiga Bank,Otsu - Japan,Shiga Bank (Otsu - Japan)
Shijiazhuang City Commercial Bank,Shijiazhuang - China,Shijiazhuang City Commercial Bank (Shijiazhuang - China)
Shikoku Bank,Kochi - Japan,Shikoku Bank (Kochi - Japan)
Shimane Bank,Matsue - Japan,Shimane Bank (Matsue - Japan)
Shimizu Bank,Shizuoka - Japan,Shimizu Bank (Shizuoka - Japan)
Shin Kong Bank,Taipei - Taiwan,Shin Kong Bank (Taipei - Taiwan)
Shinhan Bank America,New York (NY,Shinhan Bank America (New York (NY) - US)
Shinhan Bank India,Mumbai - India,Shinhan Bank India (Mumbai - India)
Shinhan Bank Japan,Tokyo - Japan,Shinhan Bank Japan (Tokyo - Japan)
Shinhan Bank Kazakhstan,Almaty - Kazakhstan,Shinhan Bank Kazakhstan (Almaty - Kazakhstan)
Shinhan Bank Vietnam,Ho Chi Minh City - Vietnam,Shinhan Bank Vietnam (Ho Chi Minh City - Vietnam)
Shinhan Financial Group,Seoul - South Korea,Shinhan Financial Group (Seoul - South Korea)
Shinhan Khmer Bank Cambodia,Phnom Penh - Cambodia,Shinhan Khmer Bank Cambodia (Phnom Penh - Cambodia)
Shinkin Central Bank,Tokyo - Japan,Shinkin Central Bank (Tokyo - Japan)
Shinwa Bank,Sasebo - Japan,Shinwa Bank (Sasebo - Japan)
Shizuoka Chuo Bank,Numazu - Japan,Shizuoka Chuo Bank (Numazu - Japan)
Shizuoka Financial Group,Shizuoka - Japan,Shizuoka Financial Group (Shizuoka - Japan)
Shoko Chukin Bank,Tokyo - Japan,Shoko Chukin Bank (Tokyo - Japan)
Shokusan Bank,Yamagata (Yamagata,Shokusan Bank (Yamagata (Yamagata) - Japan)
Shonai Bank,Tsuruoka - Japan,Shonai Bank (Tsuruoka - Japan)
Shore Bancshares,Easton (MD,Shore Bancshares (Easton (MD) - US)
Shorebank Corporation,Chicago (IL,Shorebank Corporation (Chicago (IL) - US)
Shouguang Rural Commercial Bank,Beijing - China,Shouguang Rural Commercial Bank (Beijing - China)
Shrewsbury Bancorp,Shrewsbury (NJ,Shrewsbury Bancorp (Shrewsbury (NJ) - US)
Shunde Rural Commercial Bank,Guangdong - China,Shunde Rural Commercial Bank (Guangdong - China)
Siam City Bank,Bangkok - Thailand,Siam City Bank (Bangkok - Thailand)
Siam Commercial Bank X,Bangkok - Thailand,Siam Commercial Bank X (Bangkok - Thailand)
Siauliu Bankas,Siauliai - Lithuania,Siauliu Bankas (Siauliai - Lithuania)
Sibneftebank,Tyumen - Russia,Sibneftebank (Tyumen - Russia)
Sichuan Tianfu Bank,Nanchong - China,Sichuan Tianfu Bank (Nanchong - China)
Siddhartha Bank,Kathmandu - Nepal,Siddhartha Bank (Kathmandu - Nepal)
Sidian Bank,Nairobi - Kenya,Sidian Bank (Nairobi - Kenya)
Siemens Bank,Munich - Germany,Siemens Bank (Munich - Germany)
Sierra Bancorp,Porterville (CA,Sierra Bancorp (Porterville (CA) - US)
Sierra Leone Commercial Bank,Freetown - Sierra Leone,Sierra Leone Commercial Bank (Freetown - Sierra Leone)
Signal Corp,Wooster - US,Signal Corp (Wooster - US)
Signature Bank,New York (NY,Signature Bank (New York (NY) - US)
Signet Bank,Riga - Latvia,Signet Bank (Riga - Latvia)
Signet Banking Corp,Richmond (IN,Signet Banking Corp (Richmond (IN) - US)
Siinqee Bank,Addis Ababa - Ethiopia,Siinqee Bank (Addis Ababa - Ethiopia)
Silicon Valley Bank Financial Group,Santa Clara (CA,Silicon Valley Bank Financial Group (Santa Clara (CA) - US)
Silk Road Bank,Tbilisi - Georgia,Silk Road Bank (Tbilisi - Georgia)
Silk Road Bank Skopje,Skopje - Macedonia,Silk Road Bank Skopje (Skopje - Macedonia)
Silkbank,Karachi - Pakistan,Silkbank (Karachi - Pakistan)
Sime Bank Berhad,Kuala Lumpur - Malaysia,Sime Bank Berhad (Kuala Lumpur - Malaysia)
Simmons First National Corp,Pine Bluff (AR,Simmons First National Corp (Pine Bluff (AR) - US)
Sin Hua Bank,Hong Kong - Hong Kong,Sin Hua Bank (Hong Kong - Hong Kong S.A.R.)
Sina Bank,Tehran - Iran,Sina Bank (Tehran - Iran)
Sindh Bank,Karachi - Pakistan,Sindh Bank (Karachi - Pakistan)
Singer & Friedlander Group,London - UK,Singer & Friedlander Group (London - GB)
Sinopac Bancorp,Los Angeles (CA,Sinopac Bancorp (Los Angeles (CA) - US)
SkandiaBanken,Stockholm - Sweden,SkandiaBanken (Stockholm - Sweden)
Skandinaviska Enskilda Banken Group,SEB Group,Skandinaviska Enskilda Banken Group (SEB Group) (Stockholm - Sweden)
SKB Banka,Ljubljana - Slovenia,SKB Banka (Ljubljana - Slovenia)
SKBHC Holdings,Scottsdale (AZ,SKBHC Holdings (Scottsdale (AZ) - US)
Skipton Building Society,Skipton - UK,Skipton Building Society (Skipton - GB)
Skipton International,Saint Peter Port - UK,Skipton International (Saint Peter Port - GB)
Skopbank,Helsinki - Finland,Skopbank (Helsinki - Finland)
Sky Financial Group,Bowling Green (VA,Sky Financial Group (Bowling Green (VA) - US)
Skye Bank Guinea,Conakry - Guinea,Skye Bank Guinea (Conakry - Guinea)
Skye Bank Sierra Leone,Freetown - Sierra Leone,Skye Bank Sierra Leone (Freetown - Sierra Leone)
Slade's Ferry Bancorp,Somerset (MA,Slade's Ferry Bancorp (Somerset (MA) - US)
Slatinska Banka,Slatina - Croatia,Slatinska Banka (Slatina - Croatia)
Slavneftebank,Minsk - Belarus,Slavneftebank (Minsk - Belarus)
Slippery Rock Financial Corporation,Slippery Rock (PA,Slippery Rock Financial Corporation (Slippery Rock (PA) - US)
Slovenska sporitel'na,Bratislava - Slovakia,Slovenska sporitel'na (Bratislava - Slovakia)
Slovenska zadruzna kmetijska banka Ljubljana,Ljubljana - Slovenia,Slovenska zadruzna kmetijska banka Ljubljana (Ljubljana - Slovenia)
Slovenska zarucna a rozvojova banka,Bratislava - Slovakia,Slovenska zarucna a rozvojova banka (Bratislava - Slovakia)
Smart Bank,Knoxville (TN,Smart Bank (Knoxville (TN) - US)
SME Bank,Kuala Lumpur - Malaysia,SME Bank (Kuala Lumpur - Malaysia)
Smolenskiy Bank,Smolensk - Russia,Smolenskiy Bank (Smolensk - Russia)
SMP Bank,Moscow - Russia,SMP Bank (Moscow - Russia)
SNB Bancshares,Hickory Hills (IL,SNB Bancshares (Hickory Hills (IL) - US)
SNBNY Holdings,Marina Bay - Gibraltar,SNBNY Holdings (Marina Bay - Gibraltar)
Snoras Bank,Vilnius - Lithuania,Snoras Bank (Vilnius - Lithuania)
SNS Bank,Utrecht - Netherlands,SNS Bank (Utrecht - Netherlands)
Sobinbank,Moscow - Russia,Sobinbank (Moscow - Russia)
Social Islami Bank,SIBL,Social Islami Bank (SIBL) (Dhaka - Bangladesh)
Societe Arabe Internationale de Banque,SAIB,Societe Arabe Internationale de Banque (SAIB) (Giza - Egypt)
Societe Burundaise de Financement,Bujumbura - Burundi,Societe Burundaise de Financement (Bujumbura - Burundi)
Societe Caraibeenne de Banque,Socabank,Societe Caraibeenne de Banque (Socabank) (Port-au-Prince - Haiti)
Societe Generale,Paris - France,Societe Generale (Paris - France)
Societe Generale Algerie,Alger - Algeria,Societe Generale Algerie (Alger - Algeria)
Societe Generale China,Beijing - China,Societe Generale China (Beijing - China)
Societe Generale Cyprus,Strovolos - Cyprus,Societe Generale Cyprus (Strovolos - Cyprus)
Societe Generale de Banque Burkina,Ougadougou - Burkina Faso,Societe Generale de Banque Burkina (Ougadougou - Burkina Faso)
Societe Generale de Banque Jordanie,Amman - Jordan,Societe Generale de Banque Jordanie (Amman - Jordan)
Societe Generale de Banque Liban,Beirut - Lebanon,Societe Generale de Banque Liban (Beirut - Lebanon)
Societe Generale de Banques Benin,Cotonou - Benin,Societe Generale de Banques Benin (Cotonou - Benin)
Societe Generale de Banques Cameroon,Douala - Cameroon,Societe Generale de Banques Cameroon (Douala - Cameroon)
Societe Generale de Banques Cote d'Ivoire,Abidjan - Côte d`Ivoire,Societe Generale de Banques Cote d'Ivoire (Abidjan - Cote D'Ivoire)
Societe Generale de Banques Guinee,Conakry - Guinea,Societe Generale de Banques Guinee (Conakry - Guinea)
Societe Generale de Banques Guinee Equatoriale,Malabo - Equatorial Guinea,Societe Generale de Banques Guinee Equatoriale (Malabo - Equatorial Guinea)
Societe Generale de Banques Senegal,Dakar - Senegal,Societe Generale de Banques Senegal (Dakar - Senegal)
Societe Generale Ghana,Accra - Ghana,Societe Generale Ghana (Accra - Ghana)
Societe Generale India,Mumbai - India,Societe Generale India (Mumbai - India)
Societe Generale Luxembourg,Luxembourg - Luxembourg,Societe Generale Luxembourg (Luxembourg - Luxembourg)
Societe Generale Madagasikara,Tananarive - Madagascar,Societe Generale Madagasikara (Tananarive - Madagascar)
Societe Generale Morocco,Casablanca - Morocco,Societe Generale Morocco (Casablanca - Morocco)
Societe Generale Mozambique,Maputo - Mozambique,Societe Generale Mozambique (Maputo - Mozambique)
Societe Generale Switzerland,Geneva - Switzerland,Societe Generale Switzerland (Geneva - Switzerland)
Societe Generale Tchadienne de Banque,N`Djamena - Chad,Societe Generale Tchadienne de Banque (N`Djamena - Chad)
Societe Generale Turkey,Istanbul - Turkey,Societe Generale Turkey (Istanbul - Turkey)
Societe Generale Vostok,BSGV,Societe Generale Vostok (BSGV) (Moscow - Russia)
Societe Ivoirienne de Banque,SIB,Societe Ivoirienne de Banque (SIB) (Abidjan - Cote D'Ivoire)
Societe Nigerienne de Banque,Niamey - Niger,Societe Nigerienne de Banque (Niamey - Niger)
Societe Tunisienne de Banque,Tunis - Tunisia,Societe Tunisienne de Banque (Tunis - Tunisia)
Sogebank,Port-au-Prince - Haiti,Sogebank (Port-au-Prince - Haiti)
Sohar International,Muscat - Oman,Sohar International (Muscat - Oman)
Sohar Islamic,Muscat - Oman,Sohar Islamic (Muscat - Oman)
Solaris,Berlin - Germany,Solaris (Berlin - Germany)
Solothurner Bank,Solothurn - Switzerland,Solothurner Bank (Solothurn - Switzerland)
Solvay Bank Corp,Solvay (NY,Solvay Bank Corp (Solvay (NY) - US)
Sonali Bangladesh UK,London - UK,Sonali Bangladesh UK (London - GB)
Sonali Bank,Dhaka - Bangladesh,Sonali Bank (Dhaka - Bangladesh)
Soneri Bank,Lahore - Pakistan,Soneri Bank (Lahore - Pakistan)
Sotsinvestbank,Ufa - Russia,Sotsinvestbank (Ufa - Russia)
South Central Bancshares,Russellville (KY,South Central Bancshares (Russellville (KY) - US)
South Central Bancshares of Kentucky,Glasgow (KY,South Central Bancshares of Kentucky (Glasgow (KY) - US)
South Financial Group,Greenville (SC,South Financial Group (Greenville (SC) - US)
South Indian Bank,Thrissur - India,South Indian Bank (Thrissur - India)
South Plains Financial,Lubbock (TX,South Plains Financial (Lubbock (TX) - US)
South Shore Bancorp,South Weymouth (MA,South Shore Bancorp (South Weymouth (MA) - US)
South State Corporation,Columbia (SC,South State Corporation (Columbia (SC) - US)
South Valley Bancorp,Klamath Falls (OR,South Valley Bancorp (Klamath Falls (OR) - US)
Southeast Asia Bank,Hanoi - Vietnam,Southeast Asia Bank (Hanoi - Vietnam)
SouthEast Bank,Dhaka - Bangladesh,SouthEast Bank (Dhaka - Bangladesh)
Southeastern Bank Financial Corporation,Augusta (GA,Southeastern Bank Financial Corporation (Augusta (GA) - US)
Southern Bancorp,Arkadelphia - US,Southern Bancorp (Arkadelphia - US)
Southern BancShares,N.C.,Southern BancShares (N.C.) (Mount Olive (NC) - US)
Southern Bancshares Corp,Saint Louis (MO,Southern Bancshares Corp (Saint Louis (MO) - US)
Southern Bank,Ho Chi Minh City - Vietnam,Southern Bank (Ho Chi Minh City - Vietnam)
Southern Bank Berhad,Kuala Lumpur - Malaysia,Southern Bank Berhad (Kuala Lumpur - Malaysia)
Southern Community Financial Corporation,Winston-Salem (NC,Southern Community Financial Corporation (Winston-Salem (NC) - US)
Southern Credit Banking Corporation,Nairobi - Kenya,Southern Credit Banking Corporation (Nairobi - Kenya)
Southern First Bancshares,Greenville (SC,Southern First Bancshares (Greenville (SC) - US)
Southern Missouri Bancorp,Poplar Bluff - US,Southern Missouri Bancorp (Poplar Bluff - US)
Southern National Bancorp of Virginia,McLean (VA,Southern National Bancorp of Virginia (McLean (VA) - US)
Southside Bancshares,Tyler (TX,Southside Bancshares (Tyler (TX) - US)
Southtrust Corp,Birmingham (MI,Southtrust Corp (Birmingham (MI) - US)
Southwest Bancorp,Stillwater (OK,Southwest Bancorp (Stillwater (OK) - US)
Southwest Georgia Financial Corporation,Moultrie (GA,Southwest Georgia Financial Corporation (Moultrie (GA) - US)
Sovac,Paris - France,Sovac (Paris - France)
Sovcombank,Kostroma - Russia,Sovcombank (Kostroma - Russia)
Sovereign Bancorp,Philadelphia (PA,Sovereign Bancorp (Philadelphia (PA) - US)
Sovereign Bancshares,Dallas (TX,Sovereign Bancshares (Dallas (TX) - US)
Spar Nord Bank,Aalborg - Denmark,Spar Nord Bank (Aalborg - Denmark)
Sparbank,Skive - Denmark,Sparbank (Skive - Denmark)
Sparbanken Finn,Lund - Sweden,Sparbanken Finn (Lund - Sweden)
Sparbanken Gripen,Ängelholm - Sweden,Sparbanken Gripen (Ängelholm - Sweden)
Sparbanken Oresund,Malmö - Sweden,Sparbanken Oresund (Malmö - Sweden)
Sparbanken Skane,Lund - Sweden,Sparbanken Skane (Lund - Sweden)
Sparebank 1 Nord Norge,Tromsø - Norway,Sparebank 1 Nord Norge (Tromsø - Norway)
SpareBank 1 Ostlandet,Hamar - Norway,SpareBank 1 Ostlandet (Hamar - Norway)
SpareBank 1 SMN,Trondheim - Norway,SpareBank 1 SMN (Trondheim - Norway)
SpareBank 1 Sorost Norge,Sandefjord - Norway,SpareBank 1 Sorost Norge (Sandefjord - Norway)
SpareBank 1 SR Bank,Stavanger - Norway,SpareBank 1 SR Bank (Stavanger - Norway)
Sparebanken More,Aalesund - Norway,Sparebanken More (Aalesund - Norway)
Sparebanken Sor,Kristiansand - Norway,Sparebanken Sor (Kristiansand - Norway)
Sparebanken Vest,Bergen - Norway,Sparebanken Vest (Bergen - Norway)
Sparekassen Faaborg,Faaborg - Denmark,Sparekassen Faaborg (Faaborg - Denmark)
Sparekassen Sjaelland,Holbaek - Denmark,Sparekassen Sjaelland (Holbaek - Denmark)
Sparkasse Aachen,Aachen - Germany,Sparkasse Aachen (Aachen - Germany)
Sparkasse Allgau,Kempten - Germany,Sparkasse Allgau (Kempten - Germany)
Sparkasse am Niederrhein,Moers - Germany,Sparkasse am Niederrhein (Moers - Germany)
Sparkasse Aurich Norden,Norden - Germany,Sparkasse Aurich Norden (Norden - Germany)
Sparkasse Bamberg,Bamberg - Germany,Sparkasse Bamberg (Bamberg - Germany)
Sparkasse Bank,Sarajevo - Bosnia-Herzegovina,Sparkasse Bank (Sarajevo - Bosnia and Herzegovina)
Sparkasse Bank Malta,Sliema - Malta,Sparkasse Bank Malta (Sliema - Malta)
Sparkasse Banka Makedonija,Skopje - Macedonia,Sparkasse Banka Makedonija (Skopje - Macedonia)
Sparkasse Bayreuth,Bayreuth - Germany,Sparkasse Bayreuth (Bayreuth - Germany)
Sparkasse Bensheim,Bensheim - Germany,Sparkasse Bensheim (Bensheim - Germany)
Sparkasse Berchtesgadener Land,Bad Reichenall - Germany,Sparkasse Berchtesgadener Land (Bad Reichenall - Germany)
Sparkasse Bielefeld,Bielefeld - Germany,Sparkasse Bielefeld (Bielefeld - Germany)
Sparkasse Bochum,Bochum - Germany,Sparkasse Bochum (Bochum - Germany)
Sparkasse Bodensee,Friedrichshafen - Germany,Sparkasse Bodensee (Friedrichshafen - Germany)
Sparkasse Bonn,Bonn - Germany,Sparkasse Bonn (Bonn - Germany)
Sparkasse Bremen,Bremen - Germany,Sparkasse Bremen (Bremen - Germany)
Sparkasse Celle,Celle - Germany,Sparkasse Celle (Celle - Germany)
Sparkasse Chemnitz,Chemnitz - Germany,Sparkasse Chemnitz (Chemnitz - Germany)
Sparkasse Dachau,Dachau - Germany,Sparkasse Dachau (Dachau - Germany)
Sparkasse Darmstadt,Darmstadt - Germany,Sparkasse Darmstadt (Darmstadt - Germany)
Sparkasse Deggendorf,Deggendorf - Germany,Sparkasse Deggendorf (Deggendorf - Germany)
Sparkasse der Stadt Iserlohn,Iserlohn - Germany,Sparkasse der Stadt Iserlohn (Iserlohn - Germany)
Sparkasse der Stadt Wilhemshaven,Wilhemshaven - Germany,Sparkasse der Stadt Wilhemshaven (Wilhemshaven - Germany)
Sparkasse Detmold,Detmold - Germany,Sparkasse Detmold (Detmold - Germany)
Sparkasse Dieburg,Groß-Umstadt - Germany,Sparkasse Dieburg (Groß-Umstadt - Germany)
Sparkasse Dingolfing Landau,Dingolfing - Germany,Sparkasse Dingolfing Landau (Dingolfing - Germany)
Sparkasse Dinslaken Voerde Hunxe,Dinslaken - Germany,Sparkasse Dinslaken Voerde Hunxe (Dinslaken - Germany)
Sparkasse Donaueschingen,Donaueschingen - Germany,Sparkasse Donaueschingen (Donaueschingen - Germany)
Sparkasse Donauworth,Donauwörth - Germany,Sparkasse Donauworth (Donauwörth - Germany)
Sparkasse Dortmund,Dortmund - Germany,Sparkasse Dortmund (Dortmund - Germany)
Sparkasse Duisburg,Duisburg - Germany,Sparkasse Duisburg (Duisburg - Germany)
Sparkasse Duren,Düren - Germany,Sparkasse Duren (Düren - Germany)
Sparkasse Eckernforde,Eckernförde - Germany,Sparkasse Eckernforde (Eckernförde - Germany)
Sparkasse Elbe Elster,Finsterwalde - Germany,Sparkasse Elbe Elster (Finsterwalde - Germany)
Sparkasse Emsland,Meppen - Germany,Sparkasse Emsland (Meppen - Germany)
Sparkasse Erfurt,Erfurt - Germany,Sparkasse Erfurt (Erfurt - Germany)
Sparkasse Erlangen,Erlangen - Germany,Sparkasse Erlangen (Erlangen - Germany)
Sparkasse Essen,Essen - Germany,Sparkasse Essen (Essen - Germany)
Sparkasse Forchheim,Forchheim - Germany,Sparkasse Forchheim (Forchheim - Germany)
Sparkasse Freiburg Nordlicher Breisgau,Freiburg - Germany,Sparkasse Freiburg Nordlicher Breisgau (Freiburg - Germany)
Sparkasse Freising,Freising - Germany,Sparkasse Freising (Freising - Germany)
Sparkasse Furstenfeldbruck,Fürstenfeldbruck - Germany,Sparkasse Furstenfeldbruck (Fürstenfeldbruck - Germany)
Sparkasse Gelsenkirchen,Gelsenkirchen - Germany,Sparkasse Gelsenkirchen (Gelsenkirchen - Germany)
Sparkasse Germersheim Kandel,Kandel - Germany,Sparkasse Germersheim Kandel (Kandel - Germany)
Sparkasse Gottingen,Göttingen - Germany,Sparkasse Gottingen (Göttingen - Germany)
Sparkasse Gunzburg Krumbach,Günzburg - Germany,Sparkasse Gunzburg Krumbach (Günzburg - Germany)
Sparkasse Gutersloh,Gütersloh - Germany,Sparkasse Gutersloh (Gütersloh - Germany)
Sparkasse Hagen,Hagen - Germany,Sparkasse Hagen (Hagen - Germany)
Sparkasse Hamm,Hamm - Germany,Sparkasse Hamm (Hamm - Germany)
Sparkasse Hanau,Hanau - Germany,Sparkasse Hanau (Hanau - Germany)
Sparkasse Hannover,Hannover - Germany,Sparkasse Hannover (Hannover - Germany)
Sparkasse Harburg Buxtehude,Hamburg - Germany,Sparkasse Harburg Buxtehude (Hamburg - Germany)
Sparkasse Heidelberg,Heidelberg - Germany,Sparkasse Heidelberg (Heidelberg - Germany)
Sparkasse Herford,Herford - Germany,Sparkasse Herford (Herford - Germany)
Sparkasse Hilden Ratingen Velbert,Velbert - Germany,Sparkasse Hilden Ratingen Velbert (Velbert - Germany)
Sparkasse Hildesheim,Hildesheim - Germany,Sparkasse Hildesheim (Hildesheim - Germany)
Sparkasse Hochfranken,Selb - Germany,Sparkasse Hochfranken (Selb - Germany)
Sparkasse Hochrhein,Waldshut-Tiengen - Germany,Sparkasse Hochrhein (Waldshut-Tiengen - Germany)
Sparkasse Holstein,Eutin - Germany,Sparkasse Holstein (Eutin - Germany)
Sparkasse Hoxter,Brakel - Germany,Sparkasse Hoxter (Brakel - Germany)
Sparkasse im Landkreis Cham,Cham - Germany,Sparkasse im Landkreis Cham (Cham - Germany)
Sparkasse im Landkreis Schwandorf,Schwandorf - Germany,Sparkasse im Landkreis Schwandorf (Schwandorf - Germany)
Sparkasse Ingolstadt,Ingolstadt - Germany,Sparkasse Ingolstadt (Ingolstadt - Germany)
Sparkasse Karlsruhe,Karlsruhe - Germany,Sparkasse Karlsruhe (Karlsruhe - Germany)
Sparkasse Kiel,Kiel - Germany,Sparkasse Kiel (Kiel - Germany)
Sparkasse Kleve,Kleve - Germany,Sparkasse Kleve (Kleve - Germany)
Sparkasse Koblenz,Koblenz - Germany,Sparkasse Koblenz (Koblenz - Germany)
Sparkasse KolnBonn,Cologne - Germany,Sparkasse KolnBonn (Cologne - Germany)
Sparkasse Kraichgau,Bruchsal - Germany,Sparkasse Kraichgau (Bruchsal - Germany)
Sparkasse Krefeld,Krefeld - Germany,Sparkasse Krefeld (Krefeld - Germany)
Sparkasse Kreis Plon,Plön - Germany,Sparkasse Kreis Plon (Plön - Germany)
Sparkasse Landshut,Landshut - Germany,Sparkasse Landshut (Landshut - Germany)
Sparkasse Langen Seligenstadt,Langen - Germany,Sparkasse Langen Seligenstadt (Langen - Germany)
Sparkasse LeerWittmund,Leer - Germany,Sparkasse LeerWittmund (Leer - Germany)
Sparkasse Lemgo,Lemgo - Germany,Sparkasse Lemgo (Lemgo - Germany)
Sparkasse Leverkusen,Leverkusen - Germany,Sparkasse Leverkusen (Leverkusen - Germany)
Sparkasse Lorrach Rheinfelden,Lörrach - Germany,Sparkasse Lorrach Rheinfelden (Lörrach - Germany)
Sparkasse Ludenscheid,Lüdenscheid - Germany,Sparkasse Ludenscheid (Lüdenscheid - Germany)
Sparkasse Luneburg,Lüneburg - Germany,Sparkasse Luneburg (Lüneburg - Germany)
Sparkasse Lunen,Lünen - Germany,Sparkasse Lunen (Lünen - Germany)
Sparkasse Mainfranken Wurzburg,Würzburg - Germany,Sparkasse Mainfranken Wurzburg (Würzburg - Germany)
Sparkasse Mainz,Mainz - Germany,Sparkasse Mainz (Mainz - Germany)
Sparkasse Marburg Biedenkopf,Marburg - Germany,Sparkasse Marburg Biedenkopf (Marburg - Germany)
Sparkasse Markgraflerland,Müllheim - Germany,Sparkasse Markgraflerland (Müllheim - Germany)
Sparkasse Merzig Wadern,Merzig - Germany,Sparkasse Merzig Wadern (Merzig - Germany)
Sparkasse Miltenberg Obernburg,Miltenberg - Germany,Sparkasse Miltenberg Obernburg (Miltenberg - Germany)
Sparkasse Minden Lubbecke,Minden - Germany,Sparkasse Minden Lubbecke (Minden - Germany)
Sparkasse Mittelfranken Sud,Roth - Germany,Sparkasse Mittelfranken Sud (Roth - Germany)
Sparkasse Mittelmosel Eifel Mosel Hunsruck,Bernkastel-Kues - Germany,Sparkasse Mittelmosel Eifel Mosel Hunsruck (Bernkastel-Kues - Germany)
Sparkasse Mulheim an der Ruhr,Mülheim an der Ruhr - Germany,Sparkasse Mulheim an der Ruhr (Mülheim an der Ruhr - Germany)
Sparkasse Munsterland Ost,Münster - Germany,Sparkasse Munsterland Ost (Münster - Germany)
Sparkasse Neu Ulm Illertissen,Neu-Ulm - Germany,Sparkasse Neu Ulm Illertissen (Neu-Ulm - Germany)
Sparkasse Neumarkt Parsberg,Neumarkt - Germany,Sparkasse Neumarkt Parsberg (Neumarkt - Germany)
Sparkasse Neuss,Neuss - Germany,Sparkasse Neuss (Neuss - Germany)
Sparkasse Neuwied,Neuwied - Germany,Sparkasse Neuwied (Neuwied - Germany)
Sparkasse Niederlausitz,Senftenberg - Germany,Sparkasse Niederlausitz (Senftenberg - Germany)
Sparkasse Nienburg,Nienburg - Germany,Sparkasse Nienburg (Nienburg - Germany)
Sparkasse Nurnberg,Nuremberg - Germany,Sparkasse Nurnberg (Nuremberg - Germany)
Sparkasse Oberhessen,Friedberg - Germany,Sparkasse Oberhessen (Friedberg - Germany)
Sparkasse Odenwaldkreis,Erbach - Germany,Sparkasse Odenwaldkreis (Erbach - Germany)
Sparkasse Oder Spree,Eisenhüttenstadt - Germany,Sparkasse Oder Spree (Eisenhüttenstadt - Germany)
Sparkasse Offenburg Ortenau,Offenburg - Germany,Sparkasse Offenburg Ortenau (Offenburg - Germany)
Sparkasse Osnabruck,Osnabrück - Germany,Sparkasse Osnabruck (Osnabrück - Germany)
Sparkasse Paderborn,Paderborn - Germany,Sparkasse Paderborn (Paderborn - Germany)
Sparkasse Passau,Passau - Germany,Sparkasse Passau (Passau - Germany)
Sparkasse Pforzheim Calw,Pforzheim - Germany,Sparkasse Pforzheim Calw (Pforzheim - Germany)
Sparkasse Rastatt Gernsbach,Ratstatt - Germany,Sparkasse Rastatt Gernsbach (Ratstatt - Germany)
Sparkasse Regen Viechtach,Regen - Germany,Sparkasse Regen Viechtach (Regen - Germany)
Sparkasse Regensburg,Regensburg - Germany,Sparkasse Regensburg (Regensburg - Germany)
Sparkasse Rhein Haardt,Bad Dürkheim - Germany,Sparkasse Rhein Haardt (Bad Dürkheim - Germany)
Sparkasse Rhein Nahe,Bad Kreuznach - Germany,Sparkasse Rhein Nahe (Bad Kreuznach - Germany)
Sparkasse Rhein Neckar Nord,Mannheim - Germany,Sparkasse Rhein Neckar Nord (Mannheim - Germany)
Sparkasse Rosenheim Bad Aibling,Rosenheim - Germany,Sparkasse Rosenheim Bad Aibling (Rosenheim - Germany)
Sparkasse Rotenburg Bremervorde,Zeven - Germany,Sparkasse Rotenburg Bremervorde (Zeven - Germany)
Sparkasse Rottal Inn,Eggenfelden - Germany,Sparkasse Rottal Inn (Eggenfelden - Germany)
Sparkasse Saarbrucken,Saarbrücken - Germany,Sparkasse Saarbrucken (Saarbrücken - Germany)
Sparkasse Schaumburg,Rinteln - Germany,Sparkasse Schaumburg (Rinteln - Germany)
Sparkasse Schwabisch Hall Crailsheim,Schwäbisch Hall - Germany,Sparkasse Schwabisch Hall Crailsheim (Schwäbisch Hall - Germany)
Sparkasse Schwarzwald Baar,Villingen-Schwenningen - Germany,Sparkasse Schwarzwald Baar (Villingen-Schwenningen - Germany)
Sparkasse Schwaz,Schwaz - Austria,Sparkasse Schwaz (Schwaz - Austria)
Sparkasse Siegen,Siegen - Germany,Sparkasse Siegen (Siegen - Germany)
Sparkasse Singen Radolfzell,Singen - Germany,Sparkasse Singen Radolfzell (Singen - Germany)
Sparkasse Spree Neisse,Cottbus - Germany,Sparkasse Spree Neisse (Cottbus - Germany)
Sparkasse Straubing Bogen,Straubing - Germany,Sparkasse Straubing Bogen (Straubing - Germany)
Sparkasse Sudliche Weinstrasse,Landau - Germany,Sparkasse Sudliche Weinstrasse (Landau - Germany)
Sparkasse Sudwestpfalz,Pirmasens - Germany,Sparkasse Sudwestpfalz (Pirmasens - Germany)
Sparkasse Tauberfranken,Tauberbischofsheim - Germany,Sparkasse Tauberfranken (Tauberbischofsheim - Germany)
Sparkasse Trier,Trier - Germany,Sparkasse Trier (Trier - Germany)
Sparkasse Uelzen Luchow Dannenberg,Uelzen - Germany,Sparkasse Uelzen Luchow Dannenberg (Uelzen - Germany)
Sparkasse Ulm,Ulm - Germany,Sparkasse Ulm (Ulm - Germany)
Sparkasse Unna,Unna - Germany,Sparkasse Unna (Unna - Germany)
Sparkasse Unstrut Hainich,Mühlhausen - Germany,Sparkasse Unstrut Hainich (Mühlhausen - Germany)
Sparkasse Vest Recklinghausen,Recklinghausen - Germany,Sparkasse Vest Recklinghausen (Recklinghausen - Germany)
Sparkasse Vogtland,Plauen - Germany,Sparkasse Vogtland (Plauen - Germany)
Sparkasse Waldeck Frankenberg,Korbach - Germany,Sparkasse Waldeck Frankenberg (Korbach - Germany)
Sparkasse Weimar,Weimar - Germany,Sparkasse Weimar (Weimar - Germany)
Sparkasse Werra Meissner,Eschwege - Germany,Sparkasse Werra Meissner (Eschwege - Germany)
Sparkasse Weserbergland,Hameln - Germany,Sparkasse Weserbergland (Hameln - Germany)
Sparkasse Westerwald Sieg,Bad Marienberg - Germany,Sparkasse Westerwald Sieg (Bad Marienberg - Germany)
Sparkasse Westholstein,Itzehoe - Germany,Sparkasse Westholstein (Itzehoe - Germany)
Sparkasse Westmunsterland,Ahaus - Germany,Sparkasse Westmunsterland (Ahaus - Germany)
Sparkasse Wetzlar,Wetzlar - Germany,Sparkasse Wetzlar (Wetzlar - Germany)
Sparkasse Worms Alzey Ried,Worms - Germany,Sparkasse Worms Alzey Ried (Worms - Germany)
Sparkasse Zollernalb,Balingen - Germany,Sparkasse Zollernalb (Balingen - Germany)
Sparkasse zu Lubeck,Lübeck - Germany,Sparkasse zu Lubeck (Lübeck - Germany)
Sparkasse Zwickau,Zwickau - Germany,Sparkasse Zwickau (Zwickau - Germany)
Spire Bank,Nairobi - Kenya,Spire Bank (Nairobi - Kenya)
Splitska Banka,Split - Croatia,Splitska Banka (Split - Croatia)
Spring Bank,Lagos - Nigeria,Spring Bank (Lagos - Nigeria)
Square 1 Financial,Durham - US,Square 1 Financial (Durham - US)
Square Financial Services,Salt Lake City (UT,Square Financial Services (Salt Lake City (UT) - US)
SRPSKA Banka Beograd,Belgrade - Serbia,SRPSKA Banka Beograd (Belgrade - Serbia)
ST Bank,Vientiane - Laos,ST Bank (Vientiane - Laos)
St Galler Kantonalbank,St Gall - Switzerland,St Galler Kantonalbank (St Gall - Switzerland)
St George Bank,Kogarah - Australia,St George Bank (Kogarah - Australia)
St Georges Bank,Panama City - Panama,St Georges Bank (Panama City - Panama)
St Kitts Nevis Anguilla National Bank,Basseterre - St Kitts and Nevis,St Kitts Nevis Anguilla National Bank (Basseterre - Saint Kitts And Nevis)
Stadshypotek Bank,Stockholm - Sweden,Stadshypotek Bank (Stockholm - Sweden)
Stadtsparkasse Augsburg,Augsburg - Germany,Stadtsparkasse Augsburg (Augsburg - Germany)
Stadtsparkasse Dusseldorf,Düsseldorf - Germany,Stadtsparkasse Dusseldorf (Düsseldorf - Germany)
Stadtsparkasse Monchengladbach,Mönchengladbach - Germany,Stadtsparkasse Monchengladbach (Mönchengladbach - Germany)
Stadtsparkasse Munchen,Munich - Germany,Stadtsparkasse Munchen (Munich - Germany)
Stadtsparkasse Wuppertal,Wuppertal - Germany,Stadtsparkasse Wuppertal (Wuppertal - Germany)
Stafford Railway Building Society,Stafford - UK,Stafford Railway Building Society (Stafford - GB)
Stanbic Bank,Nairobi - Kenya,Stanbic Bank (Nairobi - Kenya)
Stanbic Bank Botswana,Gabarone - Botswana,Stanbic Bank Botswana (Gabarone - Botswana)
Stanbic Bank Ghana,Accra - Ghana,Stanbic Bank Ghana (Accra - Ghana)
Stanbic Bank Nigeria,Lagos - Nigeria,Stanbic Bank Nigeria (Lagos - Nigeria)
Stanbic Bank Tanzania,Dar Es Salaam - Tanzania,Stanbic Bank Tanzania (Dar Es Salaam - Tanzania)
Stanbic Bank Uganda,Kampala - Uganda,Stanbic Bank Uganda (Kampala - Uganda)
Stanbic Bank Zambia,Lusaka - Zambia,Stanbic Bank Zambia (Lusaka - Zambia)
Stanbic Bank Zimbabwe,Harare - Zimbabwe,Stanbic Bank Zimbabwe (Harare - Zimbabwe)
Stanbic IBTC Holdings,Lagos - Nigeria,Stanbic IBTC Holdings (Lagos - Nigeria)
Standard Bancshares,Hickory Hills (IL,Standard Bancshares (Hickory Hills (IL) - US)
Standard Bank Bangladesh,Dhaka - Bangladesh,Standard Bank Bangladesh (Dhaka - Bangladesh)
Standard Bank de Angola,Luanda - Angola,Standard Bank de Angola (Luanda - Angola)
Standard Bank Group,Stanbank,Standard Bank Group (Stanbank) (Johannesburg - South Africa)
Standard Bank Lesotho,Maseru - Lesotho,Standard Bank Lesotho (Maseru - Lesotho)
Standard Bank Malawi,Lilongwe - Malawi,Standard Bank Malawi (Lilongwe - Malawi)
Standard Bank Mauritius,Port Louis - Mauritius,Standard Bank Mauritius (Port Louis - Mauritius)
Standard Bank Mozambique,Maputo - Mozambique,Standard Bank Mozambique (Maputo - Mozambique)
Standard Bank Namibia,Windhoek - Namibia,Standard Bank Namibia (Windhoek - Namibia)
Standard Bank RD Congo,Kinshasa - DRC Congo,Standard Bank RD Congo (Kinshasa - Democratic Republic of the Congo)
Standard Bank Swaziland,Mbabane - Eswatini,Standard Bank Swaziland (Mbabane - Swaziland)
Standard Chartered,London - UK,Standard Chartered (London - GB)
Standard Chartered Bank Bangladesh,Dhaka - Bangladesh,Standard Chartered Bank Bangladesh (Dhaka - Bangladesh)
Standard Chartered Bank Botswana,Gabarone - Botswana,Standard Chartered Bank Botswana (Gabarone - Botswana)
Standard Chartered Bank Brazil,São Paulo - Brazil,Standard Chartered Bank Brazil (São Paulo - Brazil)
Standard Chartered Bank Cameroon,Douala - Cameroon,Standard Chartered Bank Cameroon (Douala - Cameroon)
Standard Chartered Bank China,Beijing - China,Standard Chartered Bank China (Beijing - China)
Standard Chartered Bank Gambia,Banjul - Gambia,Standard Chartered Bank Gambia (Banjul - Gambia The)
Standard Chartered Bank Ghana,Accra - Ghana,Standard Chartered Bank Ghana (Accra - Ghana)
Standard Chartered Bank Hong Kong,Hong Kong - Hong Kong,Standard Chartered Bank Hong Kong (Hong Kong - Hong Kong S.A.R.)
Standard Chartered Bank India,Mumbai - India,Standard Chartered Bank India (Mumbai - India)
Standard Chartered Bank Indonesia,Jakarta - Indonesia,Standard Chartered Bank Indonesia (Jakarta - Indonesia)
Standard Chartered Bank Ivory Cost,Abidjan - Côte d`Ivoire,Standard Chartered Bank Ivory Cost (Abidjan - Cote D'Ivoire)
Standard Chartered Bank Kenya,Nairobi - Kenya,Standard Chartered Bank Kenya (Nairobi - Kenya)
Standard Chartered Bank Korea,Seoul - South Korea,Standard Chartered Bank Korea (Seoul - South Korea)
Standard Chartered Bank Malaysia Berhad,Kuala Lumpur - Malaysia,Standard Chartered Bank Malaysia Berhad (Kuala Lumpur - Malaysia)
Standard Chartered Bank Mauritius,Ebene - Mauritius,Standard Chartered Bank Mauritius (Ebene - Mauritius)
Standard Chartered Bank Nepal,Kathmandu - Nepal,Standard Chartered Bank Nepal (Kathmandu - Nepal)
Standard Chartered Bank Nigeria,Lagos - Nigeria,Standard Chartered Bank Nigeria (Lagos - Nigeria)
Standard Chartered Bank Pakistan,Karachi - Pakistan,Standard Chartered Bank Pakistan (Karachi - Pakistan)
Standard Chartered Bank Peru,Lima - Peru,Standard Chartered Bank Peru (Lima - Peru)
Standard Chartered Bank Sierra Leone,Freetown - Sierra Leone,Standard Chartered Bank Sierra Leone (Freetown - Sierra Leone)
Standard Chartered Bank Singapore,Singapore - Singapore,Standard Chartered Bank Singapore (Singapore - Singapore)
Standard Chartered Bank Sri Lanka,Colombo - Sri Lanka,Standard Chartered Bank Sri Lanka (Colombo - Sri Lanka)
Standard Chartered Bank Taiwan,Hsinchu - Taiwan,Standard Chartered Bank Taiwan (Hsinchu - Taiwan)
Standard Chartered Bank Tanzania,Dar Es Salaam - Tanzania,Standard Chartered Bank Tanzania (Dar Es Salaam - Tanzania)
Standard Chartered Bank Thailand,Bangkok - Thailand,Standard Chartered Bank Thailand (Bangkok - Thailand)
Standard Chartered Bank Turkey,Ankara - Turkey,Standard Chartered Bank Turkey (Ankara - Turkey)
Standard Chartered Bank Uganda,Kampala - Uganda,Standard Chartered Bank Uganda (Kampala - Uganda)
Standard Chartered Bank Zambia,Lusaka - Zambia,Standard Chartered Bank Zambia (Lusaka - Zambia)
Standard Chartered Bank Zimbabwe,Harare - Zimbabwe,Standard Chartered Bank Zimbabwe (Harare - Zimbabwe)
Standard Chartered Saadiq Malaysia,Kuala Lumpur - Malaysia,Standard Chartered Saadiq Malaysia (Kuala Lumpur - Malaysia)
Standard Federal Bank,Farmington Hills (MI,Standard Federal Bank (Farmington Hills (MI) - US)
Standard Mutual Holding Co,Murrysville (PA,Standard Mutual Holding Co (Murrysville (PA) - US)
Stanford Bank Panama,Panama City - Panama,Stanford Bank Panama (Panama City - Panama)
Star Banc Corporation,Cincinnati (OH,Star Banc Corporation (Cincinnati (OH) - US)
Star Financial Group,Fort Wayne (IN,Star Financial Group (Fort Wayne (IN) - US)
Starion Bank,Bismark (ND,Starion Bank (Bismark (ND) - US)
Starling Bank,London - UK,Starling Bank (London - GB)
Starokyivsky Bank,Kiev - Ukraine,Starokyivsky Bank (Kiev - Ukraine)
State Bancorp,New Hyde Park (NY,State Bancorp (New Hyde Park (NY) - US)
State Bank,Ulaanbataar - Mongolia,State Bank (Ulaanbataar - Mongolia)
State Bank Financial Corporation,Atlanta (GA,State Bank Financial Corporation (Atlanta (GA) - US)
State Bank for Foreign Economic Affairs,Ashgabat - Turkmenistan,State Bank for Foreign Economic Affairs (Ashgabat - Turkmenistan)
State Bank of Bikaner and Jaipur,Jaipur - India,State Bank of Bikaner and Jaipur (Jaipur - India)
State Bank of Hyderabad,Hyderabad - India,State Bank of Hyderabad (Hyderabad - India)
State Bank of India,Mumbai - India,State Bank of India (Mumbai - India)
State Bank of India Indonesia,Jakarta - Indonesia,State Bank of India Indonesia (Jakarta - Indonesia)
State Bank of India Maldives,Male - Maldives,State Bank of India Maldives (Male - Maldives)
State Bank of Indore,Indore - India,State Bank of Indore (Indore - India)
State Bank of Mauritius,Port Louis - Mauritius,State Bank of Mauritius (Port Louis - Mauritius)
State Bank of Mauritius India,Mumbai - India,State Bank of Mauritius India (Mumbai - India)
State Bank of Mysore,Bangalore - India,State Bank of Mysore (Bangalore - India)
State Bank of Patiala,Patiala - India,State Bank of Patiala (Patiala - India)
State Bank of Saurashtra,Bhavagar - India,State Bank of Saurashtra (Bhavagar - India)
State Bank of Travancore,Thiruvananthapuram - India,State Bank of Travancore (Thiruvananthapuram - India)
State Bankshares,Fargo (ND,State Bankshares (Fargo (ND) - US)
State Capital Corporation,Greenwood - US,State Capital Corporation (Greenwood - US)
State Export Import Bank of Ukraine,Kiev - Ukraine,State Export Import Bank of Ukraine (Kiev - Ukraine)
State Financial Services Corporation,Milwaukee (WI,State Financial Services Corporation (Milwaukee (WI) - US)
State National Bancshares,Lubbock (TX,State National Bancshares (Lubbock (TX) - US)
State Savings Bank of Ukraine,Kiev - Ukraine,State Savings Bank of Ukraine (Kiev - Ukraine)
State Street Corp,Boston (MA,State Street Corp (Boston (MA) - US)
State Street Corporation Brasil,São Paulo - Brazil,State Street Corporation Brasil (São Paulo - Brazil)
StatusBank,Minsk - Belarus,StatusBank (Minsk - Belarus)
Stearns Financial Services,St Cloud (MN,Stearns Financial Services (St Cloud (MN) - US)
Stedbanka,Zagreb - Croatia,Stedbanka (Zagreb - Croatia)
Steiermarkische Sparkasse,Graz - Austria,Steiermarkische Sparkasse (Graz - Austria)
Stellar Bancorp,Houston (TX,Stellar Bancorp (Houston (TX) - US)
Stellarone Corporation,Charlottesville - US,Stellarone Corporation (Charlottesville - US)
Sterling Bancorp,New York (NY,Sterling Bancorp (New York (NY) - US)
Sterling Bancshares,Houston (TX,Sterling Bancshares (Houston (TX) - US)
Sterling Bank,Lagos - Nigeria,Sterling Bank (Lagos - Nigeria)
Sterling Financial Corporation,Lancaster (PA,Sterling Financial Corporation (Lancaster (PA) - US)
Sterling Financial Corporation,Spokane (WA,Sterling Financial Corporation (Spokane (WA) - US)
Steward Bank,Harare - Zimbabwe,Steward Bank (Harare - Zimbabwe)
Stifel Financial Corp,St Louis (MO,Stifel Financial Corp (St Louis (MO) - US)
Stock Yards Bancorp,Louisville (KY,Stock Yards Bancorp (Louisville (KY) - US)
Stockman Financial Corporation,Miles City (MT,Stockman Financial Corporation (Miles City (MT) - US)
Stockmen's Bancorp,Kingman (AZ,Stockmen's Bancorp (Kingman (AZ) - US)
Stopanska Banka a.d. Bitola,Bitola - Macedonia,Stopanska Banka a.d. Bitola (Bitola - Macedonia)
Stopanska Banka a.d. Skopje,Skopje - Macedonia,Stopanska Banka a.d. Skopje (Skopje - Macedonia)
Storebrand Bank Group,Oslo - Norway,Storebrand Bank Group (Oslo - Norway)
Strategic Growth Bank Incorporated,El Paso - US,Strategic Growth Bank Incorporated (El Paso - US)
Stream Bank,Cardiff - UK,Stream Bank (Cardiff - GB)
Sturm Financial Group,Denver (CO,Sturm Financial Group (Denver (CO) - US)
Stuttgarter Volksbank,Stuttgart - Germany,Stuttgarter Volksbank (Stuttgart - Germany)
Suburban Illinois Bancorp,Elmhurst (IL,Suburban Illinois Bancorp (Elmhurst (IL) - US)
Sudameris Bank,Asunción - Paraguay,Sudameris Bank (Asunción - Paraguay)
Sudanese Egyptian Bank,Khartoum - Sudan,Sudanese Egyptian Bank (Khartoum - Sudan)
Sudanese Estates Bank,Khartoum - Sudan,Sudanese Estates Bank (Khartoum - Sudan)
Sudanese French Bank,Khartoum - Sudan,Sudanese French Bank (Khartoum - Sudan)
Sudanese Islamic Bank,Khartoum - Sudan,Sudanese Islamic Bank (Khartoum - Sudan)
Sudostroitelny Bank,Moscow - Russia,Sudostroitelny Bank (Moscow - Russia)
Sudtiroler Volksbank,Bolzano - Italy,Sudtiroler Volksbank (Bolzano - Italy)
Suez Canal Bank,Cairo - Egypt,Suez Canal Bank (Cairo - Egypt)
Suffolk Bancorp,Riverhead (NY,Suffolk Bancorp (Riverhead (NY) - US)
Suffolk Building Society,Ipswich - UK,Suffolk Building Society (Ipswich - GB)
Sugamo Shinkin Bank,Tokyo - Japan,Sugamo Shinkin Bank (Tokyo - Japan)
Sugrefimpexbank,Tbilisi - Georgia,Sugrefimpexbank (Tbilisi - Georgia)
Sumitomo Mitsui Banking Corporation Americas Holdings,New York (NY,Sumitomo Mitsui Banking Corporation Americas Holdings (New York (NY) - US)
Sumitomo Mitsui Banking Corporation Bank EU,Frankfurt am Main - Germany,Sumitomo Mitsui Banking Corporation Bank EU (Frankfurt am Main - Germany)
Sumitomo Mitsui Banking Corporation China,Shanghai - China,Sumitomo Mitsui Banking Corporation China (Shanghai - China)
Sumitomo Mitsui Banking Corporation Indonesia,Jakarta - Indonesia,Sumitomo Mitsui Banking Corporation Indonesia (Jakarta - Indonesia)
Sumitomo Mitsui Banking Corporation International,London - UK,Sumitomo Mitsui Banking Corporation International (London - GB)
Sumitomo Mitsui Banking Corporation Malaysia,Kuala Lumpur - Malaysia,Sumitomo Mitsui Banking Corporation Malaysia (Kuala Lumpur - Malaysia)
Sumitomo Mitsui Financial Group,Tokyo - Japan,Sumitomo Mitsui Financial Group (Tokyo - Japan)
Sumitomo Mitsui Trust Bank,Tokyo - Japan,Sumitomo Mitsui Trust Bank (Tokyo - Japan)
Summit Bancorp,Princeton (IL,Summit Bancorp (Princeton (IL) - US)
Summit Bancorp,Arkadelphia - US,Summit Bancorp (Arkadelphia - US)
Summit Bancshares,Fort Worth (TX,Summit Bancshares (Fort Worth (TX) - US)
Summit Community Bancorp,Decatur (IL,Summit Community Bancorp (Decatur (IL) - US)
Summit Financial Group,Moorefield (WV,Summit Financial Group (Moorefield (WV) - US)
Sun Bancorp,Vineland (NJ,Sun Bancorp (Vineland (NJ) - US)
Suncorp Metway,Brisbane - Australia,Suncorp Metway (Brisbane - Australia)
Sunflower Financial,Salina (KS,Sunflower Financial (Salina (KS) - US)
Sunny Bank,Taipei - Taiwan,Sunny Bank (Taipei - Taiwan)
Sunrise Bank,Minneapolis (MN,Sunrise Bank (Minneapolis (MN) - US)
Sunrise Bank,Kathmandu - Nepal,Sunrise Bank (Kathmandu - Nepal)
SunTrust Bank,Lagos - Nigeria,SunTrust Bank (Lagos - Nigeria)
SunTrust Banks,Atlanta (GA,SunTrust Banks (Atlanta (GA) - US)
Surgutneftegasbank,Surgut - Russia,Surgutneftegasbank (Surgut - Russia)
Surichange Bank,Paramaribo - Suriname,Surichange Bank (Paramaribo - Suriname)
Suruga Bank,Numazu - Japan,Suruga Bank (Numazu - Japan)
Susquehanna Bancshares,Lititz (PA,Susquehanna Bancshares (Lititz (PA) - US)
Suzhou Rural Commercial Bank,Wujiang - China,Suzhou Rural Commercial Bank (Wujiang - China)
Svenska Handelsbanken,Stockholm - Sweden,Svenska Handelsbanken (Stockholm - Sweden)
Sviaz bank,Moscow - Russia,Sviaz bank (Moscow - Russia)
Svyaznoy Bank,Moscow - Russia,Svyaznoy Bank (Moscow - Russia)
Swansea Building Society,Swansea - UK,Swansea Building Society (Swansea - GB)
Swaziland Development & Savings Bank,Mbabane - Eswatini,Swaziland Development & Savings Bank (Mbabane - Swaziland)
Swedbank,Stockholm - Sweden,Swedbank (Stockholm - Sweden)
Swedbank Estonia,Tallin - Estonia,Swedbank Estonia (Tallin - Estonia)
Swedbank Latvia,Riga - Latvia,Swedbank Latvia (Riga - Latvia)
Swedbank Lithuania,Vilnius - Lithuania,Swedbank Lithuania (Vilnius - Lithuania)
Swedbank Ukraine,Kiev - Ukraine,Swedbank Ukraine (Kiev - Ukraine)
Swiss Bank Corp,Aarau - Switzerland,Swiss Bank Corp (Aarau - Switzerland)
Sydbank,Aabenraa - Denmark,Sydbank (Aabenraa - Denmark)
Syndicate Bank,Manipal - India,Syndicate Bank (Manipal - India)
Synovus Financial Corp,Columbus (GA,Synovus Financial Corp (Columbus (GA) - US)
Syria International Islamic Bank,Damascus - Syria,Syria International Islamic Bank (Damascus - Syria)
System Holding Bank,Kabul - Afghanistan,System Holding Bank (Kabul - Afghanistan)
T Bank,Athens - Greece,T Bank (Athens - Greece)
T Bank,Moscow - Russia,T Bank (Moscow - Russia)
Ta Chong Bank,Taipei - Taiwan,Ta Chong Bank (Taipei - Taiwan)
Tadamon Islamic Bank,Khartoum - Sudan,Tadamon Islamic Bank (Khartoum - Sudan)
Tadhamon International Islamic Bank,Sana`a - Yemen,Tadhamon International Islamic Bank (Sana`a - Yemen)
TAG Bank,Panama City - Panama,TAG Bank (Panama City - Panama)
Tai Fung Bank,Macau - Macau,Tai Fung Bank (Macau - Macau S.A.R.)
Tai Sang Bank,Hong Kong - Hong Kong,Tai Sang Bank (Hong Kong - Hong Kong S.A.R.)
Tai Yau Bank,Hong Kong - Hong Kong,Tai Yau Bank (Hong Kong - Hong Kong S.A.R.)
Taian Bank,Tai'an - China,Taian Bank (Tai'an - China)
TAIB Bank,Manama - Bahrain,TAIB Bank (Manama - Bahrain)
Taicang Rural Commercial Bank,Taicang - China,Taicang Rural Commercial Bank (Taicang - China)
Taichung Commercial Bank,Taichung - Taiwan,Taichung Commercial Bank (Taichung - Taiwan)
Taiko Bank,Nagaoka - Japan,Taiko Bank (Nagaoka - Japan)
Taipei Fubon Commercial Bank,Taipei - Taiwan,Taipei Fubon Commercial Bank (Taipei - Taiwan)
Taishin International Bank,Taipei - Taiwan,Taishin International Bank (Taipei - Taiwan)
Taisho Bank,Osaka - Japan,Taisho Bank (Osaka - Japan)
Taiwan Business Bank,Taipei - Taiwan,Taiwan Business Bank (Taipei - Taiwan)
Taiwan Cooperative Bank,Taipei - Taiwan,Taiwan Cooperative Bank (Taipei - Taiwan)
Taiwan Cooperative Bank Cambodia,Phnom Penh - Cambodia,Taiwan Cooperative Bank Cambodia (Phnom Penh - Cambodia)
Taj Bank,Abuja - Nigeria,Taj Bank (Abuja - Nigeria)
Tajima Bank,Toyooka - Japan,Tajima Bank (Toyooka - Japan)
Tallinn Business Bank,Tallin - Estonia,Tallinn Business Bank (Tallin - Estonia)
Talmer Bancorp,Troy (MI,Talmer Bancorp (Troy (MI) - US)
Tamilnad Mercantile Bank,Tuticorin - India,Tamilnad Mercantile Bank (Tuticorin - India)
Tandem Bank,London - UK,Tandem Bank (London - GB)
Tandem Money,London - UK,Tandem Money (London - GB)
Tat Lee Bank,Singapore - Singapore,Tat Lee Bank (Singapore - Singapore)
Tat Yatirim Bankasi,Istanbul - Turkey,Tat Yatirim Bankasi (Istanbul - Turkey)
Tatfondbank,Kazan - Russia,Tatfondbank (Kazan - Russia)
Tatra banka,Bratislava - Slovakia,Tatra banka (Bratislava - Slovakia)
Taunus Corporation,New York (NY,Taunus Corporation (New York (NY) - US)
Tawhidbank,Dushanbe - Tajikistan,Tawhidbank (Dushanbe - Tajikistan)
Taylor Capital Group,Rosemont (IL,Taylor Capital Group (Rosemont (IL) - US)
TBC Bank,Tbilisi - Georgia,TBC Bank (Tbilisi - Georgia)
TBI Bank,Sofia - Bulgaria,TBI Bank (Sofia - Bulgaria)
TbilBusiness Bank,Tbilisi - Georgia,TbilBusiness Bank (Tbilisi - Georgia)
TC Ziraat Bankasi,Istanbul - Turkey,TC Ziraat Bankasi (Istanbul - Turkey)
TCF Financial Corp,Wayzata (MN,TCF Financial Corp (Wayzata (MN) - US)
TCF Financial Corporation,Midland (MI,TCF Financial Corporation (Midland (MI) - US)
Teachers Building Society,Wimborne - UK,Teachers Building Society (Wimborne - GB)
Teachers Mutual Bank,Homebush - Australia,Teachers Mutual Bank (Homebush - Australia)
Team Financial,Paola (KS,Team Financial (Paola (KS) - US)
TEB Bank Kosovo,Pristina - Kosovo,TEB Bank Kosovo (Pristina - Kosovo)
Technobank,Minsk - Belarus,Technobank (Minsk - Belarus)
Temirbank,Almaty - Kazakhstan,Temirbank (Almaty - Kazakhstan)
Tenge Bank,Tashkent - Uzbekistan,Tenge Bank (Tashkent - Uzbekistan)
Terabank,Tbilisi - Georgia,Terabank (Tbilisi - Georgia)
Territorial Savings Bank,Honolulu (HI,Territorial Savings Bank (Honolulu (HI) - US)
Tesco Bank,Edinburgh - UK,Tesco Bank (Edinburgh - GB)
Teteks Kreditna banka,Skopje - Macedonia,Teteks Kreditna banka (Skopje - Macedonia)
Texas Capital Bancshares,Dallas (TX,Texas Capital Bancshares (Dallas (TX) - US)
Texas Community Bank,Laredo (TX,Texas Community Bank (Laredo (TX) - US)
Texas Financial Bancorporation,Minneapolis (MN,Texas Financial Bancorporation (Minneapolis (MN) - US)
Texas Independent Bancshares,Texas City (TX,Texas Independent Bancshares (Texas City (TX) - US)
Texas Regional Bancshares,McAllen (TX,Texas Regional Bancshares (McAllen (TX) - US)
Texas United Bancshares,La Grange (TX,Texas United Bancshares (La Grange (TX) - US)
Texasbanc Holding,Weatherford (TX,Texasbanc Holding (Weatherford (TX) - US)
Texim Bank,Sofia - Bulgaria,Texim Bank (Sofia - Bulgaria)
Thai Credit Retail Bank,Bangkok - Thailand,Thai Credit Retail Bank (Bangkok - Thailand)
Thanachart Bank,Bangkok - Thailand,Thanachart Bank (Bangkok - Thailand)
The Banc Corporation,Birmingham (AL,The Banc Corporation (Birmingham (AL) - US)
The Bancorp,Wilmington (DE,The Bancorp (Wilmington (DE) - US)
The Bank of East Asia,Hong Kong - Hong Kong,The Bank of East Asia (Hong Kong - Hong Kong S.A.R.)
The Bank of East Asia China,Shanghai - China,The Bank of East Asia China (Shanghai - China)
The Bank of Khyber,Peshawar - Pakistan,The Bank of Khyber (Peshawar - Pakistan)
The Bank of Tampa,Tampa (FL,The Bank of Tampa (Tampa (FL) - US)
The City Bank,Dhaka - Bangladesh,The City Bank (Dhaka - Bangladesh)
The Commonwealth Trade Bank,London - UK,The Commonwealth Trade Bank (London - GB)
The Co-operative Bank,Manchester - UK,The Co-operative Bank (Manchester - GB)
The Export Import Bank of the Republic of China,Taipei - Taiwan,The Export Import Bank of the Republic of China (Taipei - Taiwan)
The Hekikai Shinkin Bank,Anjo - Japan,The Hekikai Shinkin Bank (Anjo - Japan)
The Hongkong and Shanghai Banking Corporation,Hong Kong - Hong Kong,The Hongkong and Shanghai Banking Corporation (Hong Kong - Hong Kong S.A.R.)
The Housing Bank for Trade & Finance Algeria,Alger - Algeria,The Housing Bank for Trade & Finance Algeria (Alger - Algeria)
The Housing Bank for Trade and Finance,Amman - Jordan,The Housing Bank for Trade and Finance (Amman - Jordan)
The Royal Bank of Scotland International,London - UK,The Royal Bank of Scotland International (London - GB)
The San In Godo Bank,Matsue - Japan,The San In Godo Bank (Matsue - Japan)
The Shanghai Commercial & Savings Bank,Taipei - Taiwan,The Shanghai Commercial & Savings Bank (Taipei - Taiwan)
The Trust Bank,Accra - Ghana,The Trust Bank (Accra - Ghana)
The Ural Bank for Reconstruction and Development,Ekaterinburg - Russia,The Ural Bank for Reconstruction and Development (Ekaterinburg - Russia)
Thurgauer Kantonalbank,Weinfelden - Switzerland,Thurgauer Kantonalbank (Weinfelden - Switzerland)
Tianjin Binhai Rural Commercial Bank,Tianjin - China,Tianjin Binhai Rural Commercial Bank (Tianjin - China)
Tianjin Rural Commercial Bank,Tianjin - China,Tianjin Rural Commercial Bank (Tianjin - China)
TIB Financial Corp,Naples (FL,TIB Financial Corp (Naples (FL) - US)
TierOne Corporation,Lincoln (NE,TierOne Corporation (Lincoln (NE) - US)
Timberland Bancorp,Hoquiam (WA,Timberland Bancorp (Hoquiam (WA) - US)
Tipton and Coseley Building Society,Tipton - UK,Tipton and Coseley Building Society (Tipton - GB)
Tirana Bank,Tirana - Albania,Tirana Bank (Tirana - Albania)
Tiroler Sparkasse,Innsbruck - Austria,Tiroler Sparkasse (Innsbruck - Austria)
TISCO Bank,Bangkok - Thailand,TISCO Bank (Bangkok - Thailand)
Titan Trust Bank,Lagos - Nigeria,Titan Trust Bank (Lagos - Nigeria)
TMB Bank,Bangkok - Thailand,TMB Bank (Bangkok - Thailand)
Tochigi Bank,Utsunomiya - Japan,Tochigi Bank (Utsunomiya - Japan)
Tochigi Shinkin Bank,Akita - Japan,Tochigi Shinkin Bank (Akita - Japan)
Toho Bank,Fukushima - Japan,Toho Bank (Fukushima - Japan)
Tohoku Bank,Morioka - Japan,Tohoku Bank (Morioka - Japan)
Tokuda Bank,Sofia - Bulgaria,Tokuda Bank (Sofia - Bulgaria)
Tokushima Bank,Tokushima - Japan,Tokushima Bank (Tokushima - Japan)
Tokyo Kiraboshi Financial Group,Shinjuku-ku - Japan,Tokyo Kiraboshi Financial Group (Shinjuku-ku - Japan)
Tokyo Star Bank,Tokyo - Japan,Tokyo Star Bank (Tokyo - Japan)
Tokyo Tomin Bank,Tokyo - Japan,Tokyo Tomin Bank (Tokyo - Japan)
Tomato Bank,Okayama - Japan,Tomato Bank (Okayama - Japan)
Tomony Holdings,Takamatsu - Japan,Tomony Holdings (Takamatsu - Japan)
Tompkins Financial Corporation,Ithaca (NY,Tompkins Financial Corporation (Ithaca (NY) - US)
Tonik Digital Bank,Pasig City - Philippines,Tonik Digital Bank (Pasig City - Philippines)
Toronto Dominion Bank,Toronto - Canada,Toronto Dominion Bank (Toronto - Canada)
Toronto Dominion Bank US Holding Company,Portland (ME,Toronto Dominion Bank US Holding Company (Portland (ME) - US)
Toronto Dominion Europe,London - UK,Toronto Dominion Europe (London - GB)
Totalbank,Caracas - Venezuela,Totalbank (Caracas - Venezuela)
Tottori Bank,Tottori - Japan,Tottori Bank (Tottori - Japan)
Towa Bank,Maebashi - Japan,Towa Bank (Maebashi - Japan)
Tower Bancorp,Harrisburg (PA,Tower Bancorp (Harrisburg (PA) - US)
Towerbank International,Panama City - Panama,Towerbank International (Panama City - Panama)
Town Financial Corporation,Hartford City (IN,Town Financial Corporation (Hartford City (IN) - US)
TowneBank,Portsmouth (VA,TowneBank (Portsmouth (VA) - US)
Toyama Bank,Takaoka - Japan,Toyama Bank (Takaoka - Japan)
TR Financial Corp,Garden City - US,TR Financial Corp (Garden City - US)
Trade and Development Bank,Ulaanbataar - Mongolia,Trade and Development Bank (Ulaanbataar - Mongolia)
Trade Bank of Iraq,Baghdad - Iraq,Trade Bank of Iraq (Baghdad - Iraq)
Traditional Bancorporation,Mount Sterling (KY,Traditional Bancorporation (Mount Sterling (KY) - US)
Trafina Privatbank,Basel - Switzerland,Trafina Privatbank (Basel - Switzerland)
Transbank,Kiev - Ukraine,Transbank (Kiev - Ukraine)
Transcapital Bank,Moscow - Russia,Transcapital Bank (Moscow - Russia)
Transcom Bank Barbados,Bridgetown - Barbados,Transcom Bank Barbados (Bridgetown - Barbados)
TransCreditBank,Moscow - Russia,TransCreditBank (Moscow - Russia)
Transport and Development Bank,Ulaanbataar - Mongolia,Transport and Development Bank (Ulaanbataar - Mongolia)
Tri City Bankshares Corporation,Oak Creek (WI,Tri City Bankshares Corporation (Oak Creek (WI) - US)
Triangle Bancorp,Raleigh (NC,Triangle Bancorp (Raleigh (NC) - US)
Trico Bancshares,Chico (CA,Trico Bancshares (Chico (CA) - US)
Trinity Capital Corporation,Los Alamos (NM,Trinity Capital Corporation (Los Alamos (NM) - US)
Triodos Bank,Zeist - Netherlands,Triodos Bank (Zeist - Netherlands)
Triodos Bank UK,Bristol - UK,Triodos Bank UK (Bristol - GB)
Tristate Capital Holdings,Pittsburgh (PA,Tristate Capital Holdings (Pittsburgh (PA) - US)
Triumph Bancorp,Dallas (TX,Triumph Bancorp (Dallas (TX) - US)
Tropical Bank,Kampala - Uganda,Tropical Bank (Kampala - Uganda)
Troy Financial Corporation,Troy (AL,Troy Financial Corporation (Troy (AL) - US)
Truist Bank,Charlotte (NC,Truist Bank (Charlotte (NC) - US)
Trust,Singapore - Singapore,Trust (Singapore - Singapore)
Trust Bank,Dhaka - Bangladesh,Trust Bank (Dhaka - Bangladesh)
Trust Bank,Banjul - Gambia,Trust Bank (Banjul - Gambia The)
Trust Bank Algeria,Alger - Algeria,Trust Bank Algeria (Alger - Algeria)
Trust Bank New Zealand,Wellington - New Zealand,Trust Bank New Zealand (Wellington - New Zealand)
Trust Commercial Bank,Riga - Latvia,Trust Commercial Bank (Riga - Latvia)
Trust Company of New Jersey,Jersey City (NJ,Trust Company of New Jersey (Jersey City (NJ) - US)
Trust International Islamic Bank,Baghdad - Iraq,Trust International Islamic Bank (Baghdad - Iraq)
TRUST Investment Bank,Moscow - Russia,TRUST Investment Bank (Moscow - Russia)
Trust Merchant Bank,TMB,Trust Merchant Bank (TMB) (Kinshasa - Democratic Republic of the Congo)
Trustbank,Minsk - Belarus,Trustbank (Minsk - Belarus)
TrustBank,Tashkent - Uzbekistan,TrustBank (Tashkent - Uzbekistan)
Trustco Bank Corp,Scheneectady - US,Trustco Bank Corp (Scheneectady - US)
Trustco Bank Namibia,Windhoek - Namibia,Trustco Bank Namibia (Windhoek - Namibia)
Trustmark Corporation,Jackson (MS,Trustmark Corporation (Jackson (MS) - US)
TSB Bank,Blackrock - Ireland,TSB Bank (Blackrock - Ireland)
TSB Bank,New Plymouth - New Zealand,TSB Bank (New Plymouth - New Zealand)
TSB Banking Group,Edinburgh - UK,TSB Banking Group (Edinburgh - GB)
Tsehay Bank,Addis Ababa - Ethiopia,Tsehay Bank (Addis Ababa - Ethiopia)
Tsukuba Bank,Tsuchiura - Japan,Tsukuba Bank (Tsuchiura - Japan)
TTK Bank,Tetovo - Macedonia,TTK Bank (Tetovo - Macedonia)
Tunis International Bank,Tunis - Tunisia,Tunis International Bank (Tunis - Tunisia)
Tunisian Qatari Bank,Tunis - Tunisia,Tunisian Qatari Bank (Tunis - Tunisia)
Tunisian Saudi Bank,Tunis - Tunisia,Tunisian Saudi Bank (Tunis - Tunisia)
TuranBank,Baku - Azerbaijan,TuranBank (Baku - Azerbaijan)
Turk Ekonomi Bankasi,TEB,Turk Ekonomi Bankasi (TEB) (Istanbul - Turkey)
Turkish Bank,Nicosia - Cyprus,Turkish Bank (Nicosia - Cyprus)
Turkish Bank Turkey,Istanbul - Turkey,Turkish Bank Turkey (Istanbul - Turkey)
Turkish Bank UK,London - UK,Turkish Bank UK (London - GB)
Turkish Ziraat Bank Bosnia,Sarajevo - Bosnia-Herzegovina,Turkish Ziraat Bank Bosnia (Sarajevo - Bosnia and Herzegovina)
Turkiye Finans Katilim Bankasi,Istanbul - Turkey,Turkiye Finans Katilim Bankasi (Istanbul - Turkey)
Turkiye Halk Bankasi,Istanbul - Turkey,Turkiye Halk Bankasi (Istanbul - Turkey)
Turkiye Is Bankasi,Istanbul - Turkey,Turkiye Is Bankasi (Istanbul - Turkey)
Turkiye Vakiflar Bankasi,Istanbul - Turkey,Turkiye Vakiflar Bankasi (Istanbul - Turkey)
Turkland Bank A.S.,Istanbul - Turkey,Turkland Bank A.S. (Istanbul - Turkey)
Turkmen Turkish Bank,Ashgabat - Turkmenistan,Turkmen Turkish Bank (Ashgabat - Turkmenistan)
Turkmenbashi Bank,Ashgabat - Turkmenistan,Turkmenbashi Bank (Ashgabat - Turkmenistan)
Tuzlanska Banka,Tuzla - Bosnia-Herzegovina,Tuzlanska Banka (Tuzla - Bosnia and Herzegovina)
Two Rivers Bank & Trust,Burlington (IA,Two Rivers Bank & Trust (Burlington (IA) - US)
Tyme Bank,Johannesburg - South Africa,Tyme Bank (Johannesburg - South Africa)
Uala ABC,Mexico City - Mexico,Uala ABC (Mexico City - Mexico)
UBAE Arab Italian Bank,Roma - Italy,UBAE Arab Italian Bank (Roma - Italy)
Ubank,Halfway House - South Africa,Ubank (Halfway House - South Africa)
UBK banka,Ljubljana - Slovenia,UBK banka (Ljubljana - Slovenia)
UBL Zurich,Zurich - Switzerland,UBL Zurich (Zurich - Switzerland)
UBS,Zurich - Switzerland,UBS (Zurich - Switzerland)
UBS Americas Holdings,Stamford (CT,UBS Americas Holdings (Stamford (CT) - US)
UBS Brasil Banco de Investimento,São Paulo - Brazil,UBS Brasil Banco de Investimento (São Paulo - Brazil)
UBS Brazil,São Paulo - Brazil,UBS Brazil (São Paulo - Brazil)
UBS China,Beijing - China,UBS China (Beijing - China)
UBS Luxembourg,Luxembourg - Luxembourg,UBS Luxembourg (Luxembourg - Luxembourg)
UBS Mexico,Mexico City - Mexico,UBS Mexico (Mexico City - Mexico)
UBS UK,London - UK,UBS UK (London - GB)
UCBH Holdings,San Francisco (CA,UCBH Holdings (San Francisco (CA) - US)
UCO Bank,Calcutta - India,UCO Bank (Calcutta - India)
UFJ Bank,Osaka - Japan,UFJ Bank (Osaka - Japan)
UFS Bancorp,Whitinsville (MA,UFS Bancorp (Whitinsville (MA) - US)
UJB Financial Corp,Princeton (IL,UJB Financial Corp (Princeton (IL) - US)
Ukhtabank,Ukhta - Russia,Ukhtabank (Ukhta - Russia)
Ukio bankas,Kaunas - Lithuania,Ukio bankas (Kaunas - Lithuania)
Ukrainian Bank for Trade,Kharkiv - Ukraine,Ukrainian Bank for Trade (Kharkiv - Ukraine)
Ukrainian Professional Bank,Kiev - Ukraine,Ukrainian Professional Bank (Kiev - Ukraine)
UkrGasBank,Kiev - Ukraine,UkrGasBank (Kiev - Ukraine)
Ukrgazprombank,Kiev - Ukraine,Ukrgazprombank (Kiev - Ukraine)
Ukrprombank,Kiev - Ukraine,Ukrprombank (Kiev - Ukraine)
UkrSibbank,Kiev - Ukraine,UkrSibbank (Kiev - Ukraine)
Ukrsotsbank,Kiev - Ukraine,Ukrsotsbank (Kiev - Ukraine)
Ulaanbaatar City Bank,Ulaanbataar - Mongolia,Ulaanbaatar City Bank (Ulaanbataar - Mongolia)
Ulster Bank Ireland,Dublin - Ireland,Ulster Bank Ireland (Dublin - Ireland)
UMB Financial Corp,Kansas City (MO,UMB Financial Corp (Kansas City (MO) - US)
Umma Bank,Tripoli - Libya,Umma Bank (Tripoli - Libya)
Umpqua Holdings Corporation,Portland (OR,Umpqua Holdings Corporation (Portland (OR) - US)
Unex Bank,Kiev - Ukraine,Unex Bank (Kiev - Ukraine)
Uniao de Bancos Brasileiros,Unibanco,Uniao de Bancos Brasileiros (Unibanco) (São Paulo - Brazil)
Uniastrum Bank,Moscow - Russia,Uniastrum Bank (Moscow - Russia)
Unibanco,Quito - Ecuador,Unibanco (Quito - Ecuador)
Unibank,Chisinau - Moldova,Unibank (Chisinau - Moldova)
Unibank,Baku - Azerbaijan,Unibank (Baku - Azerbaijan)
Unibank,Port-au-Prince - Haiti,Unibank (Port-au-Prince - Haiti)
Unibank,Yerevan - Armenia,Unibank (Yerevan - Armenia)
Unibank,Panama City - Panama,Unibank (Panama City - Panama)
UniBank Ghana,Accra - Ghana,UniBank Ghana (Accra - Ghana)
Unicaja,Málaga - Spain,Unicaja (Málaga - Spain)
UniCredit,Milano - Italy,UniCredit (Milano - Italy)
UniCredit Bank Banja Luka,Mostar - Bosnia-Herzegovina,UniCredit Bank Banja Luka (Mostar - Bosnia and Herzegovina)
UniCredit Bank Bosnia Herzegovina,Mostar - Bosnia-Herzegovina,UniCredit Bank Bosnia Herzegovina (Mostar - Bosnia and Herzegovina)
UniCredit Bank Czech Republic and Slovakia,Prague - Czech Republic,UniCredit Bank Czech Republic and Slovakia (Prague - Czech Republic)
UniCredit Bank Hungary,Budapest - Hungary,UniCredit Bank Hungary (Budapest - Hungary)
UniCredit Bank Ireland,Dublin - Ireland,UniCredit Bank Ireland (Dublin - Ireland)
UniCredit Bank Romania,Bucharest - Romania,UniCredit Bank Romania (Bucharest - Romania)
UniCredit Bank Russia,Moscow - Russia,UniCredit Bank Russia (Moscow - Russia)
UniCredit Bank Serbia,Belgrade - Serbia,UniCredit Bank Serbia (Belgrade - Serbia)
UniCredit Bank Slovakia,Bratislava - Slovakia,UniCredit Bank Slovakia (Bratislava - Slovakia)
UniCredit Bank Ukraine,Kiev - Ukraine,UniCredit Bank Ukraine (Kiev - Ukraine)
Unicredit Banka Slovenia,Ljubljana - Slovenia,Unicredit Banka Slovenia (Ljubljana - Slovenia)
UniCredit Bulbank,Sofia - Bulgaria,UniCredit Bulbank (Sofia - Bulgaria)
UniCredit Finance,Riga - Latvia,UniCredit Finance (Riga - Latvia)
UniCredit International Bank,Luxembourg - Luxembourg,UniCredit International Bank (Luxembourg - Luxembourg)
UniCredit Romania,Bucharest - Romania,UniCredit Romania (Bucharest - Romania)
Union Bancaire pour le Commerce et l'Industrie,Tunis - Tunisia,Union Bancaire pour le Commerce et l'Industrie (Tunis - Tunisia)
Union Bancaire Privee,Geneva - Switzerland,Union Bancaire Privee (Geneva - Switzerland)
Union Bank,Tirana - Albania,Union Bank (Tirana - Albania)
Union Bank,Dhaka - Bangladesh,Union Bank (Dhaka - Bangladesh)
Union Bank of Colombo,Colombo - Sri Lanka,Union Bank of Colombo (Colombo - Sri Lanka)
Union Bank of India,Mumbai - India,Union Bank of India (Mumbai - India)
Union Bank of India UK,London - UK,Union Bank of India UK (London - GB)
Union Bank of Israel,Tel Aviv - Israel,Union Bank of Israel (Tel Aviv - Israel)
Union Bank of Nigeria,Lagos - Nigeria,Union Bank of Nigeria (Lagos - Nigeria)
Union Bank of Philippines,Makati City - Philippines,Union Bank of Philippines (Makati City - Philippines)
Union Bank of Taiwan,Taipei - Taiwan,Union Bank of Taiwan (Taipei - Taiwan)
Union Bank Sarajevo,Sarajevo - Bosnia-Herzegovina,Union Bank Sarajevo (Sarajevo - Bosnia and Herzegovina)
Union Bankshares Co,Ellsworth (ME,Union Bankshares Co (Ellsworth (ME) - US)
Union Commercial Bank,Phnom Penh - Cambodia,Union Commercial Bank (Phnom Penh - Cambodia)
Union de Banques Arabes et Francaises,UBAF,Union de Banques Arabes et Francaises (UBAF) (Neuilly Cedex - France)
Union de Banques Congolaise,Kinshasa - DRC Congo,Union de Banques Congolaise (Kinshasa - Democratic Republic of the Congo)
Union First Market Bankshares Corporation,Bowling Green (VA,Union First Market Bankshares Corporation (Bowling Green (VA) - US)
Union Gabonaise de Banque,Libreville - Gabon,Union Gabonaise de Banque (Libreville - Gabon)
Union internationale de banques,Tunis - Tunisia,Union internationale de banques (Tunis - Tunisia)
Union National Bank,Abu Dhabi - United Arab Emirates,Union National Bank (Abu Dhabi - United Arab Emirates)
Union National Financial Corporation,Mount Joy (PA,Union National Financial Corporation (Mount Joy (PA) - US)
Union Planters Corp,Memphis (TN,Union Planters Corp (Memphis (TN) - US)
Union Togolaise de Banque,Lomé - Togo,Union Togolaise de Banque (Lomé - Togo)
Union Trust Bank,Freetown - Sierra Leone,Union Trust Bank (Freetown - Sierra Leone)
UnionDigital Bank,Pasig City - Philippines,UnionDigital Bank (Pasig City - Philippines)
Unione di Banche Italiane,Bergamo - Italy,Unione di Banche Italiane (Bergamo - Italy)
Unipol Banca,Bologna - Italy,Unipol Banca (Bologna - Italy)
United Arab Bank,Sharjah - United Arab Emirates,United Arab Bank (Sharjah - United Arab Emirates)
United Bancorp,Tecumseh (MI,United Bancorp (Tecumseh (MI) - US)
United Bancorporation,Osseo (MT,United Bancorporation (Osseo (MT) - US)
United Bancorporation of Wyoming,Jackson (WY,United Bancorporation of Wyoming (Jackson (WY) - US)
United Bank,Karachi - Pakistan,United Bank (Karachi - Pakistan)
United Bank Corporation,Barnesville (GA,United Bank Corporation (Barnesville (GA) - US)
United Bank for Africa,Lagos - Nigeria,United Bank for Africa (Lagos - Nigeria)
United Bank for Africa Cameroon,Douala - Cameroon,United Bank for Africa Cameroon (Douala - Cameroon)
United Bank for Africa Chad,N`Djamena - Chad,United Bank for Africa Chad (N`Djamena - Chad)
United Bank for Africa Congo,Brazzaville - Republic of Congo,United Bank for Africa Congo (Brazzaville - Congo)
United Bank for Africa Cote D'Ivoire,Abidjan - Côte d`Ivoire,United Bank for Africa Cote D'Ivoire (Abidjan - Cote D'Ivoire)
United Bank for Africa DRC Congo,Kinshasa - DRC Congo,United Bank for Africa DRC Congo (Kinshasa - Democratic Republic of the Congo)
United Bank for Africa Gabon,Libreville - Gabon,United Bank for Africa Gabon (Libreville - Gabon)
United Bank for Africa Ghana,Accra - Ghana,United Bank for Africa Ghana (Accra - Ghana)
United Bank for Africa Guinea,Conakry - Guinea,United Bank for Africa Guinea (Conakry - Guinea)
United Bank for Africa Kenya,Nairobi - Kenya,United Bank for Africa Kenya (Nairobi - Kenya)
United Bank for Africa Liberia,Monrovia - Liberia,United Bank for Africa Liberia (Monrovia - Liberia)
United Bank for Africa Mali,Bamako - Mali,United Bank for Africa Mali (Bamako - Mali)
United Bank for Africa Mozambique,Maputo - Mozambique,United Bank for Africa Mozambique (Maputo - Mozambique)
United Bank for Africa Senegal,Dakar - Senegal,United Bank for Africa Senegal (Dakar - Senegal)
United Bank for Africa Sierra Leone,Freetown - Sierra Leone,United Bank for Africa Sierra Leone (Freetown - Sierra Leone)
United Bank for Africa Tanzania,Dar Es Salaam - Tanzania,United Bank for Africa Tanzania (Dar Es Salaam - Tanzania)
United Bank for Africa Uganda,Kampala - Uganda,United Bank for Africa Uganda (Kampala - Uganda)
United Bank for Africa UK,London - UK,United Bank for Africa UK (London - GB)
United Bank for Africa Zambia,Lusaka - Zambia,United Bank for Africa Zambia (Lusaka - Zambia)
United Bank of Albania,Tirana - Albania,United Bank of Albania (Tirana - Albania)
United Bank of Egypt,Cairo - Egypt,United Bank of Egypt (Cairo - Egypt)
United Bank of India,Calcutta - India,United Bank of India (Calcutta - India)
United Bankshares,Charleston (WV,United Bankshares (Charleston (WV) - US)
United Bulgarian Bank,Sofia - Bulgaria,United Bulgarian Bank (Sofia - Bulgaria)
United Capital Bank,Khartoum - Sudan,United Capital Bank (Khartoum - Sudan)
United Carolina Bancshares Corporation,Whiteville - US,United Carolina Bancshares Corporation (Whiteville - US)
United Coconut Planters Bank,UCPB,United Coconut Planters Bank (UCPB) (Makati City - Philippines)
United Commercial Bank,Dhaka - Bangladesh,United Commercial Bank (Dhaka - Bangladesh)
United Commercial Bank China,Shanghai - China,United Commercial Bank China (Shanghai - China)
United Community Bancorp,Chatham (IL,United Community Bancorp (Chatham (IL) - US)
United Community Banks,Blairsville (GA,United Community Banks (Blairsville (GA) - US)
United Counties Bancorp,Cranford - US,United Counties Bancorp (Cranford - US)
United Export Import Bank,Moscow - Russia,United Export Import Bank (Moscow - Russia)
United Financial Bancorp,Glastonbury (CT,United Financial Bancorp (Glastonbury (CT) - US)
United Financial Capital Bank,Moscow - Russia,United Financial Capital Bank (Moscow - Russia)
United Financial Corp,Great Falls (MT,United Financial Corp (Great Falls (MT) - US)
United Georgian Bank Corporation,Tbilisi - Georgia,United Georgian Bank Corporation (Tbilisi - Georgia)
United Gulf Bank,Manama - Bahrain,United Gulf Bank (Manama - Bahrain)
United Kredit Bank,Baku - Azerbaijan,United Kredit Bank (Baku - Azerbaijan)
United National Bancorp,Bridgewater - US,United National Bancorp (Bridgewater - US)
United National Bank UK,London - UK,United National Bank UK (London - GB)
United National Corporation,Sioux Falls (SD,United National Corporation (Sioux Falls (SD) - US)
United Overseas Bank,Singapore - Singapore,United Overseas Bank (Singapore - Singapore)
United Overseas Bank China,Shanghai - China,United Overseas Bank China (Shanghai - China)
United Overseas Bank India,Mumbai - India,United Overseas Bank India (Mumbai - India)
United Overseas Bank Indonesia,Jakarta - Indonesia,United Overseas Bank Indonesia (Jakarta - Indonesia)
United Overseas Bank Malaysia,Kuala Lumpur - Malaysia,United Overseas Bank Malaysia (Kuala Lumpur - Malaysia)
United Overseas Bank Philippines,Makati City - Philippines,United Overseas Bank Philippines (Makati City - Philippines)
United Overseas Bank Switzerland,Geneva - Switzerland,United Overseas Bank Switzerland (Geneva - Switzerland)
United Overseas Bank Thailand,Bangkok - Thailand,United Overseas Bank Thailand (Bangkok - Thailand)
United Saudi Bank,Riyadh - Saudi Arabia,United Saudi Bank (Riyadh - Saudi Arabia)
United Trust Bank,London - UK,United Trust Bank (London - GB)
Unity Bank,Abuja - Nigeria,Unity Bank (Abuja - Nigeria)
Unity Bank,Clinton (NJ,Unity Bank (Clinton (NJ) - US)
Unity Trust Bank,Birmingham - UK,Unity Trust Bank (Birmingham - GB)
Universal Bank,Kiev - Ukraine,Universal Bank (Kiev - Ukraine)
Universal Investment Bank,Skopje - Macedonia,Universal Investment Bank (Skopje - Macedonia)
Universal Merchant Bank,Accra - Ghana,Universal Merchant Bank (Accra - Ghana)
Universal Saving Bank,USB,Universal Saving Bank (USB) (Nicosia - Cyprus)
Universalbank,Chisinau - Moldova,Universalbank (Chisinau - Moldova)
University Bank,Ann Arbor (MI,University Bank (Ann Arbor (MI) - US)
Univerzal Banka,Belgrade - Serbia,Univerzal Banka (Belgrade - Serbia)
Univest Corp of Pennsylvania,Souderton (PA,Univest Corp of Pennsylvania (Souderton (PA) - US)
Unizan Financial Corp,Canton - US,Unizan Financial Corp (Canton - US)
UNObank,Taguig City - Philippines,UNObank (Taguig City - Philippines)
UOB Radnasin Bank,Bangkok - Thailand,UOB Radnasin Bank (Bangkok - Thailand)
UPI Banka,Sarajevo - Bosnia-Herzegovina,UPI Banka (Sarajevo - Bosnia and Herzegovina)
Uralpromstroibank,Ekaterinburg - Russia,Uralpromstroibank (Ekaterinburg - Russia)
UralTransbank,Ekaterinburg - Russia,UralTransbank (Ekaterinburg - Russia)
Urner Kantonalbank,Altdorf - Switzerland,Urner Kantonalbank (Altdorf - Switzerland)
URSA Bank,Novosibirsk - Russia,URSA Bank (Novosibirsk - Russia)
US Bancorp,Minneapolis (MN,US Bancorp (Minneapolis (MN) - US)
US Trust Corp,New York (NY,US Trust Corp (New York (NY) - US)
USABancshares,Philadelphia (PA,USABancshares (Philadelphia (PA) - US)
USAmeriBancorp,Clearwater - US,USAmeriBancorp (Clearwater - US)
USB Holding,Orangebury - US,USB Holding (Orangebury - US)
UST Corp,Boston (MA,UST Corp (Boston (MA) - US)
UT Bank,Accra - Ghana,UT Bank (Accra - Ghana)
Utama Banking Group,Kuching - Malaysia,Utama Banking Group (Kuching - Malaysia)
Utrecht America Holdings,New York (NY,Utrecht America Holdings (New York (NY) - US)
Uttara Bank,Dhaka - Bangladesh,Uttara Bank (Dhaka - Bangladesh)
Uzjilsberbank,Tashkent - Uzbekistan,Uzjilsberbank (Tashkent - Uzbekistan)
Uzpromstroybank,Tashkent - Uzbekistan,Uzpromstroybank (Tashkent - Uzbekistan)
Vail Banks,Avon (CO,Vail Banks (Avon (CO) - US)
VakifBank International,Vienna - Austria,VakifBank International (Vienna - Austria)
Vakufska Banka,Sarajevo - Bosnia-Herzegovina,Vakufska Banka (Sarajevo - Bosnia and Herzegovina)
Valartis Group,Baar - Switzerland,Valartis Group (Baar - Switzerland)
Valiant Holding AG,Berne - Switzerland,Valiant Holding AG (Berne - Switzerland)
Valley National Bancorp,Wayne (NJ,Valley National Bancorp (Wayne (NJ) - US)
Valley View Bancshares,Overland Park (KS,Valley View Bancshares (Overland Park (KS) - US)
Valut Transit Bank,Karaganda - Kazakhstan,Valut Transit Bank (Karaganda - Kazakhstan)
Van Diest Investment Co,Ankeny (IA,Van Diest Investment Co (Ankeny (IA) - US)
Vancouver City Savings Credit Union,Vancouver - Canada,Vancouver City Savings Credit Union (Vancouver - Canada)
Vanquis Bank,Bradford - UK,Vanquis Bank (Bradford - GB)
Vanquis Banking Group,Barrow-in-Furness - UK,Vanquis Banking Group (Barrow-in-Furness - GB)
Vantage Bank Texas,San Antonio (TX,Vantage Bank Texas (San Antonio (TX) - US)
Varo Bank,Draper (UT,Varo Bank (Draper (UT) - US)
Vattanac Bank,Phnom Penh - Cambodia,Vattanac Bank (Phnom Penh - Cambodia)
VBS Mutual Bank,Louis Trichardt - South Africa,VBS Mutual Bank (Louis Trichardt - South Africa)
VEF Banka,Riga - Latvia,VEF Banka (Riga - Latvia)
Veneto Banca,Montebelluna - Italy,Veneto Banca (Montebelluna - Italy)
Veneto Banca Croatia,Zagreb - Croatia,Veneto Banca Croatia (Zagreb - Croatia)
Venezolano de Credito Banco Universal,Caracas - Venezuela,Venezolano de Credito Banco Universal (Caracas - Venezuela)
VeraBank,Henderson (TX,VeraBank (Henderson (TX) - US)
Vermont Financial Services Corp,Brattleboro - US,Vermont Financial Services Corp (Brattleboro - US)
Vernon Building Society,Stockport - UK,Vernon Building Society (Stockport - GB)
Versa Bank,London - Canada,Versa Bank (London - Canada)
Verwaltungs und Privat Bank,Vaduz - Liechtenstein,Verwaltungs und Privat Bank (Vaduz - Liechtenstein)
Vestjysk Bank,Lemvig - Denmark,Vestjysk Bank (Lemvig - Denmark)
Via Banque,Paris - France,Via Banque (Paris - France)
VIB Corp,El Centro (CA,VIB Corp (El Centro (CA) - US)
Victoria Bancshares,Victoria (TX,Victoria Bancshares (Victoria (TX) - US)
Victoria Commercial Bank,Nairobi - Kenya,Victoria Commercial Bank (Nairobi - Kenya)
Victoria Mutual Building Bank,Kingston - Jamaica,Victoria Mutual Building Bank (Kingston - Jamaica)
Victoriabank,Chisinau - Moldova,Victoriabank (Chisinau - Moldova)
Vidanova bank,Willemstad - Netherlands Antilles,Vidanova bank (Willemstad - Netherlands Antilles)
Viet Capital Bank,Ho Chi Minh City - Vietnam,Viet Capital Bank (Ho Chi Minh City - Vietnam)
Viet Nam Thuong Tin,soc trang city - Vietnam,Viet Nam Thuong Tin (soc trang city - Vietnam)
VietinBank,Hanoi - Vietnam,VietinBank (Hanoi - Vietnam)
Vietnam Asia Commercial Bank,Ho Chi Minh City - Vietnam,Vietnam Asia Commercial Bank (Ho Chi Minh City - Vietnam)
Vietnam Bank for Agriculture and Rural Development,Hanoi - Vietnam,Vietnam Bank for Agriculture and Rural Development (Hanoi - Vietnam)
Vietnam Construction Bank,"Tan An city, Long An Province - Vietnam","Vietnam Construction Bank (Tan An city, Long An Province - Vietnam)"
Vietnam Export Import Bank,Ho Chi Minh City - Vietnam,Vietnam Export Import Bank (Ho Chi Minh City - Vietnam)
Vietnam International Bank,VIB,Vietnam International Bank (VIB) (Hanoi - Vietnam)
Vietnam Prosperity Bank,Hanoi - Vietnam,Vietnam Prosperity Bank (Hanoi - Vietnam)
Vietnam Technological and Commercial Joint Stock Bank,Hanoi - Vietnam,Vietnam Technological and Commercial Joint Stock Bank (Hanoi - Vietnam)
Viewpoint Financial Group,Plano (TX,Viewpoint Financial Group (Plano (TX) - US)
Vijaya Bank,Bangalore - India,Vijaya Bank (Bangalore - India)
Villages Bancorporation,The Villages - US,Villages Bancorporation (The Villages - US)
VinaSiam Bank,Ho Chi Minh City - Vietnam,VinaSiam Bank (Ho Chi Minh City - Vietnam)
Vineyard National Bancorp,Rancho Cucamonga (CA,Vineyard National Bancorp (Rancho Cucamonga (CA) - US)
Virgin Money Group,Newcastle-upon-Tyne - UK,Virgin Money Group (Newcastle-upon-Tyne - GB)
Virgin Money UK,Glasgow - UK,Virgin Money UK (Glasgow - GB)
Virginia Commerce Bancorp,Arlington (VA,Virginia Commerce Bancorp (Arlington (VA) - US)
Virginia Financial Group,Staunton (VA,Virginia Financial Group (Staunton (VA) - US)
Vision Banco,Asunción - Paraguay,Vision Banco (Asunción - Paraguay)
Vision Fund Ecuador,Ibarra - Ecuador,Vision Fund Ecuador (Ibarra - Ecuador)
Vist Financial Corp,Wyomissing (PA,Vist Financial Corp (Wyomissing (PA) - US)
Vista Bank,Bucharest - Romania,Vista Bank (Bucharest - Romania)
Vista Bank Burkina Faso,Ougadougou - Burkina Faso,Vista Bank Burkina Faso (Ougadougou - Burkina Faso)
Vivabank,Athens - Greece,Vivabank (Athens - Greece)
Vneshprombank,Moscow - Russia,Vneshprombank (Moscow - Russia)
Voiter,São Paulo - Brazil,Voiter (São Paulo - Brazil)
Vojvodjanska Banka,Novi Sad - Serbia,Vojvodjanska Banka (Novi Sad - Serbia)
Vojvodjanska banka ad Novi Sad,Novi Sad - Serbia,Vojvodjanska banka ad Novi Sad (Novi Sad - Serbia)
Volga Kama Bank,VKAB,Volga Kama Bank (VKAB) (Kazan - Russia)
Volksbank Darmstadt Mainz,Mainz - Germany,Volksbank Darmstadt Mainz (Mainz - Germany)
Volksbank Romania,Bucharest - Romania,Volksbank Romania (Bucharest - Romania)
Volksbank Wien AG,Vienna - Austria,Volksbank Wien AG (Vienna - Austria)
Volkskreditbank AG,Linz - Austria,Volkskreditbank AG (Linz - Austria)
Volkswagen Bank,Braunschweig - Germany,Volkswagen Bank (Braunschweig - Germany)
Volkswagen Bank Poland,Warsaw - Poland,Volkswagen Bank Poland (Warsaw - Poland)
Volt Bank,Sydney - Australia,Volt Bank (Sydney - Australia)
Vontobel Holding,Zurich - Switzerland,Vontobel Holding (Zurich - Switzerland)
Vseobecna Uverova Banka,Bratislava - Slovakia,Vseobecna Uverova Banka (Bratislava - Slovakia)
Vseukrainskyi Aksionernyi Bank,Kiev - Ukraine,Vseukrainskyi Aksionernyi Bank (Kiev - Ukraine)
VTB 24 Bank,Moscow - Russia,VTB 24 Bank (Moscow - Russia)
VTB Africa,Huambo - Angola,VTB Africa (Huambo - Angola)
VTB Bank,St Petersburg - Russia,VTB Bank (St Petersburg - Russia)
VTB Bank Armenia,Yerevan - Armenia,VTB Bank Armenia (Yerevan - Armenia)
VTB Bank Austria,Vienna - Austria,VTB Bank Austria (Vienna - Austria)
VTB Bank Azerbaijan,Baku - Azerbaijan,VTB Bank Azerbaijan (Baku - Azerbaijan)
VTB Bank Belarus,Minsk - Belarus,VTB Bank Belarus (Minsk - Belarus)
VTB Bank France,Paris - France,VTB Bank France (Paris - France)
VTB Bank Georgia,Tbilisi - Georgia,VTB Bank Georgia (Tbilisi - Georgia)
VTB Bank Kazakhstan,Almaty - Kazakhstan,VTB Bank Kazakhstan (Almaty - Kazakhstan)
VTB Bank North-West,St Petersburg - Russia,VTB Bank North-West (St Petersburg - Russia)
VTB Bank Ukraine,Kiev - Ukraine,VTB Bank Ukraine (Kiev - Ukraine)
VTB Capital,London - UK,VTB Capital (London - GB)
Vuz Bank,Ekaterinburg - Russia,Vuz Bank (Ekaterinburg - Russia)
Vyborg Bank,Vyborg - Russia,Vyborg Bank (Vyborg - Russia)
W Holding Company,Mayaguez - Puerto Rico,W Holding Company (Mayaguez - Puerto Rico)
Wachovia Corporation,Winston-Salem (NC,Wachovia Corporation (Winston-Salem (NC) - US)
Wafabank,Casablanca - Morocco,Wafabank (Casablanca - Morocco)
Wahda Bank,Benghazi - Libya,Wahda Bank (Benghazi - Libya)
Wakashio Bank,Tokyo - Japan,Wakashio Bank (Tokyo - Japan)
Wakayama Bank,Wakayama - Japan,Wakayama Bank (Wakayama - Japan)
Warren Bancorp,Peabody (MA,Warren Bancorp (Peabody (MA) - US)
Washington Banking Company,Oak Harbor (WA,Washington Banking Company (Oak Harbor (WA) - US)
Washington Federal,Seattle (WA,Washington Federal (Seattle (WA) - US)
Washington Mutual,Seattle (WA,Washington Mutual (Seattle (WA) - US)
Washington Trust Bancorp,Westerley (RI,Washington Trust Bancorp (Westerley (RI) - US)
Washingtonfirst Bankshares,Reston - US,Washingtonfirst Bankshares (Reston - US)
Waterfall Bank,Clearwater - US,Waterfall Bank (Clearwater - US)
Waterstone Financial,Wauwatosa (WI,Waterstone Financial (Wauwatosa (WI) - US)
Watford City Bancshares,Watford City (ND,Watford City Bancshares (Watford City (ND) - US)
Weatherbys Bank,Wellingborough - UK,Weatherbys Bank (Wellingborough - GB)
WeBank,Shenzhen - China,WeBank (Shenzhen - China)
Weberbank Privatbankiers,Berlin-Wilmersdorf - Germany,Weberbank Privatbankiers (Berlin-Wilmersdorf - Germany)
Webster Financial Corp,Waterbury (CT,Webster Financial Corp (Waterbury (CT) - US)
Wegagen Bank,Addis Ababa - Ethiopia,Wegagen Bank (Addis Ababa - Ethiopia)
Weihai City Commercial Bank,Weihai - China,Weihai City Commercial Bank (Weihai - China)
WeLab Bank,Hong Kong - Hong Kong,WeLab Bank (Hong Kong - Hong Kong S.A.R.)
Well Link Bank,Macau - Macau,Well Link Bank (Macau - Macau S.A.R.)
Wells Fargo & Co,San Francisco (CA,Wells Fargo & Co (San Francisco (CA) - US)
Wells Fargo Bank International,Dublin - Ireland,Wells Fargo Bank International (Dublin - Ireland)
Wema Bank,Lagos - Nigeria,Wema Bank (Lagos - Nigeria)
Wenzhou City Commercial Bank,Wenzhou - China,Wenzhou City Commercial Bank (Wenzhou - China)
Wesbanco,Wheeling (WV,Wesbanco (Wheeling (WV) - US)
Weser-Elbe-Sparkasse,Bremerhaven - Germany,Weser-Elbe-Sparkasse (Bremerhaven - Germany)
West Bancorporation,West Des Moines (IA,West Bancorporation (West Des Moines (IA) - US)
West Bromwich Building Society,West Bromwich - UK,West Bromwich Building Society (West Bromwich - GB)
West Coast Bancorp,Lake Oswego (OR,West Coast Bancorp (Lake Oswego (OR) - US)
West Suburban Bancorp,Lombard (IL,West Suburban Bancorp (Lombard (IL) - US)
West Texas National Bank,MIdland (TX,West Texas National Bank (MIdland (TX) - US)
Westamerica Bancorp,San Rafael (CA,Westamerica Bancorp (San Rafael (CA) - US)
Westbank Corporation,West Springfield (MA,Westbank Corporation (West Springfield (MA) - US)
Westbrand,Minot (ND,Westbrand (Minot (ND) - US)
Westcorp,Irvine (CA,Westcorp (Irvine (CA) - US)
Westdeutsche Genossenschafts-Zentralbank,Düsseldorf - Germany,Westdeutsche Genossenschafts-Zentralbank (Düsseldorf - Germany)
Western Alliance Bancorporation,Las Vegas (NV,Western Alliance Bancorporation (Las Vegas (NV) - US)
Western Bancorp,Laguna Niguel - US,Western Bancorp (Laguna Niguel - US)
Western Bank,Ho Chi Minh - Vietnam,Western Bank (Ho Chi Minh - Vietnam)
Western Sierra Bancorp,Cameron Park (CA,Western Sierra Bancorp (Cameron Park (CA) - US)
Westfalenbank,Bochum - Germany,Westfalenbank (Bochum - Germany)
Westfield Bank,Westfield - US,Westfield Bank (Westfield - US)
Westland Utrecht Hypo,Amsterdam - Netherlands,Westland Utrecht Hypo (Amsterdam - Netherlands)
Westpac Banking Corporation,Sydney - Australia,Westpac Banking Corporation (Sydney - Australia)
Westpac Europe,London - UK,Westpac Europe (London - GB)
Westpac Fiji,Suva - Fiji,Westpac Fiji (Suva - Fiji Islands)
Westpac New Zealand,Auckland - New Zealand,Westpac New Zealand (Auckland - New Zealand)
Westrust Bank International,Nassau - Bahamas,Westrust Bank International (Nassau - Bahamas)
WestStar Bank,El Paso - US,WestStar Bank (El Paso - US)
WGZ BANK Ireland,Dublin - Ireland,WGZ BANK Ireland (Dublin - Ireland)
Whitaker Bank Corporation of Kentucky,Lexington (KY,Whitaker Bank Corporation of Kentucky (Lexington (KY) - US)
Whitcorp Financial Company,Leoti (KS,Whitcorp Financial Company (Leoti (KS) - US)
Whitney Holding Corp,New Orleans (LA,Whitney Holding Corp (New Orleans (LA) - US)
Wilber Corporation,Oneonta (NY,Wilber Corporation (Oneonta (NY) - US)
Wilmington Trust Corp,Wilmington (DE,Wilmington Trust Corp (Wilmington (DE) - US)
Wilobank,Buenos Aires - Argentina,Wilobank (Buenos Aires - Argentina)
Wilshire Bancorp,Los Angeles (CA,Wilshire Bancorp (Los Angeles (CA) - US)
Wilson Bank Holding Company,Lebanon (TN,Wilson Bank Holding Company (Lebanon (TN) - US)
Wing Hang Bank China,Shenzhen - China,Wing Hang Bank China (Shenzhen - China)
Wintrust Financial Corp,Lake Forest (IL,Wintrust Financial Corp (Lake Forest (IL) - US)
WiZink Bank,Madrid - Spain,WiZink Bank (Madrid - Spain)
WNB Bancshares,Odessa (TX,WNB Bancshares (Odessa (TX) - US)
Woodforest Financial Group,The Woodlands (TX,Woodforest Financial Group (The Woodlands (TX) - US)
Woodtrust Financial Corp,Wisconsin Rapids (WI,Woodtrust Financial Corp (Wisconsin Rapids (WI) - US)
Woolwich,Bexleyheath - UK,Woolwich (Bexleyheath - GB)
Woori America Bank,New York (NY,Woori America Bank (New York (NY) - US)
Woori Bank China,Beijing - China,Woori Bank China (Beijing - China)
Woori Financial Group,Seoul - South Korea,Woori Financial Group (Seoul - South Korea)
Workers United,New York (NY,Workers United (New York (NY) - US)
World Islamic Bank For Investment And Finance,Baghdad - Iraq,World Islamic Bank For Investment And Finance (Baghdad - Iraq)
WSFS Financial Corporation,Wilmington (DE,WSFS Financial Corporation (Wilmington (DE) - US)
WTB Financial Corp,Spokane (WA,WTB Financial Corp (Spokane (WA) - US)
Wuhai Bank,Wuhai - China,Wuhai Bank (Wuhai - China)
Wuhan Rural Commercial Bank,Wuhan - China,Wuhan Rural Commercial Bank (Wuhan - China)
Wuhu Yangzi Rural Commercial Bank,Wuzhou - China,Wuhu Yangzi Rural Commercial Bank (Wuzhou - China)
Wustenrot & Wurttemburgische,Stuttgart - Germany,Wustenrot & Wurttemburgische (Stuttgart - Germany)
Wustenrot Stavebna Sporitelna,Bratislava - Slovakia,Wustenrot Stavebna Sporitelna (Bratislava - Slovakia)
Wuxi Rural Commercial Bank,Jiangsu - China,Wuxi Rural Commercial Bank (Jiangsu - China)
Wyelands Bank,London - UK,Wyelands Bank (London - GB)
XacBank,Ulaanbataar - Mongolia,XacBank (Ulaanbataar - Mongolia)
Xalq Bank,Tashkent - Uzbekistan,Xalq Bank (Tashkent - Uzbekistan)
Xenith Bank,Richmond (VA,Xenith Bank (Richmond (VA) - US)
Xiamen Bank,Xiamen - China,Xiamen Bank (Xiamen - China)
Xiamen International Bank,Xiamen - China,Xiamen International Bank (Xiamen - China)
Xiamen Rural Commercial Bank,Xiamen - China,Xiamen Rural Commercial Bank (Xiamen - China)
Xiangtan City Commercial Bank,Xiangtan - China,Xiangtan City Commercial Bank (Xiangtan - China)
Xianyang City Commercial Bank,Xianyang - China,Xianyang City Commercial Bank (Xianyang - China)
Xinja Bank,Sydney - Australia,Xinja Bank (Sydney - Australia)
Xizhou Rural Commercial Bank,Xi Zhou - China,Xizhou Rural Commercial Bank (Xi Zhou - China)
XW Bank,Chengdu - China,XW Bank (Chengdu - China)






























Yachiyo Bank,Tokyo - Japan,Yachiyo Bank (Tokyo - Japan)
Yadkin Valley Financial Corporation,Elkin - US,Yadkin Valley Financial Corporation (Elkin - US)
Yamagata Bank,Tokyo - Japan,Yamagata Bank (Tokyo - Japan)
Yamagata Shiawase Bank,Yamagata (Yamagata,Yamagata Shiawase Bank (Yamagata (Yamagata) - Japan)
Yamaguchi Bank,Shimonoseki - Japan,Yamaguchi Bank (Shimonoseki - Japan)
Yamaguchi Financial Group,Shimonoseki - Japan,Yamaguchi Financial Group (Shimonoseki - Japan)
Yamaichi Bank,London - UK,Yamaichi Bank (London - GB)
Yamanashi Chuo Bank,Kofu - Japan,Yamanashi Chuo Bank (Kofu - Japan)
Yantai Bank,Yantai - China,Yantai Bank (Yantai - China)
Yapi Kredi Bank Azerbajian,Baku - Azerbaijan,Yapi Kredi Bank Azerbajian (Baku - Azerbaijan)
Yapi Kredi Bank Germany,Frankfurt - Germany,Yapi Kredi Bank Germany (Frankfurt - Germany)
Yapi Kredi Bank Russia,Moscow - Russia,Yapi Kredi Bank Russia (Moscow - Russia)
Yapi Kredi Bankasi,Istanbul - Turkey,Yapi Kredi Bankasi (Istanbul - Turkey)
Yapi ve Kredi,Istanbul - Turkey,Yapi ve Kredi (Istanbul - Turkey)
Yardville National Bancorp,Hamilton (OH,Yardville National Bancorp (Hamilton (OH) - US)
Yellow River Rural Commercial Bank,Anshan - China,Yellow River Rural Commercial Bank (Anshan - China)
Yelo Bank,Baku - Azerbaijan,Yelo Bank (Baku - Azerbaijan)
Yemen Bank for Reconstruction & Development,Sana`a - Yemen,Yemen Bank for Reconstruction & Development (Sana`a - Yemen)
Yemen Commercial Bank,Sana`a - Yemen,Yemen Commercial Bank (Sana`a - Yemen)
Yemen Kuwait Bank for Trade and Investment,Sana`a - Yemen,Yemen Kuwait Bank for Trade and Investment (Sana`a - Yemen)
Yes Bank,Mumbai - India,Yes Bank (Mumbai - India)
Yichang City Commercial Bank,Yichang - China,Yichang City Commercial Bank (Yichang - China)
Yien Yieh Commercial Bank,Hong Kong - Hong Kong,Yien Yieh Commercial Bank (Hong Kong - Hong Kong S.A.R.)
Yinchuan City Commercial Bank,Yinchuan - China,Yinchuan City Commercial Bank (Yinchuan - China)
YooMoney,Moscow - Russia,YooMoney (Moscow - Russia)
Yorkshire Bank,Leeds - UK,Yorkshire Bank (Leeds - GB)
Yorkshire Building Society,Bradford - UK,Yorkshire Building Society (Bradford - GB)
Yuanta Commercial Bank,Taipei - Taiwan,Yuanta Commercial Bank (Taipei - Taiwan)






























ZA Bank,Hong Kong - Hong Kong,ZA Bank (Hong Kong - Hong Kong S.A.R.)
Zagrebacka Banka,Zagreb - Croatia,Zagrebacka Banka (Zagreb - Croatia)
Zain Iraq Islamic Bank,Baghdad - Iraq,Zain Iraq Islamic Bank (Baghdad - Iraq)
Zakhidinkombank,Lutsk - Ukraine,Zakhidinkombank (Lutsk - Ukraine)
Zaman Bank,Ekibastuz - Kazakhstan,Zaman Bank (Ekibastuz - Kazakhstan)
Zaminbank,Baku - Azerbaijan,Zaminbank (Baku - Azerbaijan)
Zamzam Bank,Addis Ababa - Ethiopia,Zamzam Bank (Addis Ababa - Ethiopia)
Zanaco,Lusaka - Zambia,Zanaco (Lusaka - Zambia)
ZAO Citibank,Moscow - Russia,ZAO Citibank (Moscow - Russia)
Zapsibcombank,Tyumen - Russia,Zapsibcombank (Tyumen - Russia)
Zarai Taraqiati Bank,Islamabad - Pakistan,Zarai Taraqiati Bank (Islamabad - Pakistan)
ZB Financial Holdings,Harare - Zimbabwe,ZB Financial Holdings (Harare - Zimbabwe)
Zemelniy Bank,Kharkiv - Ukraine,Zemelniy Bank (Kharkiv - Ukraine)
Zemen Bank,Addis Ababa - Ethiopia,Zemen Bank (Addis Ababa - Ethiopia)
Zenit Banking Group,Moscow - Russia,Zenit Banking Group (Moscow - Russia)
Zenith Bank,Lagos - Nigeria,Zenith Bank (Lagos - Nigeria)
Zenith Bank Gambia,Serrekunda - Gambia,Zenith Bank Gambia (Serrekunda - Gambia The)
Zenith Bank Ghana,Accra - Ghana,Zenith Bank Ghana (Accra - Ghana)
Zenith Bank Sierra Leone,Freetown - Sierra Leone,Zenith Bank Sierra Leone (Freetown - Sierra Leone)
Zenith Bank UK,London - UK,Zenith Bank UK (London - GB)
Zhejiang Chouzhou Commercial Bank,Chouzhou - China,Zhejiang Chouzhou Commercial Bank (Chouzhou - China)
Zhejiang Mintai Commercial Bank,Zhejiang - China,Zhejiang Mintai Commercial Bank (Zhejiang - China)
Zhejiang Shaoxing Ruifeng Rural Commercial Bank,Shaoxing - China,Zhejiang Shaoxing Ruifeng Rural Commercial Bank (Shaoxing - China)
Zhejiang Tailong Commercial Bank,Taizhou - China,Zhejiang Tailong Commercial Bank (Taizhou - China)
Zhejiang Xiaoshan Rural Commercial Bank,Hangzhou - China,Zhejiang Xiaoshan Rural Commercial Bank (Hangzhou - China)
Zhengde City Commercial Bank,Zhengde - China,Zhengde City Commercial Bank (Zhengde - China)
Zhongyuan Bank,Zhengzhou - China,Zhongyuan Bank (Zhengzhou - China)
Zhuhai Rural Commercial Bank,Zhuhai - China,Zhuhai Rural Commercial Bank (Zhuhai - China)
Zhunyi City Commercial Bank,Zhunyi - China,Zhunyi City Commercial Bank (Zhunyi - China)
Zhuzhou City Commercial Bank,Zhuzhou - China,Zhuzhou City Commercial Bank (Zhuzhou - China)
Zibo City Commercial Bank,Zibo - China,Zibo City Commercial Bank (Zibo - China)
Zigong City Commercial Bank,Zigong - China,Zigong City Commercial Bank (Zigong - China)
Zions Bancorporation,Salt Lake City (UT,Zions Bancorporation (Salt Lake City (UT) - US)
Ziraat Bank International AG,Frankfurt am Main - Germany,Ziraat Bank International AG (Frankfurt am Main - Germany)
Ziraat Bank Moscow,Moscow - Russia,Ziraat Bank Moscow (Moscow - Russia)
Ziraat Bank Uzbekistan,Tashkent - Uzbekistan,Ziraat Bank Uzbekistan (Tashkent - Uzbekistan)
Zivnostenska banka,Prague - Czech Republic,Zivnostenska banka (Prague - Czech Republic)
Zoloti Vorota Bank,Kharkiv - Ukraine,Zoloti Vorota Bank (Kharkiv - Ukraine)
Zoloto Platina Bank,Ekaterinburg - Russia,Zoloto Platina Bank (Ekaterinburg - Russia)
Zoos Bank,Ulaanbataar - Mongolia,Zoos Bank (Ulaanbataar - Mongolia)
Zopa Bank,London - UK,Zopa Bank (London - GB)
Zuger Kantonalbank,Zug - Switzerland,Zuger Kantonalbank (Zug - Switzerland)
Zurcher Kantonalbank,Zurich - Switzerland,Zurcher Kantonalbank (Zurich - Switzerland)












